{
  "type": "FeatureCollection",
  "name": "sapporo-cyclingroad-corrected",
  "crs": {
    "type": "name",
    "properties": {
      "name": "urn:ogc:def:crs:OGC:1.3:CRS84"
    }
  },
  "features": [
    {
      "type": "Feature",
      "properties": {
        "fid": 1,
        "name": "真駒内茨戸東雁来自転車道路（手稲区）",
        "ward": "手稲区",
        "road_type": "exclusive",
        "source": "sapporo_map_2024",
        "large_scale": true
      },
      "geometry": {
        "type": "MultiLineString",
        "coordinates": [
          [
            [
              141.352272,
              43.162772
            ],
            [
              141.351795,
              43.162432
            ],
            [
              141.351666,
              43.162342
            ],
            [
              141.351339,
              43.162048
            ],
            [
              141.348539,
              43.159509
            ],
            [
              141.34841,
              43.159298
            ],
            [
              141.348228,
              43.159172
            ],
            [
              141.348024,
              43.159149
            ],
            [
              141.347648,
              43.158929
            ],
            [
              141.347503,
              43.158844
            ],
            [
              141.34657,
              43.158562
            ],
            [
              141.344451,
              43.157705
            ],
            [
              141.344199,
              43.157568
            ],
            [
              141.3438,
              43.157321
            ],
            [
              141.34315725475463,
              43.15677962223972
            ],
            [
              141.34207795263222,
              43.15568839451526
            ],
            [
              141.34105545588463,
              43.154921760852496
            ],
            [
              141.33980573763762,
              43.154445199944384
            ],
            [
              141.33761873070532,
              43.153381557847474
            ],
            [
              141.33526130764844,
              43.151813688014286
            ],
            [
              141.3332163141533,
              43.15035629276016
            ],
            [
              141.33247784428005,
              43.150010933341235
            ],
            [
              141.33127546384543,
              43.149195877375476
            ],
            [
              141.32996894022355,
              43.148670920321074
            ],
            [
              141.32872868953902,
              43.14846369919006
            ],
            [
              141.3277345954789,
              43.1483600883611
            ],
            [
              141.32661742310654,
              43.148332458777055
            ],
            [
              141.32622925304497,
              43.14823575513453
            ],
            [
              141.32598309642054,
              43.14746902798211
            ],
            [
              141.32559492635897,
              43.147496657956445
            ],
            [
              141.32537717242198,
              43.14753119540681
            ],
            [
              141.32534876973455,
              43.147655530066515
            ],
            [
              141.32555705610906,
              43.14830482918052
            ],
            [
              141.32477124842345,
              43.148249569949975
            ],
            [
              141.32284933324053,
              43.14792492096162
            ],
            [
              141.32006586987214,
              43.14745521299026
            ],
            [
              141.31877828137524,
              43.147234172695995
            ],
            [
              141.3168090283799,
              43.14681971998984
            ],
            [
              141.316553,
              43.146384
            ],
            [
              141.316408,
              43.146001
            ],
            [
              141.316338,
              43.14576
            ],
            [
              141.3163,
              43.145576
            ],
            [
              141.316281,
              43.14541
            ],
            [
              141.31627,
              43.145212
            ],
            [
              141.316245,
              43.145005
            ],
            [
              141.316203,
              43.144799
            ],
            [
              141.316021,
              43.144103
            ],
            [
              141.316004,
              43.143997
            ],
            [
              141.313817278637,
              43.1442914976304
            ],
            [
              141.31048469664495,
              43.144692151861605
            ],
            [
              141.30960421333455,
              43.14480267670467
            ],
            [
              141.30921604327298,
              43.14498918692422
            ],
            [
              141.30500297797053,
              43.14272339461394
            ],
            [
              141.30349763553662,
              43.14179080326225
            ],
            [
              141.30270236028855,
              43.141058536378914
            ],
            [
              141.30193548772786,
              43.14071312442747
            ],
            [
              141.30102660173003,
              43.140229544417096
            ],
            [
              141.30049641823126,
              43.14006374467591
            ],
            [
              141.30002304010742,
              43.14004992801053
            ],
            [
              141.29842302204872,
              43.14016736956684
            ],
            [
              141.29812952761193,
              43.140084469668146
            ],
            [
              141.29782656561264,
              43.139925577881485
            ],
            [
              141.2975141360509,
              43.139801227499554
            ],
            [
              141.2961318719292,
              43.13904130300366
            ],
            [
              141.2955354154931,
              43.138723513595636
            ],
            [
              141.29411528112146,
              43.1382261007716
            ],
            [
              141.29294130337428,
              43.13785994707942
            ],
            [
              141.29137915556547,
              43.13736252723035
            ],
            [
              141.29008209950607,
              43.136927281543095
            ],
            [
              141.28967499431954,
              43.13683055985854
            ],
            [
              141.2892016161957,
              43.13651275896069
            ],
            [
              141.28908800544593,
              43.13642985410701
            ],
            [
              141.288803,
              43.136625
            ],
            [
              141.288335,
              43.136969
            ],
            [
              141.288048,
              43.137175
            ],
            [
              141.287945,
              43.137248
            ],
            [
              141.287836,
              43.137326
            ],
            [
              141.287197,
              43.137783
            ],
            [
              141.286738,
              43.138111
            ],
            [
              141.28666,
              43.138166
            ],
            [
              141.286357,
              43.138383
            ],
            [
              141.286281,
              43.138437
            ],
            [
              141.286204,
              43.138491
            ],
            [
              141.285879,
              43.138718
            ],
            [
              141.285584,
              43.138923
            ],
            [
              141.284966,
              43.139372
            ],
            [
              141.28467,
              43.139587
            ],
            [
              141.283821,
              43.140203
            ],
            [
              141.283783,
              43.140231
            ],
            [
              141.283476,
              43.140454
            ],
            [
              141.283147,
              43.140692
            ],
            [
              141.282993,
              43.140804
            ],
            [
              141.282854,
              43.140904
            ],
            [
              141.282183,
              43.141385
            ],
            [
              141.282065,
              43.141469
            ],
            [
              141.281353,
              43.14198
            ],
            [
              141.280626,
              43.142501
            ],
            [
              141.280526,
              43.142573
            ],
            [
              141.279817,
              43.143085
            ],
            [
              141.279716,
              43.143158
            ],
            [
              141.279693,
              43.143175
            ],
            [
              141.279344,
              43.14343
            ],
            [
              141.278885,
              43.143752
            ],
            [
              141.278301,
              43.144174
            ],
            [
              141.278158,
              43.144274
            ],
            [
              141.278025,
              43.144367
            ],
            [
              141.277906,
              43.144279
            ],
            [
              141.27629,
              43.143078
            ],
            [
              141.27584,
              43.142743
            ],
            [
              141.275604,
              43.142567
            ],
            [
              141.273252,
              43.140819
            ],
            [
              141.273163,
              43.140752
            ],
            [
              141.273069,
              43.140682
            ],
            [
              141.270386,
              43.138654
            ],
            [
              141.269983,
              43.13835
            ],
            [
              141.268436,
              43.13718
            ],
            [
              141.268348,
              43.137114
            ],
            [
              141.268264,
              43.137052
            ],
            [
              141.267075,
              43.13619
            ],
            [
              141.266723,
              43.135926
            ],
            [
              141.266381,
              43.13567
            ],
            [
              141.265951,
              43.135348
            ],
            [
              141.265898,
              43.135308
            ],
            [
              141.26575,
              43.135197
            ],
            [
              141.26524,
              43.134803
            ],
            [
              141.264876,
              43.134531
            ],
            [
              141.264473,
              43.134226
            ],
            [
              141.264134,
              43.133968
            ],
            [
              141.26404,
              43.133897
            ],
            [
              141.263935,
              43.133798
            ],
            [
              141.263844,
              43.133706
            ],
            [
              141.263813,
              43.133677
            ],
            [
              141.263017,
              43.132916
            ],
            [
              141.262974,
              43.132875
            ],
            [
              141.26308534510167,
              43.13283547519413
            ],
            [
              141.26347114827269,
              43.13258329075128
            ],
            [
              141.2638924548029,
              43.13230692304433
            ],
            [
              141.2643421640206,
              43.13198564401521
            ],
            [
              141.26488181508182,
              43.13159181580613
            ],
            [
              141.26521791354975,
              43.13133962623507
            ],
            [
              141.26548300529913,
              43.13113925569756
            ],
            [
              141.26565815520496,
              43.13090779236296
            ],
            [
              141.26572916192353,
              43.1307626954976
            ],
            [
              141.26576229839222,
              43.13058650598403
            ],
            [
              141.2657480970485,
              43.130365404699866
            ],
            [
              141.26574390927928,
              43.130002155470585
            ],
            [
              141.26571650956174,
              43.12933027159362
            ],
            [
              141.26572198950527,
              43.128846350657646
            ],
            [
              141.2664508219916,
              43.12885434938192
            ],
            [
              141.2664453420481,
              43.12919829353624
            ],
            [
              141.2664289022176,
              43.13007414259107
            ],
            [
              141.26648370165265,
              43.130158127457904
            ],
            [
              141.2666042604098,
              43.130190121662544
            ],
            [
              141.26672481916694,
              43.1301621267344
            ],
            [
              141.26691113724615,
              43.13003814904142
            ],
            [
              141.26785916747278,
              43.12935826690252
            ],
            [
              141.26919627368838,
              43.12839842042882
            ],
            [
              141.26943191125918,
              43.12818645230212
            ],
            [
              141.26987578668317,
              43.12793048981159
            ],
            [
              141.27027034261565,
              43.1276265329629
            ],
            [
              141.27059913922605,
              43.127362569211016
            ],
            [
              141.27116905335072,
              43.12695862247626
            ],
            [
              141.2716512883793,
              43.126614665728106
            ],
            [
              141.2720677640858,
              43.12631470186895
            ],
            [
              141.272686997702,
              43.12587075265793
            ],
            [
              141.27341583018838,
              43.12532681049374
            ],
            [
              141.27387614544296,
              43.125010841868765
            ],
            [
              141.27489541493514,
              43.12432690419228
            ],
            [
              141.27531737058513,
              43.124006930724036
            ],
            [
              141.27585988499226,
              43.12363495946359
            ],
            [
              141.27649555843902,
              43.1231709921409
            ],
            [
              141.2774326287786,
              43.12249503345087
            ],
            [
              141.278205300813,
              43.1219270623869
            ],
            [
              141.27898893273445,
              43.12135908605012
            ],
            [
              141.27973968499484,
              43.120835103204335
            ],
            [
              141.28039179827212,
              43.12034311522615
            ],
            [
              141.28086855335715,
              43.119995121340615
            ],
            [
              141.2814768270864,
              43.11954312632751
            ],
            [
              141.28306601070327,
              43.11839512398352
            ],
            [
              141.28497851098703,
              43.117019092793505
            ],
            [
              141.2854771858461,
              43.116647079047645
            ],
            [
              141.2864142561857,
              43.11595104725536
            ],
            [
              141.287521204774,
              43.11517500247453
            ],
            [
              141.28880899149803,
              43.114242935683315
            ],
            [
              141.2891377881084,
              43.11399891585241
            ],
            [
              141.28925834686555,
              43.1138229009441
            ],
            [
              141.28952138415386,
              43.113626883745866
            ],
            [
              141.28958714347596,
              43.11366288695179
            ],
            [
              141.29120372681038,
              43.1125627794288
            ],
            [
              141.2919763988448,
              43.111982714772445
            ],
            [
              141.29143936438118,
              43.11262278580359
            ],
            [
              141.29276003076623,
              43.11165867626066
            ],
            [
              141.2945190926318,
              43.11033050048265
            ],
            [
              141.2946780109935,
              43.11029049474098
            ],
            [
              141.2951712059091,
              43.10988243468236
            ],
            [
              141.29547808274543,
              43.10973441222397
            ],
            [
              141.2956972804857,
              43.109498375671414
            ],
            [
              141.2959657977175,
              43.109334349734425
            ],
            [
              141.29609183641819,
              43.109238334347836
            ],
            [
              141.29631651410193,
              43.109026299835556
            ],
            [
              141.29651379206814,
              43.10893828529397
            ],
            [
              141.29694670760517,
              43.108614230663726
            ],
            [
              141.29723166466752,
              43.10844220096535
            ],
            [
              141.29705630647533,
              43.108314178550444
            ],
            [
              141.29734126353765,
              43.10811014227326
            ],
            [
              141.29753854150385,
              43.107802086213205
            ],
            [
              141.29765910026103,
              43.10722197643692
            ],
            [
              141.29761526071297,
              43.10696592623511
            ],
            [
              141.29781801862268,
              43.106837900732565
            ],
            [
              141.2981522951766,
              43.10636180354563
            ],
            [
              141.29826737399023,
              43.1060897463477
            ],
            [
              141.29821257455515,
              43.105889703519004
            ],
            [
              141.29843725223893,
              43.105533625666524
            ],
            [
              141.298524931335,
              43.10527756840247
            ],
            [
              141.29844273218242,
              43.10511353115484
            ]
          ]
        ]
      }
    },
    {
      "type": "Feature",
      "properties": {
        "fid": 2,
        "name": "真駒内茨戸東雁来自転車道路（西区）",
        "ward": "西区",
        "road_type": "exclusive",
        "source": "sapporo_map_2024",
        "large_scale": true
      },
      "geometry": {
        "type": "MultiLineString",
        "coordinates": [
          [
            [
              141.28331671811864,
              43.071539663331244
            ],
            [
              141.28329205837284,
              43.07125744360786
            ],
            [
              141.28327561854232,
              43.071199398255416
            ],
            [
              141.28323999890952,
              43.07105528541853
            ],
            [
              141.28322081910724,
              43.07101925715635
            ],
            [
              141.28311396020888,
              43.07088515177215
            ],
            [
              141.282951,
              43.07071
            ],
            [
              141.282944,
              43.070703
            ],
            [
              141.282739,
              43.070519
            ],
            [
              141.282578,
              43.070413
            ],
            [
              141.282365,
              43.070246
            ],
            [
              141.282062,
              43.070024
            ],
            [
              141.281885,
              43.069862
            ],
            [
              141.281768,
              43.069742
            ],
            [
              141.281694,
              43.069616
            ],
            [
              141.281599,
              43.069455
            ],
            [
              141.281521,
              43.069273
            ],
            [
              141.281436,
              43.069047
            ],
            [
              141.281277,
              43.06878
            ],
            [
              141.280995,
              43.068432
            ],
            [
              141.280796,
              43.068293
            ],
            [
              141.280584,
              43.0682
            ],
            [
              141.280441,
              43.068086
            ],
            [
              141.280277,
              43.067755
            ],
            [
              141.280181,
              43.067559
            ],
            [
              141.280129,
              43.067445
            ],
            [
              141.280076,
              43.067345
            ],
            [
              141.279964,
              43.067188
            ],
            [
              141.279932,
              43.067111
            ],
            [
              141.279928,
              43.067053
            ],
            [
              141.279944,
              43.066995
            ],
            [
              141.279987,
              43.066885
            ],
            [
              141.280004,
              43.066814
            ],
            [
              141.280008,
              43.066733
            ],
            [
              141.279999,
              43.066667
            ],
            [
              141.279976,
              43.066601
            ],
            [
              141.279931,
              43.066534
            ],
            [
              141.279871,
              43.066477
            ],
            [
              141.279737,
              43.066343
            ],
            [
              141.279608,
              43.066169
            ],
            [
              141.279534,
              43.066013
            ],
            [
              141.279509,
              43.065945
            ],
            [
              141.279478,
              43.065859
            ],
            [
              141.27944,
              43.065785
            ],
            [
              141.279361,
              43.065624
            ],
            [
              141.279291,
              43.065463
            ],
            [
              141.279247,
              43.065357
            ],
            [
              141.279208,
              43.065242
            ],
            [
              141.279159,
              43.065118
            ],
            [
              141.279114,
              43.065014
            ],
            [
              141.279062,
              43.064897
            ],
            [
              141.279023,
              43.064803
            ],
            [
              141.278973,
              43.064667
            ],
            [
              141.278924,
              43.0645
            ],
            [
              141.278879,
              43.064364
            ],
            [
              141.278848,
              43.064262
            ],
            [
              141.278783,
              43.064068
            ],
            [
              141.278715,
              43.063878
            ],
            [
              141.27866,
              43.06371
            ],
            [
              141.278545,
              43.063434
            ],
            [
              141.278502,
              43.063338
            ],
            [
              141.278429,
              43.063203
            ],
            [
              141.278312,
              43.062963
            ],
            [
              141.278176,
              43.06263
            ],
            [
              141.27811,
              43.062531
            ],
            [
              141.278058,
              43.062447
            ],
            [
              141.27802,
              43.06235
            ],
            [
              141.277881,
              43.062036
            ],
            [
              141.277858,
              43.061978
            ],
            [
              141.277819,
              43.061925
            ],
            [
              141.277753,
              43.061866
            ],
            [
              141.277649,
              43.061802
            ],
            [
              141.277301,
              43.061628
            ],
            [
              141.276948,
              43.061386
            ],
            [
              141.276661,
              43.061299
            ],
            [
              141.276267,
              43.061078
            ],
            [
              141.276246,
              43.061066
            ],
            [
              141.276,
              43.060953
            ],
            [
              141.27571,
              43.060849
            ],
            [
              141.275597,
              43.060829
            ],
            [
              141.275353,
              43.060762
            ],
            [
              141.275242,
              43.060731
            ],
            [
              141.274964,
              43.060651
            ],
            [
              141.274555,
              43.060525
            ],
            [
              141.27432,
              43.060462
            ],
            [
              141.274156,
              43.060443
            ],
            [
              141.274011,
              43.060439
            ],
            [
              141.273834,
              43.060436
            ],
            [
              141.273633,
              43.060445
            ],
            [
              141.273434,
              43.06049
            ],
            [
              141.273236,
              43.060541
            ],
            [
              141.273006,
              43.060612
            ],
            [
              141.272842,
              43.060668
            ],
            [
              141.272686,
              43.06071
            ],
            [
              141.272491,
              43.060753
            ],
            [
              141.272296,
              43.060791
            ],
            [
              141.272156,
              43.060815
            ],
            [
              141.27191,
              43.060827
            ],
            [
              141.271677,
              43.060822
            ],
            [
              141.271442,
              43.060803
            ],
            [
              141.271086,
              43.060729
            ],
            [
              141.270749,
              43.060641
            ],
            [
              141.270172,
              43.060489
            ],
            [
              141.269864,
              43.060409
            ],
            [
              141.269701,
              43.060385
            ],
            [
              141.269536,
              43.060369
            ],
            [
              141.26904,
              43.060346
            ],
            [
              141.268547,
              43.060339
            ],
            [
              141.268382,
              43.060349
            ],
            [
              141.268211,
              43.060367
            ],
            [
              141.267884,
              43.06042
            ],
            [
              141.267403,
              43.060544
            ],
            [
              141.267053,
              43.060673
            ],
            [
              141.26622,
              43.060992
            ],
            [
              141.26544,
              43.061301
            ],
            [
              141.265305,
              43.061354
            ],
            [
              141.265101,
              43.061435
            ],
            [
              141.264806,
              43.061548
            ],
            [
              141.264596,
              43.061617
            ],
            [
              141.264374,
              43.061672
            ],
            [
              141.264209,
              43.061696
            ],
            [
              141.264031,
              43.061714
            ],
            [
              141.26298,
              43.06187
            ],
            [
              141.262911,
              43.061818
            ],
            [
              141.262859,
              43.061792
            ],
            [
              141.262797,
              43.061771
            ],
            [
              141.262041,
              43.061675
            ],
            [
              141.261132,
              43.061563
            ],
            [
              141.260616,
              43.061506
            ],
            [
              141.260128,
              43.061465
            ],
            [
              141.259375,
              43.061438
            ],
            [
              141.258808,
              43.061406
            ],
            [
              141.258654,
              43.061391
            ],
            [
              141.258468,
              43.061338
            ],
            [
              141.258158,
              43.061219
            ],
            [
              141.257626,
              43.060965
            ],
            [
              141.257413,
              43.060893
            ],
            [
              141.25685,
              43.060798
            ],
            [
              141.256365,
              43.06073
            ],
            [
              141.255868,
              43.060709
            ],
            [
              141.255355,
              43.06069
            ],
            [
              141.255074,
              43.060654
            ],
            [
              141.254875,
              43.060647
            ],
            [
              141.254536,
              43.060711
            ],
            [
              141.254362,
              43.060723
            ],
            [
              141.253968,
              43.060678
            ],
            [
              141.253447,
              43.060602
            ],
            [
              141.253163,
              43.060592
            ],
            [
              141.25177,
              43.060546
            ],
            [
              141.251555,
              43.060519
            ],
            [
              141.251367,
              43.060465
            ],
            [
              141.251016,
              43.060335
            ],
            [
              141.250698,
              43.060204
            ],
            [
              141.250312,
              43.059998
            ],
            [
              141.250056,
              43.059828
            ],
            [
              141.24986,
              43.059681
            ],
            [
              141.249709,
              43.059561
            ],
            [
              141.249458,
              43.059404
            ],
            [
              141.249081,
              43.059226
            ],
            [
              141.248739,
              43.059082
            ],
            [
              141.248392,
              43.058959
            ],
            [
              141.248252,
              43.058918
            ],
            [
              141.248009,
              43.058873
            ],
            [
              141.247668,
              43.058831
            ],
            [
              141.246723,
              43.058746
            ],
            [
              141.246135,
              43.058713
            ],
            [
              141.24514,
              43.058607
            ],
            [
              141.244242,
              43.058467
            ],
            [
              141.243513,
              43.058309
            ],
            [
              141.242388,
              43.058029
            ],
            [
              141.23917851314525,
              43.05721687334465
            ],
            [
              141.2387291577777,
              43.05690055314719
            ],
            [
              141.23867435834265,
              43.05684049216588
            ],
            [
              141.23897027529202,
              43.056628276227435
            ],
            [
              141.23899219506603,
              43.056584231317984
            ],
            [
              141.23900315495302,
              43.056544190463754
            ],
            [
              141.238559,
              43.056234
            ],
            [
              141.237671,
              43.055654
            ],
            [
              141.23694269619457,
              43.05524284846849
            ]
          ]
        ]
      }
    },
    {
      "type": "Feature",
      "properties": {
        "fid": 3,
        "name": "真駒内茨戸東雁来自転車道路（東区）",
        "ward": "東区",
        "road_type": "exclusive",
        "source": "sapporo_map_2024",
        "large_scale": true
      },
      "geometry": {
        "type": "MultiLineString",
        "coordinates": [
          [
            [
              141.438501,
              43.155037
            ],
            [
              141.438726,
              43.154777
            ],
            [
              141.438693,
              43.154714
            ],
            [
              141.439842,
              43.153964
            ],
            [
              141.442443,
              43.152442
            ],
            [
              141.442752,
              43.152411
            ],
            [
              141.443584,
              43.152022
            ],
            [
              141.444331,
              43.15164
            ],
            [
              141.444511,
              43.151628
            ],
            [
              141.44465514587623,
              43.15176490727513
            ],
            [
              141.44373679231595,
              43.152952901392624
            ],
            [
              141.44360424644123,
              43.153222268940105
            ],
            [
              141.44372732475344,
              43.15337421934055
            ],
            [
              141.44386933819064,
              43.15345710121791
            ],
            [
              141.44402081919026,
              43.15345710121791
            ],
            [
              141.4442101704398,
              43.15338112616796
            ],
            [
              141.44437111900191,
              43.15324989631374
            ],
            [
              141.4460752802478,
              43.151758000265076
            ],
            [
              141.44698416624558,
              43.150763382666575
            ],
            [
              141.44722085530753,
              43.15053544718722
            ],
            [
              141.44765636318147,
              43.149934522303404
            ],
            [
              141.44806346836802,
              43.14943029341701
            ],
            [
              141.4482906898675,
              43.14909183607792
            ],
            [
              141.44913330292795,
              43.147592931047996
            ],
            [
              141.44947413517716,
              43.14686073366148
            ],
            [
              141.44978656473887,
              43.14598346675316
            ],
            [
              141.44980549986383,
              43.145513743863276
            ],
            [
              141.4499001754886,
              43.14474698256783
            ],
            [
              141.45005165648826,
              43.14428415803225
            ],
            [
              141.45029781311266,
              43.143669355842384
            ],
            [
              141.45084693173632,
              43.14215650165649
            ],
            [
              141.4512351017979,
              43.14104428817197
            ],
            [
              141.45165167454692,
              43.13988369600776
            ],
            [
              141.45191676629628,
              43.13913758941154
            ],
            [
              141.45235227417024,
              43.13776970367216
            ],
            [
              141.45272150910682,
              43.13642251356524
            ],
            [
              141.453018,
              43.135049
            ],
            [
              141.453326,
              43.133378
            ],
            [
              141.453343,
              43.133278
            ],
            [
              141.45336,
              43.133084
            ],
            [
              141.453609,
              43.130604
            ],
            [
              141.453661,
              43.129107
            ],
            [
              141.453558,
              43.128336
            ],
            [
              141.453472,
              43.127246
            ],
            [
              141.453378,
              43.127021
            ],
            [
              141.45336,
              43.126375
            ],
            [
              141.453103,
              43.124772
            ],
            [
              141.452493,
              43.122015
            ],
            [
              141.451815,
              43.120017
            ],
            [
              141.4508709632473,
              43.117678828096146
            ],
            [
              141.449987,
              43.115449
            ],
            [
              141.449536,
              43.114335
            ],
            [
              141.44860535984293,
              43.1120506853779
            ],
            [
              141.447627,
              43.109616
            ],
            [
              141.44688,
              43.107926
            ],
            [
              141.445936,
              43.106213
            ],
            [
              141.445892,
              43.106136
            ],
            [
              141.445653,
              43.105718
            ],
            [
              141.445052,
              43.10476
            ],
            [
              141.44431,
              43.103682
            ],
            [
              141.444018,
              43.103256
            ],
            [
              141.443715,
              43.102808
            ],
            [
              141.443653,
              43.102717
            ],
            [
              141.443381,
              43.102436
            ],
            [
              141.442872,
              43.101839
            ],
            [
              141.442805,
              43.101592
            ],
            [
              141.4427574049017,
              43.10141474905112
            ],
            [
              141.4426835898866,
              43.101179011548595
            ],
            [
              141.44249502043613,
              43.10100328348264
            ],
            [
              141.4423387062864,
              43.10079313379306
            ],
            [
              141.4418226214746,
              43.10018442027685
            ],
            [
              141.44165886379398,
              43.10005579253908
            ],
            [
              141.44130653666284,
              43.09994346950481
            ],
            [
              141.44118247781384,
              43.09988911957553
            ],
            [
              141.44101623895622,
              43.09975686787946
            ],
            [
              141.44063165652437,
              43.09930757231248
            ],
            [
              141.44030662234002,
              43.09891805937466
            ],
            [
              141.44016767642916,
              43.09876044180725
            ],
            [
              141.43999647521755,
              43.098503180078524
            ],
            [
              141.43980790576708,
              43.098367301968686
            ],
            [
              141.4390213726645,
              43.097481369300546
            ],
            [
              141.43832664311023,
              43.09672043530385
            ],
            [
              141.43769175367424,
              43.09600337922939
            ],
            [
              141.4375757760339,
              43.0959843676289
            ],
            [
              141.4369390824573,
              43.095588579333054
            ],
            [
              141.43680890347323,
              43.09565252783359
            ]
          ]
        ]
      }
    },
    {
      "type": "Feature",
      "properties": {
        "fid": 4,
        "name": "澄川１号用水路自転車道路",
        "ward": "豊平区",
        "road_type": "exclusive",
        "source": "sapporo_map_2024"
      },
      "geometry": {
        "type": "MultiLineString",
        "coordinates": [
          [
            [
              141.36302966839494,
              43.02142608107791
            ],
            [
              141.36257522539603,
              43.02101077636535
            ],
            [
              141.3624142768339,
              43.020519328826495
            ],
            [
              141.3622012566782,
              43.020197463165715
            ],
            [
              141.362072,
              43.019837
            ],
            [
              141.36207344458472,
              43.019384139192475
            ],
            [
              141.36209237970968,
              43.01915571435156
            ],
            [
              141.36198823652242,
              43.01808279842621
            ],
            [
              141.36199297030367,
              43.01788551829621
            ],
            [
              141.36198350274117,
              43.01781975811203
            ],
            [
              141.3622533282718,
              43.01753941127358
            ],
            [
              141.3626414983334,
              43.0170998525428
            ],
            [
              141.3628639860516,
              43.01678835232464
            ],
            [
              141.36302493461372,
              43.016532228739266
            ],
            [
              141.36304860351993,
              43.01618611408883
            ],
            [
              141.36289712252028,
              43.01591614330722
            ],
            [
              141.36281191445798,
              43.01573270094505
            ],
            [
              141.36271250505195,
              43.015393504190435
            ],
            [
              141.36233380255288,
              43.01490547291971
            ],
            [
              141.361549,
              43.013939
            ],
            [
              141.361471,
              43.013808
            ],
            [
              141.361428,
              43.013733
            ],
            [
              141.361395,
              43.013692
            ],
            [
              141.361338,
              43.013636
            ],
            [
              141.361195,
              43.013505
            ],
            [
              141.361141,
              43.013448
            ],
            [
              141.361071,
              43.013391
            ],
            [
              141.36083,
              43.013171
            ],
            [
              141.36061,
              43.01297
            ],
            [
              141.360575,
              43.012928
            ],
            [
              141.360472,
              43.012753
            ],
            [
              141.360416,
              43.012658
            ],
            [
              141.360381,
              43.012568
            ],
            [
              141.360375,
              43.012533
            ],
            [
              141.3603598157763,
              43.01233718771478
            ],
            [
              141.36039295224498,
              43.01222642367279
            ],
            [
              141.36058230349454,
              43.01209835250022
            ],
            [
              141.36090893440002,
              43.01181797954147
            ],
            [
              141.36102254514972,
              43.011665677644686
            ],
            [
              141.3611882274931,
              43.01139222556403
            ],
            [
              141.36119296127433,
              43.01133684271589
            ],
            [
              141.36124029908672,
              43.01124684548115
            ],
            [
              141.36151012461733,
              43.01089031667825
            ],
            [
              141.36173261233554,
              43.01080724170843
            ]
          ]
        ]
      }
    },
    {
      "type": "Feature",
      "properties": {
        "fid": 5,
        "name": "北白石サイクリングロード",
        "ward": "白石区",
        "road_type": "exclusive",
        "source": "sapporo_map_2024"
      },
      "geometry": {
        "type": "MultiLineString",
        "coordinates": [
          [
            [
              141.41787437024144,
              43.067419255516555
            ],
            [
              141.41793117561633,
              43.0672774663982
            ],
            [
              141.41792644183508,
              43.06717371805504
            ],
            [
              141.4179785134287,
              43.06657889083146
            ],
            [
              141.41795957830374,
              43.066184641700296
            ],
            [
              141.41792821700298,
              43.06611504263202
            ],
            [
              141.41788324608126,
              43.066041552846826
            ],
            [
              141.41777969461668,
              43.06588030730354
            ],
            [
              141.41776845188622,
              43.06579168691816
            ],
            [
              141.41761697088657,
              43.06553922619115
            ],
            [
              141.41731637577794,
              43.06504294762168
            ],
            [
              141.41717317889547,
              43.06480950509332
            ],
            [
              141.4170820536066,
              43.06465647006455
            ],
            [
              141.41702879856769,
              43.0645483942491
            ],
            [
              141.41698974487247,
              43.064358180351135
            ],
            [
              141.41697909386465,
              43.06417315353867
            ],
            [
              141.41699329520836,
              43.06395094770342
            ],
            [
              141.41701933100518,
              43.06386102760344
            ],
            [
              141.41705365091914,
              43.06378667049806
            ],
            [
              141.41728323930923,
              43.0634313114583
            ],
            [
              141.4174217024105,
              43.063214290691
            ],
            [
              141.41757081651951,
              43.06298948749251
            ],
            [
              141.4176512908006,
              43.06280964434019
            ],
            [
              141.41787614540942,
              43.06245514427393
            ],
            [
              141.418178,
              43.062005
            ],
            [
              141.418958,
              43.0616
            ],
            [
              141.420589,
              43.060735
            ],
            [
              141.420688,
              43.060682
            ],
            [
              141.420745,
              43.060652
            ],
            [
              141.422522,
              43.059705
            ],
            [
              141.42263,
              43.059642
            ],
            [
              141.423317,
              43.059298
            ],
            [
              141.423763,
              43.058997
            ],
            [
              141.424095,
              43.058715
            ],
            [
              141.424349,
              43.058411
            ],
            [
              141.424619,
              43.057986
            ],
            [
              141.424856,
              43.057548
            ],
            [
              141.424883,
              43.057499
            ],
            [
              141.4257,
              43.055989
            ],
            [
              141.425738,
              43.05582
            ],
            [
              141.42550936765664,
              43.05565093969959
            ],
            [
              141.42526084414163,
              43.05556014269233
            ],
            [
              141.42526557792291,
              43.0552341370917
            ],
            [
              141.42532001640714,
              43.05498509185773
            ],
            [
              141.42548569875046,
              43.05459768615013
            ],
            [
              141.42554487101594,
              43.05445586737737
            ],
            [
              141.4256726831094,
              43.05423967959274
            ],
            [
              141.4257839269685,
              43.05397333519424
            ],
            [
              141.42593304107754,
              43.05362916117392
            ],
            [
              141.4262241686237,
              43.05331611679465
            ],
            [
              141.42656263398226,
              43.05306533423302
            ],
            [
              141.42729637007423,
              43.052655432251974
            ],
            [
              141.4274360166208,
              43.0525430113987
            ],
            [
              141.42792359608836,
              43.05214348331414
            ],
            [
              141.42822655808763,
              43.051790651153226
            ],
            [
              141.42831413304054,
              43.05161250473219
            ],
            [
              141.428255,
              43.051491
            ],
            [
              141.428223,
              43.051161
            ],
            [
              141.428357,
              43.050904
            ],
            [
              141.42853898764938,
              43.0504969158636
            ],
            [
              141.42889165435165,
              43.05008872633879
            ],
            [
              141.42904786913255,
              43.04979296019768
            ],
            [
              141.42946444188155,
              43.049270609494044
            ],
            [
              141.42974610186525,
              43.0489039235612
            ],
            [
              141.43007509966134,
              43.04848707509773
            ]
          ]
        ]
      }
    },
    {
      "type": "Feature",
      "properties": {
        "fid": 6,
        "name": "もみじ台自転車道路",
        "ward": "厚別区",
        "road_type": "exclusive",
        "source": "sapporo_map_2024"
      },
      "geometry": {
        "type": "MultiLineString",
        "coordinates": [
          [
            [
              141.47880411281326,
              43.04188748187059
            ],
            [
              141.4793301873899,
              43.04174330013001
            ],
            [
              141.4798343421925,
              43.04141488490044
            ],
            [
              141.48020697835096,
              43.041102488294555
            ],
            [
              141.48054673484836,
              43.04070197749859
            ],
            [
              141.48135776648732,
              43.04021335078702
            ],
            [
              141.48208111903017,
              43.039716709813895
            ],
            [
              141.4825085546237,
              43.03919603350948
            ],
            [
              141.48312915822578,
              43.03848510295879
            ],
            [
              141.483192,
              43.038393
            ],
            [
              141.483326,
              43.038093
            ],
            [
              141.483532,
              43.037434
            ],
            [
              141.48348,
              43.036814
            ],
            [
              141.484441,
              43.034382
            ],
            [
              141.484528,
              43.033953
            ],
            [
              141.484951,
              43.033159
            ],
            [
              141.48489,
              43.033058
            ],
            [
              141.484916,
              43.032913
            ],
            [
              141.485135,
              43.032345
            ],
            [
              141.485205,
              43.032118
            ],
            [
              141.485356,
              43.031558
            ],
            [
              141.485745,
              43.03099
            ],
            [
              141.486047,
              43.030549
            ],
            [
              141.486316,
              43.030257
            ],
            [
              141.486599,
              43.030032
            ],
            [
              141.486723,
              43.029926
            ],
            [
              141.486718,
              43.029683
            ],
            [
              141.486715,
              43.029382
            ],
            [
              141.48664,
              43.028081
            ],
            [
              141.486664,
              43.027058
            ],
            [
              141.486705,
              43.026982
            ],
            [
              141.486617,
              43.024654
            ],
            [
              141.48682127016338,
              43.02424773583447
            ],
            [
              141.48679387044584,
              43.023682859745165
            ],
            [
              141.48690346931596,
              43.023562672672604
            ],
            [
              141.48766518146337,
              43.02345049785925
            ],
            [
              141.48790081903414,
              43.02340242287651
            ],
            [
              141.48812001677442,
              43.02310996592034
            ],
            [
              141.488202215927,
              43.02297375261588
            ],
            [
              141.48886528909128,
              43.02296173378039
            ],
            [
              141.48903516734,
              43.0229176646968
            ],
            [
              141.4891173664926,
              43.02275741321706
            ],
            [
              141.48925436508026,
              43.02265324953092
            ],
            [
              141.48956672186014,
              43.02252504782843
            ]
          ]
        ]
      }
    },
    {
      "type": "Feature",
      "properties": {
        "fid": 7,
        "name": "伏古大通自転車道路",
        "ward": "東区",
        "road_type": "exclusive",
        "source": "sapporo_map_2024"
      },
      "geometry": {
        "type": "MultiLineString",
        "coordinates": [
          [
            [
              141.388397,
              43.092471
            ],
            [
              141.388735,
              43.091972
            ],
            [
              141.389019,
              43.091492
            ],
            [
              141.389181,
              43.090966
            ],
            [
              141.389098,
              43.09043
            ],
            [
              141.388896,
              43.089982
            ],
            [
              141.388594,
              43.089581
            ],
            [
              141.388209,
              43.089223
            ],
            [
              141.387881,
              43.088919
            ],
            [
              141.387549,
              43.088589
            ],
            [
              141.387236,
              43.088279
            ],
            [
              141.38691,
              43.087955
            ],
            [
              141.386538,
              43.087601
            ],
            [
              141.385819,
              43.08692
            ],
            [
              141.385492,
              43.086584
            ],
            [
              141.385457,
              43.086537
            ],
            [
              141.385147,
              43.086169
            ],
            [
              141.384848,
              43.085814
            ],
            [
              141.384535,
              43.085455
            ],
            [
              141.384248,
              43.085088
            ],
            [
              141.383984,
              43.084753
            ],
            [
              141.383715,
              43.084406
            ],
            [
              141.383387,
              43.083987
            ],
            [
              141.382981,
              43.083424
            ],
            [
              141.38279,
              43.08315
            ]
          ]
        ]
      }
    },
    {
      "type": "Feature",
      "properties": {
        "fid": 8,
        "name": "豊平川サイクリング園路",
        "ward": "豊平区",
        "road_type": "exclusive",
        "source": "sapporo_map_2024"
      },
      "geometry": {
        "type": "MultiLineString",
        "coordinates": [
          [
            [
              141.42077233194485,
              43.08458887585732
            ],
            [
              141.419248054386,
              43.08373145986583
            ],
            [
              141.4183581035131,
              43.08297775364005
            ],
            [
              141.4183107657007,
              43.082811798730035
            ],
            [
              141.41841490888797,
              43.08255595069637
            ],
            [
              141.41772377682713,
              43.08210648534728
            ],
            [
              141.41755336070253,
              43.08224478272897
            ],
            [
              141.41731667164058,
              43.08233467585967
            ],
            [
              141.41712732039102,
              43.082272442167856
            ],
            [
              141.41502552152104,
              43.080834134788056
            ],
            [
              141.41312254146308,
              43.079534097143075
            ],
            [
              141.41049055909434,
              43.0782202012843
            ],
            [
              141.40793431722545,
              43.07725896488957
            ],
            [
              141.40684081375932,
              43.07671264395916
            ],
            [
              141.40540174426275,
              43.07589315343084
            ],
            [
              141.40491889857643,
              43.075454012646354
            ],
            [
              141.404709,
              43.075199
            ],
            [
              141.404508,
              43.074954
            ],
            [
              141.404226,
              43.074603
            ],
            [
              141.403981,
              43.074254
            ],
            [
              141.40392,
              43.074154
            ],
            [
              141.403799,
              43.073943
            ],
            [
              141.40372,
              43.073794
            ],
            [
              141.403684,
              43.073715
            ],
            [
              141.403582,
              43.073478
            ],
            [
              141.403529,
              43.073354
            ],
            [
              141.403414,
              43.07309
            ],
            [
              141.40322,
              43.07271
            ],
            [
              141.403082,
              43.072505
            ],
            [
              141.402975,
              43.072324
            ],
            [
              141.402768,
              43.072053
            ],
            [
              141.402575,
              43.071824
            ],
            [
              141.402339,
              43.071579
            ],
            [
              141.402149,
              43.071399
            ],
            [
              141.401929,
              43.071211
            ],
            [
              141.401737,
              43.07106
            ],
            [
              141.401476,
              43.070868
            ],
            [
              141.401275,
              43.070734
            ],
            [
              141.401054,
              43.0706
            ],
            [
              141.400878,
              43.070498
            ],
            [
              141.400643,
              43.070374
            ],
            [
              141.399974,
              43.07003
            ],
            [
              141.399101,
              43.069581
            ],
            [
              141.398898,
              43.06948
            ],
            [
              141.398689,
              43.069382
            ],
            [
              141.398433,
              43.069278
            ],
            [
              141.398131,
              43.069171
            ],
            [
              141.397856,
              43.069088
            ],
            [
              141.397541,
              43.069008
            ],
            [
              141.397274,
              43.068955
            ],
            [
              141.397008,
              43.068912
            ],
            [
              141.396791,
              43.068884
            ],
            [
              141.396511,
              43.06886
            ],
            [
              141.396249,
              43.068847
            ],
            [
              141.395955,
              43.068844
            ],
            [
              141.395656,
              43.068853
            ],
            [
              141.395447,
              43.068868
            ],
            [
              141.395213,
              43.068892
            ],
            [
              141.394997,
              43.068921
            ],
            [
              141.394825,
              43.06895
            ],
            [
              141.394613,
              43.068991
            ],
            [
              141.394418,
              43.069026
            ],
            [
              141.394113,
              43.06907
            ],
            [
              141.393873,
              43.069094
            ],
            [
              141.393655,
              43.069108
            ],
            [
              141.393284,
              43.069114
            ],
            [
              141.393019,
              43.069106
            ],
            [
              141.392702,
              43.069085
            ],
            [
              141.39247,
              43.069058
            ],
            [
              141.392253,
              43.069028
            ],
            [
              141.391966,
              43.068978
            ],
            [
              141.391743,
              43.068926
            ],
            [
              141.391503,
              43.068863
            ],
            [
              141.391199,
              43.068767
            ],
            [
              141.391055,
              43.068718
            ],
            [
              141.390843,
              43.068633
            ],
            [
              141.39075,
              43.068592
            ],
            [
              141.390676,
              43.068555
            ],
            [
              141.390591,
              43.0685
            ],
            [
              141.390321,
              43.068347
            ],
            [
              141.389986,
              43.068162
            ],
            [
              141.38974,
              43.068028
            ],
            [
              141.389516,
              43.067904
            ],
            [
              141.389482,
              43.067887
            ],
            [
              141.389442,
              43.067876
            ],
            [
              141.389361,
              43.067859
            ],
            [
              141.389287,
              43.067848
            ],
            [
              141.389206,
              43.067823
            ],
            [
              141.389007,
              43.067725
            ],
            [
              141.388674,
              43.067565
            ],
            [
              141.388306,
              43.067395
            ],
            [
              141.3879482928356,
              43.067244612776136
            ],
            [
              141.38767373352377,
              43.0671339478112
            ],
            [
              141.38703940683777,
              43.06689878409735
            ],
            [
              141.38663230165125,
              43.06677774359882
            ],
            [
              141.38618259243358,
              43.066639411307854
            ],
            [
              141.38552933062263,
              43.06645266221986
            ],
            [
              141.385160095686,
              43.066335079168866
            ],
            [
              141.3845873081561,
              43.066165620845695
            ],
            [
              141.38309143328468,
              43.06574370216915
            ],
            [
              141.38219201484932,
              43.065473949362314
            ],
            [
              141.38151981791344,
              43.06528719672376
            ],
            [
              141.3806819386342,
              43.06502435871307
            ],
            [
              141.3805257238533,
              43.06493444018755
            ],
            [
              141.38009968354183,
              43.0648168542244
            ],
            [
              141.3799482025422,
              43.0648133958103
            ],
            [
              141.37981565666752,
              43.06477535324237
            ],
            [
              141.37931,
              43.064623
            ],
            [
              141.379128,
              43.064569
            ],
            [
              141.378316,
              43.064332
            ],
            [
              141.377404,
              43.06406
            ],
            [
              141.37704166086158,
              43.06394532770191
            ],
            [
              141.37638839905065,
              43.06376202888014
            ],
            [
              141.37605230058273,
              43.0636444406682
            ],
            [
              141.3752570253346,
              43.063350469151565
            ],
            [
              141.37470317292966,
              43.06317408556495
            ],
            [
              141.37411145027482,
              43.06301845256711
            ],
            [
              141.37384162474422,
              43.06294928221902
            ],
            [
              141.37351026005751,
              43.062848985075675
            ],
            [
              141.37222267156056,
              43.06240283372558
            ],
            [
              141.3719575798112,
              43.06220915460947
            ],
            [
              141.3717019556243,
              43.06218840323931
            ],
            [
              141.37093034928242,
              43.06185292178042
            ],
            [
              141.37031495772138,
              43.0615278142853
            ],
            [
              141.3701208726906,
              43.06138947014747
            ],
            [
              141.3697563715352,
              43.061112780935304
            ],
            [
              141.36949601356707,
              43.06089142866653
            ],
            [
              141.36937293525486,
              43.060777293590675
            ],
            [
              141.36918358400533,
              43.06056977472661
            ],
            [
              141.36903210300568,
              43.06040030046659
            ],
            [
              141.36883328419364,
              43.06011323075328
            ],
            [
              141.3682273601951,
              43.059207050069446
            ],
            [
              141.3677634496337,
              43.05853259392056
            ],
            [
              141.36723326613497,
              43.05785121273937
            ],
            [
              141.3669918432918,
              43.05752608402509
            ],
            [
              141.36683562851093,
              43.05733238950353
            ],
            [
              141.3664521922306,
              43.05695883405556
            ],
            [
              141.36504152542147,
              43.05568769083165
            ],
            [
              141.36480246946888,
              43.055454212681276
            ],
            [
              141.3645208094852,
              43.05518268512169
            ],
            [
              141.36438116293866,
              43.05502184338881
            ],
            [
              141.36412553875175,
              43.054741666459556
            ],
            [
              141.3639953597677,
              43.05459465953404
            ],
            [
              141.36385571322114,
              43.05444246375752
            ],
            [
              141.36373500179957,
              43.054272972561854
            ],
            [
              141.36337760131602,
              43.05377314375725
            ],
            [
              141.36314327914474,
              43.05332173777195
            ],
            [
              141.36301310016066,
              43.053051930309216
            ],
            [
              141.36292552520777,
              43.052854762566575
            ],
            [
              141.362811914458,
              43.05253133691426
            ],
            [
              141.36272670639573,
              43.05230822410649
            ],
            [
              141.3626746348021,
              43.05215948178372
            ],
            [
              141.36262256320845,
              43.05200382082708
            ],
            [
              141.36255155648988,
              43.05180664971484
            ],
            [
              141.36245451397448,
              43.05151089185795
            ],
            [
              141.36237640658405,
              43.051249724377506
            ],
            [
              141.36227936406866,
              43.050969530214864
            ],
            [
              141.362127883069,
              43.050537129303805
            ],
            [
              141.36203084055362,
              43.05028806499539
            ],
            [
              141.36190066156954,
              43.049959436929726
            ],
            [
              141.3617846839292,
              43.04967577760457
            ],
            [
              141.3616379367108,
              43.04932984982286
            ],
            [
              141.36151722528922,
              43.04905310619278
            ],
            [
              141.36142018277383,
              43.048829980731846
            ],
            [
              141.36133734160217,
              43.04861723244342
            ],
            [
              141.36120479572747,
              43.04830935149987
            ],
            [
              141.36114088968074,
              43.04812600593415
            ],
            [
              141.36104621405596,
              43.04777142097396
            ],
            [
              141.3610154444779,
              43.047624397340535
            ],
            [
              141.3609302364156,
              43.047190243142744
            ],
            [
              141.36083556079086,
              43.04647587118132
            ],
            [
              141.36077402163474,
              43.045716517529364
            ],
            [
              141.36069354735366,
              43.04496234377859
            ],
            [
              141.3605633683696,
              43.04383798496277
            ],
            [
              141.36043318938556,
              43.04313222305595
            ],
            [
              141.36035034821387,
              43.04294194272091
            ],
            [
              141.360243838136,
              43.04258905762832
            ],
            [
              141.3600828895739,
              43.0420891336059
            ],
            [
              141.35993614235548,
              43.041703376299004
            ],
            [
              141.35975862555904,
              43.041288208774525
            ],
            [
              141.3596663168249,
              43.04107889408235
            ],
            [
              141.35959057632508,
              43.040857469498484
            ],
            [
              141.35956927430948,
              43.04081768218388
            ],
            [
              141.35952903716895,
              43.04073983736328
            ],
            [
              141.3594840662472,
              43.04068621087386
            ],
            [
              141.35938939062243,
              43.04055646917331
            ],
            [
              141.35922134138846,
              43.04028487565858
            ],
            [
              141.35903672392016,
              43.04000809122195
            ],
            [
              141.35891364560797,
              43.03983510031498
            ],
            [
              141.35883080443625,
              43.039712276474965
            ],
            [
              141.3586887909991,
              43.039497766643564
            ],
            [
              141.35853730999946,
              43.03927633635355
            ],
            [
              141.35836452698422,
              43.038999547367304
            ],
            [
              141.35827221825005,
              43.03886634222263
            ],
            [
              141.35816807506282,
              43.03870545770131
            ],
            [
              141.35806393187556,
              43.038553222497
            ],
            [
              141.35790535020405,
              43.03830756943902
            ],
            [
              141.3578106745793,
              43.038138033656416
            ],
            [
              141.35741067006464,
              43.037402796525576
            ],
            [
              141.3569562270657,
              43.03661738047511
            ],
            [
              141.3568946879096,
              43.03648417022489
            ],
            [
              141.35679764539424,
              43.036236778870666
            ],
            [
              141.35661776170713,
              43.03581811430682
            ],
            [
              141.35655622255103,
              43.03561916113686
            ],
            [
              141.35643787802005,
              43.03518492197777
            ],
            [
              141.35635030306713,
              43.03462784572839
            ],
            [
              141.356348,
              43.03446
            ],
            [
              141.356321,
              43.033572
            ],
            [
              141.356288,
              43.032604
            ],
            [
              141.356287,
              43.032562
            ],
            [
              141.356246,
              43.031396
            ],
            [
              141.356148,
              43.030927
            ],
            [
              141.355956,
              43.03042
            ],
            [
              141.355328,
              43.029283
            ],
            [
              141.354759,
              43.028181
            ],
            [
              141.354599,
              43.027843
            ],
            [
              141.354465,
              43.027538
            ],
            [
              141.354451,
              43.027494
            ],
            [
              141.354441,
              43.027451
            ],
            [
              141.354437,
              43.027408
            ],
            [
              141.354436,
              43.027364
            ],
            [
              141.354455,
              43.027041
            ],
            [
              141.354459,
              43.026986
            ],
            [
              141.354458,
              43.026952
            ],
            [
              141.354245,
              43.02602
            ],
            [
              141.354032,
              43.025191
            ],
            [
              141.354008,
              43.025098
            ],
            [
              141.35366,
              43.023514
            ],
            [
              141.353306,
              43.022094
            ],
            [
              141.353241,
              43.021757
            ],
            [
              141.353231,
              43.021082
            ],
            [
              141.353362,
              43.019873
            ],
            [
              141.353384,
              43.019789
            ],
            [
              141.353404,
              43.019733
            ],
            [
              141.353419,
              43.019701
            ],
            [
              141.353506,
              43.019561
            ],
            [
              141.353522,
              43.019529
            ],
            [
              141.353532,
              43.019496
            ],
            [
              141.353559,
              43.019361
            ],
            [
              141.353571,
              43.019297
            ],
            [
              141.353581,
              43.019239
            ],
            [
              141.353577,
              43.019203
            ],
            [
              141.353554,
              43.019105
            ],
            [
              141.353548,
              43.019061
            ],
            [
              141.353547,
              43.019029
            ],
            [
              141.35355,
              43.018995
            ],
            [
              141.353732,
              43.018016
            ],
            [
              141.3538,
              43.017496
            ],
            [
              141.353832,
              43.01713
            ],
            [
              141.353856,
              43.016763
            ],
            [
              141.353865,
              43.016224
            ],
            [
              141.353867,
              43.015703
            ],
            [
              141.353851,
              43.015483
            ],
            [
              141.353832,
              43.015264
            ],
            [
              141.353799,
              43.015027
            ],
            [
              141.353744,
              43.01472
            ],
            [
              141.353716,
              43.014336
            ],
            [
              141.35364,
              43.013873
            ],
            [
              141.353569,
              43.013427
            ],
            [
              141.353498,
              43.013117
            ],
            [
              141.353389,
              43.012788
            ],
            [
              141.353284,
              43.012522
            ],
            [
              141.353179,
              43.012297
            ],
            [
              141.352993,
              43.011961
            ],
            [
              141.352819,
              43.011691
            ],
            [
              141.35261,
              43.011415
            ],
            [
              141.35235,
              43.01111
            ],
            [
              141.352148,
              43.010901
            ],
            [
              141.351914,
              43.010685
            ],
            [
              141.3517,
              43.010503
            ],
            [
              141.351436,
              43.010298
            ],
            [
              141.35101,
              43.010009
            ],
            [
              141.350775,
              43.009871
            ],
            [
              141.34846,
              43.008541
            ],
            [
              141.34808,
              43.008321
            ],
            [
              141.348004,
              43.00826
            ],
            [
              141.347919,
              43.008185
            ],
            [
              141.347741,
              43.007982
            ],
            [
              141.347613,
              43.007848
            ],
            [
              141.347442,
              43.007725
            ],
            [
              141.347205,
              43.007624
            ],
            [
              141.347136,
              43.007572
            ],
            [
              141.346922,
              43.007359
            ],
            [
              141.346821,
              43.007246
            ],
            [
              141.34674,
              43.007133
            ],
            [
              141.346669,
              43.007017
            ],
            [
              141.346601,
              43.006876
            ],
            [
              141.346379,
              43.006277
            ],
            [
              141.346246,
              43.005913
            ],
            [
              141.346186,
              43.005755
            ]
          ]
        ]
      }
    },
    {
      "type": "Feature",
      "properties": {
        "fid": 9,
        "name": "屯田みずほ通",
        "ward": "北区",
        "road_type": "exclusive",
        "source": "sapporo_map_2024"
      },
      "geometry": {
        "type": "MultiLineString",
        "coordinates": [
          [
            [
              141.31411116982912,
              43.13583513179734
            ],
            [
              141.3169545986478,
              43.135465768046565
            ],
            [
              141.3182993965708,
              43.135277464099325
            ],
            [
              141.31919758263746,
              43.13515072073143
            ],
            [
              141.32061185351589,
              43.13498776458673
            ],
            [
              141.32197401967775,
              43.13482299737668
            ],
            [
              141.32414008718098,
              43.13455502338365
            ],
            [
              141.3251772191585,
              43.13442465723274
            ],
            [
              141.32768817026195,
              43.13409874063956
            ],
            [
              141.32888657874315,
              43.13395388826282
            ],
            [
              141.3299187483667,
              43.13382714215173
            ],
            [
              141.3309087379816,
              43.133698585113564
            ],
            [
              141.33257360773496,
              43.133484926339676
            ],
            [
              141.33461809756622,
              43.13323143191093
            ],
            [
              141.33676431565365,
              43.13298517917402
            ],
            [
              141.3379205441262,
              43.13284937760815
            ],
            [
              141.33803467826726,
              43.13280229966159
            ],
            [
              141.3381264818155,
              43.13279143551494
            ],
            [
              141.3382480594875,
              43.13280229966159
            ],
            [
              141.3386152736805,
              43.13276246444775
            ],
            [
              141.33870707722875,
              43.13273349336683
            ],
            [
              141.3388832407943,
              43.13272625059446
            ],
            [
              141.33899241258143,
              43.13270271157832
            ],
            [
              141.33920579380165,
              43.13269365810817
            ],
            [
              141.33940428796004,
              43.13266468699465
            ],
            [
              141.33956060210977,
              43.132619419602314
            ],
            [
              141.33971939743645,
              43.132617608905925
            ],
            [
              141.33985834334732,
              43.13258501636173
            ],
            [
              141.33999977043518,
              43.13258682705909
            ],
            [
              141.3401188669302,
              43.132557855894966
            ],
            [
              141.34027766225688,
              43.13255604519675
            ],
            [
              141.34078382236075,
              43.13245464601125
            ],
            [
              141.3408979565018,
              43.13244378180284
            ],
            [
              141.34104186476662,
              43.13240937846346
            ],
            [
              141.34111381889906,
              43.1324274854866
            ],
            [
              141.34117088596958,
              43.13243834969791
            ],
            [
              141.3412999071725,
              43.13243472829435
            ],
            [
              141.3416174978259,
              43.13237678580828
            ],
            [
              141.34188050258578,
              43.132356868066026
            ],
            [
              141.34206659085925,
              43.1323152218567
            ],
            [
              141.34252560860048,
              43.13225908996447
            ],
            [
              141.34260004390987,
              43.13226814349895
            ],
            [
              141.3428754545546,
              43.132222875813106
            ],
            [
              141.34315334637634,
              43.132206579438
            ],
            [
              141.34336920877357,
              43.13216855454586
            ],
            [
              141.34356770293198,
              43.132157690286625
            ],
            [
              141.34379845239107,
              43.1321323403409
            ],
            [
              141.34417807246896,
              43.13205991186663
            ],
            [
              141.3443666419194,
              43.132058101153675
            ],
            [
              141.34465445844907,
              43.13199834759607
            ],
            [
              141.34483558436858,
              43.131994726166454
            ],
            [
              141.34515813737593,
              43.13195489042659
            ],
            [
              141.3453082485832,
              43.1318996635625
            ],
            [
              141.34592109929721,
              43.131823613372944
            ]
          ]
        ]
      }
    },
    {
      "type": "Feature",
      "properties": {
        "fid": 10,
        "name": "滝野上野幌自転車道路（厚別区）",
        "ward": "厚別区",
        "road_type": "exclusive",
        "source": "sapporo_map_2024",
        "large_scale": true
      },
      "geometry": {
        "type": "MultiLineString",
        "coordinates": [
          [
            [
              141.44619844894936,
              43.09417105423242
            ],
            [
              141.44619844894936,
              43.09412703629837
            ],
            [
              141.446532,
              43.093942
            ],
            [
              141.446945,
              43.093718
            ],
            [
              141.447804,
              43.093278
            ],
            [
              141.448481,
              43.092985
            ],
            [
              141.449455,
              43.09262
            ],
            [
              141.450062,
              43.092436
            ],
            [
              141.45086,
              43.092251
            ],
            [
              141.451725,
              43.092069
            ],
            [
              141.451947,
              43.092029
            ],
            [
              141.452166,
              43.092008
            ],
            [
              141.452485,
              43.092007
            ],
            [
              141.453066,
              43.092034
            ],
            [
              141.45334,
              43.092057
            ],
            [
              141.45363,
              43.09212
            ],
            [
              141.453814,
              43.092173
            ],
            [
              141.454365,
              43.092387
            ],
            [
              141.455024,
              43.092641
            ],
            [
              141.455542,
              43.092853
            ],
            [
              141.455632,
              43.092897
            ],
            [
              141.455877,
              43.093062
            ],
            [
              141.455979,
              43.093156
            ],
            [
              141.456175,
              43.09336
            ],
            [
              141.457376,
              43.094665
            ],
            [
              141.457467,
              43.094672
            ],
            [
              141.457564,
              43.094662
            ],
            [
              141.458077,
              43.094424
            ],
            [
              141.458344,
              43.0943
            ],
            [
              141.458452,
              43.094248
            ],
            [
              141.458584,
              43.094216
            ],
            [
              141.459439,
              43.093987
            ],
            [
              141.459837,
              43.093876
            ],
            [
              141.459938,
              43.093847
            ],
            [
              141.461083,
              43.093521
            ],
            [
              141.465843,
              43.092186
            ],
            [
              141.466774,
              43.091932
            ],
            [
              141.467302,
              43.091782
            ],
            [
              141.467699,
              43.091669
            ],
            [
              141.469107,
              43.091258
            ],
            [
              141.46915,
              43.091243
            ],
            [
              141.470244,
              43.090939
            ],
            [
              141.470315,
              43.090915
            ],
            [
              141.471155,
              43.090694
            ],
            [
              141.472518,
              43.090318
            ],
            [
              141.474175,
              43.08985
            ],
            [
              141.474341,
              43.089804
            ],
            [
              141.474624,
              43.089724
            ],
            [
              141.474636,
              43.089747
            ],
            [
              141.475592,
              43.089478
            ],
            [
              141.47691,
              43.089118
            ],
            [
              141.47788,
              43.088838
            ],
            [
              141.481089,
              43.08793
            ],
            [
              141.481565,
              43.0878
            ],
            [
              141.481771,
              43.087743
            ],
            [
              141.485428,
              43.086716
            ],
            [
              141.485602,
              43.086667
            ],
            [
              141.485746,
              43.08663
            ],
            [
              141.485815,
              43.086611
            ],
            [
              141.485863,
              43.086597
            ],
            [
              141.487099,
              43.086258
            ],
            [
              141.487598,
              43.086041
            ],
            [
              141.487953,
              43.08581
            ],
            [
              141.490666,
              43.08375
            ],
            [
              141.490738,
              43.083695
            ],
            [
              141.492417,
              43.082422
            ],
            [
              141.492465,
              43.082385
            ],
            [
              141.492765,
              43.082156
            ],
            [
              141.492914,
              43.082041
            ],
            [
              141.493124,
              43.081881
            ],
            [
              141.493369,
              43.081693
            ],
            [
              141.49346,
              43.081623
            ],
            [
              141.493853,
              43.081322
            ],
            [
              141.493935,
              43.081259
            ],
            [
              141.49357,
              43.081005
            ],
            [
              141.493023,
              43.080625
            ],
            [
              141.492544,
              43.080292
            ],
            [
              141.492451,
              43.080228
            ],
            [
              141.492187,
              43.080044
            ],
            [
              141.491738,
              43.079732
            ],
            [
              141.491645,
              43.079668
            ],
            [
              141.490369,
              43.078781
            ],
            [
              141.488935,
              43.077806
            ],
            [
              141.488619,
              43.077592
            ],
            [
              141.488401,
              43.077434
            ],
            [
              141.487556,
              43.076819
            ],
            [
              141.486898,
              43.076339
            ],
            [
              141.48654,
              43.076079
            ],
            [
              141.486468,
              43.076027
            ],
            [
              141.485822,
              43.075595
            ],
            [
              141.485535,
              43.075404
            ],
            [
              141.485384,
              43.075335
            ],
            [
              141.485247,
              43.075237
            ],
            [
              141.484878,
              43.074973
            ],
            [
              141.484713,
              43.074821
            ],
            [
              141.484631,
              43.074727
            ],
            [
              141.484558,
              43.074631
            ],
            [
              141.484473,
              43.074485
            ],
            [
              141.484396,
              43.074345
            ],
            [
              141.484306,
              43.07415
            ],
            [
              141.484231,
              43.073974
            ],
            [
              141.483761,
              43.072826
            ],
            [
              141.483731,
              43.072747
            ],
            [
              141.483564,
              43.072349
            ],
            [
              141.483395,
              43.071945
            ],
            [
              141.483307,
              43.071736
            ],
            [
              141.483183,
              43.071457
            ],
            [
              141.482967,
              43.07093
            ],
            [
              141.482838,
              43.07063
            ],
            [
              141.482767,
              43.070532
            ],
            [
              141.482688,
              43.070394
            ],
            [
              141.482555,
              43.070147
            ],
            [
              141.482391,
              43.069853
            ],
            [
              141.482359,
              43.069793
            ],
            [
              141.482189,
              43.069456
            ],
            [
              141.481835,
              43.068814
            ],
            [
              141.481798,
              43.068737
            ],
            [
              141.481752,
              43.06866
            ],
            [
              141.481451,
              43.06812
            ],
            [
              141.48103,
              43.067379
            ],
            [
              141.48093,
              43.067191
            ],
            [
              141.480572,
              43.066554
            ],
            [
              141.48007,
              43.065682
            ],
            [
              141.48001,
              43.065546
            ],
            [
              141.479705,
              43.065031
            ],
            [
              141.479508,
              43.064661
            ],
            [
              141.47929,
              43.064238
            ],
            [
              141.479257,
              43.064169
            ],
            [
              141.47912,
              43.063923
            ],
            [
              141.479035,
              43.063771
            ],
            [
              141.478963,
              43.063661
            ],
            [
              141.479089,
              43.063568
            ],
            [
              141.479666,
              43.063125
            ],
            [
              141.480731,
              43.062314
            ],
            [
              141.481057,
              43.062067
            ],
            [
              141.481942,
              43.061394
            ],
            [
              141.482202,
              43.061175
            ],
            [
              141.482282,
              43.061113
            ],
            [
              141.482669,
              43.060816
            ],
            [
              141.482955,
              43.060607
            ],
            [
              141.483059,
              43.060569
            ],
            [
              141.483295,
              43.060501
            ],
            [
              141.483417,
              43.060479
            ],
            [
              141.483553,
              43.060719
            ],
            [
              141.483594,
              43.060753
            ],
            [
              141.48392,
              43.060739
            ],
            [
              141.484136,
              43.060723
            ],
            [
              141.484259,
              43.06071
            ],
            [
              141.484254,
              43.060674
            ],
            [
              141.484393,
              43.060651
            ],
            [
              141.48452791380586,
              43.060628222917856
            ],
            [
              141.4844511945968,
              43.060181795357835
            ],
            [
              141.48443201479452,
              43.060090707720974
            ],
            [
              141.48441968492165,
              43.06002264214576
            ],
            [
              141.484376,
              43.059523
            ],
            [
              141.484368,
              43.059363
            ],
            [
              141.484378,
              43.058985
            ],
            [
              141.484401,
              43.058692
            ],
            [
              141.484405,
              43.058663
            ],
            [
              141.484419,
              43.058564
            ],
            [
              141.484446,
              43.058496
            ],
            [
              141.484467,
              43.058344
            ],
            [
              141.484469,
              43.058315
            ],
            [
              141.484483,
              43.058244
            ],
            [
              141.484512,
              43.058105
            ],
            [
              141.484582,
              43.057869
            ],
            [
              141.48481,
              43.0572
            ],
            [
              141.484931,
              43.056858
            ],
            [
              141.48518413704082,
              43.056158795904985
            ],
            [
              141.48539785483754,
              43.05553014711519
            ],
            [
              141.48555129325578,
              43.05513373469253
            ],
            [
              141.48565541218238,
              43.05470128185436
            ],
            [
              141.485663,
              43.054332
            ],
            [
              141.485668,
              43.054227
            ],
            [
              141.485667,
              43.054126
            ],
            [
              141.485693,
              43.054069
            ],
            [
              141.485675,
              43.05383
            ],
            [
              141.48564,
              43.053747
            ],
            [
              141.485617,
              43.05363
            ],
            [
              141.485578,
              43.053439
            ],
            [
              141.485555,
              43.053339
            ],
            [
              141.485499,
              43.053131
            ],
            [
              141.485494,
              43.053101
            ],
            [
              141.485502,
              43.053076
            ],
            [
              141.485482,
              43.053026
            ],
            [
              141.485458,
              43.05296
            ],
            [
              141.485434,
              43.052945
            ],
            [
              141.485293,
              43.052634
            ],
            [
              141.485265,
              43.052583
            ],
            [
              141.485148,
              43.052621
            ],
            [
              141.484981,
              43.052359
            ],
            [
              141.484762,
              43.052007
            ],
            [
              141.484716,
              43.051952
            ],
            [
              141.484459,
              43.051645
            ],
            [
              141.484443,
              43.051628
            ],
            [
              141.484327,
              43.051514
            ],
            [
              141.484548,
              43.051408
            ],
            [
              141.484936,
              43.051224
            ],
            [
              141.485496,
              43.050941
            ],
            [
              141.486019,
              43.050611
            ],
            [
              141.486515,
              43.050198
            ],
            [
              141.486907,
              43.049722
            ],
            [
              141.487097,
              43.049444
            ],
            [
              141.487215,
              43.049189
            ],
            [
              141.487534,
              43.048384
            ],
            [
              141.487707,
              43.048044
            ],
            [
              141.48776,
              43.047973
            ],
            [
              141.488044,
              43.04759
            ],
            [
              141.488135,
              43.047494
            ],
            [
              141.488364,
              43.047253
            ],
            [
              141.488474,
              43.047137
            ],
            [
              141.488624,
              43.046979
            ],
            [
              141.489503,
              43.046057
            ],
            [
              141.489618,
              43.04594
            ],
            [
              141.490611,
              43.044942
            ],
            [
              141.490945,
              43.044611
            ],
            [
              141.491034,
              43.044523
            ],
            [
              141.491655,
              43.043923
            ],
            [
              141.492225,
              43.043483
            ],
            [
              141.492903,
              43.043082
            ],
            [
              141.492964,
              43.043045
            ],
            [
              141.493633,
              43.042656
            ],
            [
              141.494248,
              43.042305
            ],
            [
              141.494776,
              43.041992
            ],
            [
              141.495196,
              43.041669
            ],
            [
              141.495554,
              43.041314
            ],
            [
              141.495597,
              43.041258
            ],
            [
              141.495758,
              43.04105
            ],
            [
              141.495855,
              43.041063
            ],
            [
              141.495904,
              43.040985
            ],
            [
              141.496029,
              43.040768
            ],
            [
              141.496101,
              43.040608
            ],
            [
              141.49616,
              43.040452
            ],
            [
              141.496217,
              43.040263
            ],
            [
              141.496247,
              43.040087
            ],
            [
              141.496301,
              43.039885
            ],
            [
              141.496321,
              43.039783
            ],
            [
              141.496363,
              43.039756
            ],
            [
              141.496374,
              43.039665
            ],
            [
              141.496375,
              43.039617
            ],
            [
              141.496329,
              43.039559
            ],
            [
              141.496343,
              43.039408
            ],
            [
              141.4964,
              43.039388
            ],
            [
              141.496587,
              43.038742
            ],
            [
              141.496661,
              43.038592
            ],
            [
              141.496945,
              43.038368
            ],
            [
              141.497297,
              43.03814
            ],
            [
              141.497333,
              43.038115
            ],
            [
              141.497549,
              43.037963
            ],
            [
              141.49776,
              43.037356
            ],
            [
              141.497917,
              43.036746
            ],
            [
              141.498094,
              43.036372
            ],
            [
              141.498657,
              43.035478
            ],
            [
              141.498731,
              43.035102
            ],
            [
              141.498734,
              43.034707
            ],
            [
              141.498756,
              43.034251
            ],
            [
              141.498817,
              43.033863
            ],
            [
              141.49896,
              43.033298
            ],
            [
              141.498922,
              43.032931
            ],
            [
              141.499005,
              43.032531
            ],
            [
              141.499225,
              43.031934
            ],
            [
              141.499446,
              43.031267
            ],
            [
              141.499689,
              43.030816
            ],
            [
              141.499885,
              43.03054
            ],
            [
              141.500421,
              43.030007
            ],
            [
              141.500852,
              43.029619
            ],
            [
              141.501232,
              43.029301
            ],
            [
              141.501901,
              43.028785
            ],
            [
              141.502027,
              43.028663
            ],
            [
              141.502078,
              43.028537
            ],
            [
              141.502159,
              43.028375
            ],
            [
              141.50221,
              43.028327
            ],
            [
              141.503748,
              43.026963
            ],
            [
              141.503843,
              43.026863
            ],
            [
              141.503983,
              43.026713
            ],
            [
              141.504177,
              43.02647
            ],
            [
              141.504287,
              43.026294
            ],
            [
              141.504457,
              43.025935
            ],
            [
              141.504532,
              43.025733
            ],
            [
              141.504567,
              43.025644
            ],
            [
              141.504611,
              43.025524
            ],
            [
              141.504651,
              43.025402
            ],
            [
              141.504684,
              43.025282
            ],
            [
              141.504704,
              43.025157
            ],
            [
              141.504841,
              43.023704
            ],
            [
              141.504847,
              43.023659
            ],
            [
              141.504909,
              43.022893
            ],
            [
              141.504987,
              43.022296
            ],
            [
              141.504982,
              43.022254
            ],
            [
              141.504954,
              43.022216
            ],
            [
              141.504879,
              43.022167
            ],
            [
              141.504819,
              43.022145
            ],
            [
              141.504759,
              43.022132
            ],
            [
              141.504719,
              43.022131
            ],
            [
              141.50362,
              43.02205
            ],
            [
              141.503483,
              43.022042
            ],
            [
              141.503284,
              43.02204
            ],
            [
              141.503106,
              43.022049
            ],
            [
              141.50284873493422,
              43.02207433659316
            ],
            [
              141.5025445980696,
              43.022144447447076
            ],
            [
              141.50235006007512,
              43.02218050442649
            ],
            [
              141.50198290386018,
              43.02225862780922
            ],
            [
              141.5017719260352,
              43.02233074161274
            ],
            [
              141.50142942956603,
              43.02245694056509
            ],
            [
              141.50080745597802,
              43.022721356576454
            ],
            [
              141.500312,
              43.022923
            ],
            [
              141.499765,
              43.023062
            ],
            [
              141.499057,
              43.023245
            ],
            [
              141.498237,
              43.023415
            ],
            [
              141.49787,
              43.023453
            ],
            [
              141.497503,
              43.023491
            ],
            [
              141.496657,
              43.023516
            ],
            [
              141.496045,
              43.023573
            ],
            [
              141.495572,
              43.023651
            ],
            [
              141.495312,
              43.02366
            ],
            [
              141.49489,
              43.023658
            ],
            [
              141.494823,
              43.023654
            ],
            [
              141.494644,
              43.023642
            ],
            [
              141.494502,
              43.023631
            ],
            [
              141.494483,
              43.02363
            ],
            [
              141.494429,
              43.023626
            ],
            [
              141.49424,
              43.023605
            ],
            [
              141.493975,
              43.023571
            ],
            [
              141.491696,
              43.02331
            ],
            [
              141.491364,
              43.023276
            ],
            [
              141.491079,
              43.023246
            ],
            [
              141.490807,
              43.023226
            ],
            [
              141.490432,
              43.02321
            ],
            [
              141.490093,
              43.023212
            ],
            [
              141.489782,
              43.023227
            ],
            [
              141.489334,
              43.023264
            ],
            [
              141.488759,
              43.023352
            ],
            [
              141.488214,
              43.023444
            ],
            [
              141.488092,
              43.023461
            ],
            [
              141.487386,
              43.023581
            ],
            [
              141.487222,
              43.023603
            ],
            [
              141.487106,
              43.023621
            ],
            [
              141.486998,
              43.023642
            ],
            [
              141.486915,
              43.023698
            ],
            [
              141.486652,
              43.023744
            ],
            [
              141.486551,
              43.023768
            ],
            [
              141.485973,
              43.023856
            ],
            [
              141.485947,
              43.023928
            ],
            [
              141.485915,
              43.023933
            ],
            [
              141.485876,
              43.023939
            ],
            [
              141.485434,
              43.024019
            ],
            [
              141.484966,
              43.024106
            ],
            [
              141.484824,
              43.02413
            ],
            [
              141.484697,
              43.024151
            ],
            [
              141.481711,
              43.024658
            ],
            [
              141.480004,
              43.024963
            ],
            [
              141.479632,
              43.025036
            ],
            [
              141.479383,
              43.025085
            ],
            [
              141.479243,
              43.025128
            ],
            [
              141.478819,
              43.025255
            ],
            [
              141.478195,
              43.02551
            ],
            [
              141.478067,
              43.025573
            ],
            [
              141.477346,
              43.02597
            ],
            [
              141.477196,
              43.026052
            ],
            [
              141.476769,
              43.026267
            ],
            [
              141.476687,
              43.026313
            ],
            [
              141.476302,
              43.026534
            ],
            [
              141.476066,
              43.026725
            ],
            [
              141.475854,
              43.026916
            ],
            [
              141.475684,
              43.027125
            ],
            [
              141.475616,
              43.027214
            ],
            [
              141.4753942179665,
              43.027615851854165
            ],
            [
              141.47525173943532,
              43.02807653726934
            ],
            [
              141.47522433971778,
              43.02841303573532
            ],
            [
              141.47524625949183,
              43.028629355203606
            ],
            [
              141.47529009903985,
              43.02885769159308
            ],
            [
              141.47541065779703,
              43.02918617403185
            ],
            [
              141.474988702147,
              43.029266291433174
            ]
          ]
        ]
      }
    },
    {
      "type": "Feature",
      "properties": {
        "fid": 11,
        "name": "滝野上野幌自転車道路（南区）",
        "ward": "南区",
        "road_type": "exclusive",
        "source": "sapporo_map_2024",
        "large_scale": true
      },
      "geometry": {
        "type": "MultiLineString",
        "coordinates": [
          [
            [
              141.43758761048696,
              43.09588930953798
            ],
            [
              141.4374479639404,
              43.095785609634135
            ],
            [
              141.437048,
              43.095349
            ],
            [
              141.436426,
              43.09467
            ],
            [
              141.43612,
              43.094309
            ],
            [
              141.435965,
              43.094143
            ],
            [
              141.435456,
              43.093498
            ],
            [
              141.435225,
              43.09304
            ],
            [
              141.434641,
              43.092457
            ],
            [
              141.433963,
              43.091849
            ],
            [
              141.433769,
              43.091717
            ],
            [
              141.432971,
              43.091153
            ],
            [
              141.432481,
              43.090733
            ],
            [
              141.431256,
              43.090206
            ],
            [
              141.43031415561381,
              43.08981047030113
            ],
            [
              141.42901709955444,
              43.08940945656472
            ],
            [
              141.4278194529011,
              43.08906375296055
            ],
            [
              141.426567,
              43.088742
            ],
            [
              141.425767,
              43.088566
            ],
            [
              141.424852,
              43.088365
            ],
            [
              141.424559,
              43.088301
            ],
            [
              141.423615,
              43.08805
            ],
            [
              141.420637,
              43.086357
            ],
            [
              141.419924,
              43.085774
            ],
            [
              141.41298,
              43.08172
            ],
            [
              141.410769,
              43.080429
            ],
            [
              141.41068,
              43.080377
            ],
            [
              141.408706,
              43.079374
            ],
            [
              141.405228,
              43.077464
            ],
            [
              141.404259,
              43.076657
            ],
            [
              141.404183,
              43.07659
            ],
            [
              141.402919763586,
              43.07525821362361
            ],
            [
              141.40266887318032,
              43.075088779969754
            ],
            [
              141.40174578583876,
              43.07377824669991
            ],
            [
              141.40155170080797,
              43.073311427288246
            ],
            [
              141.4011871996526,
              43.072841146359515
            ],
            [
              141.4006570161539,
              43.072177214198845
            ],
            [
              141.40005109215537,
              43.07167926035825
            ],
            [
              141.39930315471966,
              43.071157096082594
            ],
            [
              141.39880137390838,
              43.07094615428581
            ],
            [
              141.3984889443466,
              43.07081820562911
            ],
            [
              141.39800136487904,
              43.07052426851424
            ],
            [
              141.397286563912,
              43.070327156953496
            ],
            [
              141.39637294413296,
              43.07016116777908
            ],
            [
              141.3950758880736,
              43.07017845833906
            ],
            [
              141.39526050554187,
              43.0700781730233
            ],
            [
              141.39550192838504,
              43.070009010640966
            ],
            [
              141.3958758971029,
              43.06993984818059
            ],
            [
              141.395995,
              43.069894
            ],
            [
              141.395918,
              43.069832
            ],
            [
              141.395763,
              43.069832
            ],
            [
              141.394699,
              43.069944
            ],
            [
              141.393918,
              43.070039
            ],
            [
              141.393617,
              43.07007
            ],
            [
              141.393334,
              43.070082
            ],
            [
              141.393017,
              43.070095
            ],
            [
              141.39263,
              43.070076
            ],
            [
              141.392253,
              43.070032
            ],
            [
              141.391798,
              43.069938
            ],
            [
              141.391351,
              43.069825
            ],
            [
              141.390785,
              43.069669
            ],
            [
              141.390098,
              43.069405
            ],
            [
              141.388965,
              43.068728
            ],
            [
              141.38748,
              43.067988
            ],
            [
              141.386262,
              43.067543
            ],
            [
              141.385684,
              43.067366
            ],
            [
              141.385085,
              43.067247
            ],
            [
              141.384748,
              43.06709
            ],
            [
              141.382927,
              43.066532
            ],
            [
              141.382358,
              43.066363
            ],
            [
              141.38215,
              43.066288
            ],
            [
              141.381157,
              43.065984
            ],
            [
              141.380909,
              43.065936
            ],
            [
              141.380672,
              43.065867
            ],
            [
              141.37973843686046,
              43.065641248117
            ],
            [
              141.37908990883076,
              43.06538878677042
            ],
            [
              141.37715852608542,
              43.06479048381111
            ],
            [
              141.37692657080473,
              43.064804317471484
            ],
            [
              141.37570052146393,
              43.06440314005302
            ],
            [
              141.37486737596595,
              43.0642198426001
            ],
            [
              141.37316321472005,
              43.06372528258727
            ],
            [
              141.37195136672295,
              43.06330680561404
            ],
            [
              141.37069691469475,
              43.06281223823557
            ],
            [
              141.36926731276066,
              43.062203534446596
            ],
            [
              141.36894068185518,
              43.06204444041463
            ],
            [
              141.36887440891786,
              43.06195451751829
            ],
            [
              141.368825,
              43.061824
            ],
            [
              141.368806,
              43.061774
            ],
            [
              141.368727,
              43.061671
            ],
            [
              141.368294,
              43.061099
            ],
            [
              141.368111,
              43.060895
            ],
            [
              141.368077,
              43.060833
            ],
            [
              141.368036,
              43.060602
            ],
            [
              141.367969,
              43.060481
            ],
            [
              141.366702,
              43.058827
            ],
            [
              141.366451,
              43.058515
            ],
            [
              141.366255,
              43.058319
            ],
            [
              141.366185,
              43.058258
            ],
            [
              141.365836,
              43.057975
            ],
            [
              141.365737,
              43.057878
            ],
            [
              141.365629,
              43.057694
            ],
            [
              141.365479,
              43.057459
            ],
            [
              141.365224,
              43.057116
            ],
            [
              141.365019,
              43.056905
            ],
            [
              141.364879,
              43.056783
            ],
            [
              141.364399,
              43.056363
            ],
            [
              141.363857,
              43.055889
            ],
            [
              141.363566,
              43.055638
            ],
            [
              141.363142,
              43.055273
            ],
            [
              141.3629193121197,
              43.05509231979078
            ],
            [
              141.36266842171403,
              43.05498163288902
            ],
            [
              141.36245066777707,
              43.054860568861464
            ],
            [
              141.36181160730987,
              43.054421277383035
            ],
            [
              141.36136189809218,
              43.054037327135816
            ],
            [
              141.361023,
              43.05363
            ],
            [
              141.360802,
              43.053325
            ],
            [
              141.360701,
              43.053072
            ],
            [
              141.360149,
              43.051538
            ],
            [
              141.360057,
              43.05128
            ],
            [
              141.360014,
              43.05116
            ],
            [
              141.359913,
              43.050891
            ],
            [
              141.359865,
              43.050756
            ],
            [
              141.359766,
              43.050482
            ],
            [
              141.359582,
              43.04997
            ],
            [
              141.359577,
              43.049956
            ],
            [
              141.359477,
              43.049686
            ],
            [
              141.359439,
              43.049601
            ],
            [
              141.359256,
              43.049257
            ],
            [
              141.359234,
              43.049217
            ],
            [
              141.359239,
              43.049162
            ],
            [
              141.359264,
              43.049071
            ],
            [
              141.359293,
              43.049029
            ],
            [
              141.359353,
              43.048966
            ],
            [
              141.359728,
              43.048756
            ],
            [
              141.359902,
              43.048657
            ],
            [
              141.359992,
              43.048598
            ],
            [
              141.360032,
              43.048556
            ],
            [
              141.360046,
              43.048535
            ],
            [
              141.36006,
              43.048512
            ],
            [
              141.360072,
              43.048477
            ],
            [
              141.360075,
              43.048397
            ],
            [
              141.360052,
              43.048326
            ],
            [
              141.359809,
              43.047594
            ],
            [
              141.359551,
              43.047029
            ],
            [
              141.359457,
              43.046496
            ],
            [
              141.359414,
              43.046308
            ],
            [
              141.359031,
              43.045715
            ],
            [
              141.358925,
              43.045549
            ],
            [
              141.358923,
              43.045513
            ],
            [
              141.358918,
              43.04536
            ],
            [
              141.358947,
              43.045059
            ],
            [
              141.358929,
              43.044862
            ],
            [
              141.358865,
              43.044434
            ],
            [
              141.358818,
              43.044379
            ],
            [
              141.358812,
              43.044323
            ],
            [
              141.358765,
              43.043967
            ],
            [
              141.358757,
              43.043866
            ],
            [
              141.358764,
              43.043808
            ],
            [
              141.358794,
              43.043756
            ],
            [
              141.358845,
              43.043692
            ],
            [
              141.358861,
              43.043673
            ],
            [
              141.358921,
              43.043613
            ],
            [
              141.359008,
              43.043524
            ],
            [
              141.359038,
              43.043465
            ],
            [
              141.359034,
              43.043405
            ],
            [
              141.359028,
              43.043375
            ],
            [
              141.359019,
              43.04332
            ],
            [
              141.358932,
              43.042803
            ],
            [
              141.358863,
              43.042575
            ],
            [
              141.358675,
              43.042199
            ],
            [
              141.358314,
              43.041499
            ],
            [
              141.358081,
              43.041049
            ],
            [
              141.358012,
              43.040932
            ],
            [
              141.357932,
              43.040867
            ],
            [
              141.35773345477287,
              43.040786976738325
            ],
            [
              141.3576695487261,
              43.040733350290104
            ],
            [
              141.35759617511692,
              43.04066069502741
            ],
            [
              141.3572884793364,
              43.04001371341791
            ],
            [
              141.35708729363375,
              43.03957604551943
            ],
            [
              141.35682693566565,
              43.039031118673826
            ],
            [
              141.356713,
              43.038825
            ],
            [
              141.356513,
              43.038525
            ],
            [
              141.356376,
              43.038344
            ],
            [
              141.356281,
              43.038226
            ],
            [
              141.356075,
              43.037984
            ],
            [
              141.355853,
              43.037744
            ],
            [
              141.355794,
              43.037678
            ],
            [
              141.355689,
              43.037563
            ],
            [
              141.355642,
              43.037497
            ],
            [
              141.355609,
              43.037423
            ],
            [
              141.355587,
              43.037348
            ],
            [
              141.355577,
              43.037269
            ],
            [
              141.355603,
              43.036629
            ],
            [
              141.355594,
              43.036491
            ],
            [
              141.355097,
              43.034991
            ],
            [
              141.355032,
              43.034737
            ],
            [
              141.354968,
              43.034483
            ],
            [
              141.354882,
              43.033862
            ],
            [
              141.35483,
              43.032239
            ],
            [
              141.354808,
              43.03158
            ],
            [
              141.354812,
              43.031523
            ],
            [
              141.354821,
              43.031475
            ],
            [
              141.354873,
              43.031339
            ],
            [
              141.35489,
              43.031268
            ],
            [
              141.354898,
              43.031205
            ],
            [
              141.3549,
              43.031155
            ],
            [
              141.354893,
              43.031085
            ],
            [
              141.35488,
              43.031016
            ],
            [
              141.35486,
              43.030952
            ],
            [
              141.354539,
              43.030107
            ],
            [
              141.354434,
              43.029845
            ],
            [
              141.354391,
              43.029751
            ],
            [
              141.354352,
              43.029672
            ],
            [
              141.353606,
              43.028271
            ],
            [
              141.353138,
              43.026945
            ],
            [
              141.353004,
              43.026571
            ],
            [
              141.352897,
              43.026267
            ],
            [
              141.352854,
              43.026136
            ],
            [
              141.352578,
              43.025002
            ],
            [
              141.35256,
              43.02498
            ],
            [
              141.352538,
              43.024967
            ],
            [
              141.35251,
              43.024963
            ],
            [
              141.352119,
              43.025015
            ],
            [
              141.352088,
              43.025011
            ],
            [
              141.35203072768695,
              43.02498677107801
            ],
            [
              141.35200350844482,
              43.02495216446646
            ],
            [
              141.351979,
              43.024693
            ],
            [
              141.351948,
              43.024361
            ],
            [
              141.351925,
              43.024157
            ],
            [
              141.35191,
              43.023768
            ],
            [
              141.351894,
              43.023625
            ],
            [
              141.351858,
              43.023443
            ],
            [
              141.35182,
              43.023294
            ],
            [
              141.351751,
              43.023097
            ],
            [
              141.351665,
              43.022911
            ],
            [
              141.35153,
              43.022667
            ],
            [
              141.351457,
              43.022558
            ],
            [
              141.351355,
              43.022426
            ],
            [
              141.351317,
              43.022386
            ],
            [
              141.350946,
              43.022022
            ],
            [
              141.35006739191812,
              43.0211790616344
            ],
            [
              141.35045082819843,
              43.02096448702037
            ],
            [
              141.3505052666827,
              43.02105966133687
            ],
            [
              141.35099047925968,
              43.02150092214936
            ],
            [
              141.351375,
              43.02178
            ],
            [
              141.351575,
              43.021919
            ],
            [
              141.35163,
              43.021954
            ],
            [
              141.351715,
              43.022011
            ],
            [
              141.351753,
              43.022031
            ],
            [
              141.351792,
              43.022047
            ],
            [
              141.351831,
              43.022053
            ],
            [
              141.35187,
              43.02205
            ],
            [
              141.351913,
              43.022037
            ],
            [
              141.351947,
              43.022013
            ],
            [
              141.351968,
              43.021993
            ],
            [
              141.35198,
              43.021963
            ],
            [
              141.351985,
              43.021934
            ],
            [
              141.351988,
              43.021761
            ],
            [
              141.351994,
              43.021435
            ],
            [
              141.351987,
              43.021412
            ],
            [
              141.351944,
              43.021329
            ],
            [
              141.351939,
              43.021309
            ],
            [
              141.351938,
              43.021172
            ],
            [
              141.351949,
              43.021155
            ],
            [
              141.351983,
              43.021139
            ],
            [
              141.352004,
              43.021122
            ],
            [
              141.352013,
              43.021094
            ],
            [
              141.352086,
              43.020336
            ],
            [
              141.352092,
              43.020319
            ],
            [
              141.352146,
              43.02027
            ],
            [
              141.352155,
              43.020245
            ],
            [
              141.352195,
              43.019997
            ],
            [
              141.352287,
              43.019547
            ],
            [
              141.352514,
              43.01854
            ],
            [
              141.352571,
              43.018192
            ],
            [
              141.352597,
              43.017994
            ],
            [
              141.352617,
              43.017732
            ],
            [
              141.352633,
              43.017228
            ],
            [
              141.352564,
              43.015249
            ],
            [
              141.35253,
              43.014889
            ],
            [
              141.352517,
              43.014829
            ],
            [
              141.352474,
              43.014714
            ],
            [
              141.352412,
              43.014526
            ],
            [
              141.352321,
              43.014244
            ],
            [
              141.352164,
              43.013746
            ],
            [
              141.351995,
              43.013198
            ],
            [
              141.351942,
              43.013088
            ],
            [
              141.351915,
              43.013035
            ],
            [
              141.35186,
              43.012928
            ],
            [
              141.351821,
              43.012867
            ],
            [
              141.35169,
              43.012711
            ],
            [
              141.351573,
              43.012562
            ],
            [
              141.351485,
              43.012437
            ],
            [
              141.351303,
              43.012163
            ],
            [
              141.351088,
              43.011849
            ],
            [
              141.350943,
              43.01166
            ],
            [
              141.350725,
              43.011401
            ],
            [
              141.350614,
              43.011285
            ],
            [
              141.350432,
              43.011111
            ],
            [
              141.350284,
              43.010966
            ],
            [
              141.349997,
              43.010687
            ],
            [
              141.349763,
              43.010477
            ],
            [
              141.349671,
              43.010404
            ],
            [
              141.34938,
              43.01022
            ],
            [
              141.349186,
              43.010104
            ],
            [
              141.349023,
              43.010018
            ],
            [
              141.348644,
              43.009823
            ],
            [
              141.347435,
              43.00918
            ],
            [
              141.347245,
              43.009071
            ],
            [
              141.346998,
              43.008903
            ],
            [
              141.346817,
              43.008779
            ],
            [
              141.346648,
              43.008647
            ],
            [
              141.346363,
              43.008423
            ],
            [
              141.34606,
              43.008183
            ],
            [
              141.345904,
              43.008049
            ],
            [
              141.34578,
              43.007923
            ],
            [
              141.345688,
              43.007817
            ],
            [
              141.345454,
              43.007502
            ],
            [
              141.345364,
              43.007371
            ],
            [
              141.345271,
              43.007208
            ],
            [
              141.34514544287515,
              43.006959276352376
            ],
            [
              141.3450933712815,
              43.006869272703334
            ],
            [
              141.3449418902819,
              43.00657502908423
            ],
            [
              141.34483301331338,
              43.00645040783244
            ],
            [
              141.34466141374347,
              43.00624876318814
            ],
            [
              141.3445300513141,
              43.006085196874565
            ],
            [
              141.3444779797205,
              43.005920764691766
            ],
            [
              141.3450555010316,
              43.005813450819325
            ],
            [
              141.34642829759085,
              43.00556766672766
            ],
            [
              141.34632888818484,
              43.005325343421035
            ],
            [
              141.34631942062236,
              43.00507955737643
            ],
            [
              141.346323,
              43.004803
            ],
            [
              141.346307,
              43.004638
            ],
            [
              141.346234,
              43.004271
            ],
            [
              141.346203,
              43.004175
            ],
            [
              141.346159,
              43.004063
            ],
            [
              141.346066,
              43.003885
            ],
            [
              141.345896,
              43.003626
            ],
            [
              141.345811,
              43.003496
            ],
            [
              141.345704,
              43.003307
            ],
            [
              141.345586,
              43.003081
            ],
            [
              141.345237,
              43.002083
            ],
            [
              141.344781,
              43.001284
            ],
            [
              141.344725,
              43.001163
            ],
            [
              141.344667,
              43.000984
            ],
            [
              141.34464,
              43.000922
            ],
            [
              141.344612,
              43.000871
            ],
            [
              141.344558,
              43.000795
            ],
            [
              141.344487,
              43.000708
            ],
            [
              141.3444,
              43.000621
            ],
            [
              141.344363,
              43.000552
            ],
            [
              141.344309,
              43.000406
            ],
            [
              141.344273,
              43.000319
            ],
            [
              141.344239,
              43.000219
            ],
            [
              141.344206,
              43.00014
            ],
            [
              141.344199,
              43.000084
            ],
            [
              141.344203,
              43.000017
            ],
            [
              141.344218,
              42.999924
            ],
            [
              141.344247,
              42.99978
            ],
            [
              141.344261,
              42.99963
            ],
            [
              141.344286,
              42.999483
            ],
            [
              141.34433,
              42.999372
            ],
            [
              141.344454,
              42.99911
            ],
            [
              141.344505,
              42.999031
            ],
            [
              141.344541,
              42.999003
            ],
            [
              141.344585,
              42.998987
            ],
            [
              141.34514,
              42.99893
            ],
            [
              141.34519,
              42.998911
            ],
            [
              141.345231,
              42.998886
            ],
            [
              141.345261,
              42.998881
            ],
            [
              141.345312,
              42.998881
            ],
            [
              141.345474,
              42.998926
            ],
            [
              141.345526,
              42.998925
            ],
            [
              141.345557,
              42.99891
            ],
            [
              141.345603,
              42.998856
            ],
            [
              141.345566,
              42.998833
            ],
            [
              141.345497,
              42.998791
            ],
            [
              141.345454,
              42.998731
            ],
            [
              141.345278,
              42.998473
            ],
            [
              141.345229,
              42.998403
            ],
            [
              141.345223,
              42.998366
            ],
            [
              141.345229,
              42.99832
            ],
            [
              141.345244,
              42.998266
            ],
            [
              141.345279,
              42.998197
            ],
            [
              141.345389,
              42.99807
            ],
            [
              141.345424,
              42.998042
            ],
            [
              141.345437,
              42.997968
            ],
            [
              141.345432,
              42.997931
            ],
            [
              141.345374,
              42.997767
            ],
            [
              141.345314,
              42.997641
            ],
            [
              141.345329,
              42.997476
            ],
            [
              141.345604,
              42.997093
            ],
            [
              141.346427,
              42.996012
            ],
            [
              141.346492,
              42.995911
            ],
            [
              141.346569,
              42.995751
            ],
            [
              141.346624,
              42.995669
            ],
            [
              141.346777,
              42.995518
            ],
            [
              141.346868,
              42.995434
            ],
            [
              141.346985,
              42.995251
            ],
            [
              141.347103,
              42.995011
            ],
            [
              141.347259,
              42.994768
            ],
            [
              141.347335,
              42.994642
            ],
            [
              141.347434,
              42.994511
            ],
            [
              141.347538,
              42.994425
            ],
            [
              141.347595,
              42.994362
            ],
            [
              141.347713,
              42.994171
            ],
            [
              141.347843,
              42.993942
            ],
            [
              141.347977,
              42.993678
            ],
            [
              141.350728,
              42.990061
            ],
            [
              141.350942,
              42.989672
            ],
            [
              141.351071,
              42.989264
            ],
            [
              141.351114,
              42.988574
            ],
            [
              141.351114,
              42.988316
            ],
            [
              141.351103,
              42.988103
            ],
            [
              141.351096,
              42.988063
            ],
            [
              141.350886,
              42.987606
            ],
            [
              141.350878,
              42.987518
            ],
            [
              141.350838,
              42.987413
            ],
            [
              141.350696,
              42.987227
            ],
            [
              141.350478,
              42.987281
            ],
            [
              141.350388,
              42.987203
            ],
            [
              141.350229,
              42.987057
            ],
            [
              141.350109,
              42.986966
            ],
            [
              141.349995,
              42.986876
            ],
            [
              141.349801,
              42.986747
            ],
            [
              141.349529,
              42.986577
            ],
            [
              141.349407,
              42.986496
            ],
            [
              141.349274,
              42.986356
            ],
            [
              141.349168,
              42.986205
            ],
            [
              141.34909,
              42.986071
            ],
            [
              141.349005,
              42.985902
            ],
            [
              141.348758,
              42.985169
            ],
            [
              141.348451,
              42.984433
            ],
            [
              141.348402,
              42.984273
            ],
            [
              141.348394,
              42.984077
            ],
            [
              141.348427,
              42.983919
            ],
            [
              141.348511,
              42.983755
            ],
            [
              141.348935,
              42.983273
            ],
            [
              141.348988,
              42.983223
            ],
            [
              141.349074,
              42.983167
            ],
            [
              141.349114,
              42.983085
            ],
            [
              141.349216,
              42.982951
            ],
            [
              141.349419,
              42.982688
            ],
            [
              141.349496,
              42.98258
            ],
            [
              141.349551,
              42.982482
            ],
            [
              141.349604,
              42.982375
            ],
            [
              141.349635,
              42.982285
            ],
            [
              141.349667,
              42.982184
            ],
            [
              141.349686,
              42.982089
            ],
            [
              141.349686,
              42.982014
            ],
            [
              141.349683,
              42.981939
            ],
            [
              141.349666,
              42.981851
            ],
            [
              141.34964,
              42.98177
            ],
            [
              141.349609,
              42.981696
            ],
            [
              141.349497,
              42.981584
            ],
            [
              141.349368,
              42.981491
            ],
            [
              141.349312,
              42.981444
            ],
            [
              141.34925,
              42.981386
            ],
            [
              141.348116,
              42.980415
            ],
            [
              141.348036,
              42.980316
            ],
            [
              141.347934,
              42.980196
            ],
            [
              141.347814,
              42.980073
            ],
            [
              141.347694,
              42.979957
            ],
            [
              141.347598,
              42.979848
            ],
            [
              141.347523,
              42.979771
            ],
            [
              141.347438,
              42.979654
            ],
            [
              141.347415,
              42.979611
            ],
            [
              141.34732732578004,
              42.97933062796268
            ],
            [
              141.34728894124157,
              42.97906384727969
            ],
            [
              141.3473081335108,
              42.97883918896465
            ],
            [
              141.34735291547238,
              42.97852560202738
            ],
            [
              141.3473145309339,
              42.978375828597486
            ],
            [
              141.34707782627981,
              42.97806691974617
            ],
            [
              141.3467387628564,
              42.97777205075859
            ],
            [
              141.34643168654844,
              42.977009129196915
            ],
            [
              141.34625895612518,
              42.97654575503905
            ],
            [
              141.3461054179712,
              42.976175989317255
            ],
            [
              141.34605423858653,
              42.97589515310623
            ],
            [
              141.34600945662496,
              42.97557218987799
            ],
            [
              141.34597107208646,
              42.97512752758555
            ],
            [
              141.34599666177877,
              42.97503859474123
            ],
            [
              141.3462141741636,
              42.97481392171954
            ],
            [
              141.34626535354826,
              42.97468754278413
            ],
            [
              141.34625895612518,
              42.97459860930352
            ],
            [
              141.34611181539427,
              42.97436457321368
            ],
            [
              141.34609262312503,
              42.97432712735665
            ],
            [
              141.3450562405856,
              42.97426159705199
            ],
            [
              141.344688,
              42.97322
            ],
            [
              141.344241,
              42.972119
            ],
            [
              141.344085,
              42.971939
            ],
            [
              141.34404,
              42.971774
            ],
            [
              141.343722,
              42.970919
            ],
            [
              141.343312,
              42.969853
            ],
            [
              141.343089,
              42.969279
            ],
            [
              141.342966,
              42.968972
            ],
            [
              141.342882,
              42.968591
            ],
            [
              141.342843,
              42.968274
            ],
            [
              141.342633,
              42.966749
            ],
            [
              141.342601,
              42.966531
            ],
            [
              141.342592,
              42.966319
            ],
            [
              141.342606,
              42.966112
            ],
            [
              141.342634,
              42.965948
            ],
            [
              141.342736,
              42.965625
            ],
            [
              141.34308,
              42.964505
            ],
            [
              141.343219,
              42.964032
            ],
            [
              141.343257,
              42.963872
            ],
            [
              141.343271,
              42.963717
            ],
            [
              141.343276,
              42.963394
            ],
            [
              141.343251,
              42.9627
            ],
            [
              141.343248,
              42.962088
            ],
            [
              141.343243,
              42.961658
            ],
            [
              141.343257,
              42.961263
            ],
            [
              141.34326,
              42.96119
            ],
            [
              141.343295,
              42.960898
            ],
            [
              141.34336,
              42.96051
            ],
            [
              141.343377,
              42.960388
            ],
            [
              141.343411,
              42.96013
            ],
            [
              141.343507,
              42.959479
            ],
            [
              141.343567,
              42.95902
            ],
            [
              141.343678,
              42.958276
            ],
            [
              141.343833,
              42.95722
            ],
            [
              141.343899,
              42.956775
            ],
            [
              141.344057,
              42.956142
            ],
            [
              141.344149,
              42.955773
            ],
            [
              141.344261,
              42.955364
            ],
            [
              141.344303,
              42.955211
            ],
            [
              141.344369,
              42.954966
            ],
            [
              141.344396,
              42.954844
            ],
            [
              141.344523,
              42.954266
            ],
            [
              141.344653,
              42.953504
            ],
            [
              141.344705,
              42.953286
            ],
            [
              141.344935,
              42.952498
            ],
            [
              141.345012,
              42.95231
            ],
            [
              141.345086,
              42.952182
            ],
            [
              141.34517,
              42.952061
            ],
            [
              141.345273,
              42.951943
            ],
            [
              141.345338,
              42.951888
            ],
            [
              141.345499,
              42.951778
            ],
            [
              141.345704,
              42.951635
            ],
            [
              141.346071,
              42.951408
            ],
            [
              141.346345,
              42.951161
            ],
            [
              141.346486,
              42.950955
            ],
            [
              141.346582,
              42.950722
            ],
            [
              141.34668,
              42.950315
            ],
            [
              141.346748,
              42.949931
            ],
            [
              141.346767,
              42.949836
            ],
            [
              141.346839,
              42.94947
            ],
            [
              141.346883,
              42.949164
            ],
            [
              141.346886,
              42.948797
            ],
            [
              141.346885,
              42.948562
            ],
            [
              141.346876,
              42.948066
            ],
            [
              141.346879,
              42.947845
            ],
            [
              141.34687,
              42.947417
            ],
            [
              141.346864,
              42.947066
            ],
            [
              141.346863,
              42.946813
            ],
            [
              141.346854,
              42.946547
            ],
            [
              141.34682,
              42.9462
            ],
            [
              141.346765,
              42.945925
            ],
            [
              141.346642,
              42.945513
            ],
            [
              141.346475,
              42.944995
            ],
            [
              141.346265,
              42.944317
            ],
            [
              141.346156,
              42.944026
            ],
            [
              141.346041,
              42.94379
            ],
            [
              141.34566,
              42.943164
            ],
            [
              141.345264,
              42.942539
            ],
            [
              141.345104,
              42.94219
            ],
            [
              141.345026,
              42.942037
            ],
            [
              141.344923,
              42.941792
            ],
            [
              141.344848,
              42.941575
            ],
            [
              141.344753,
              42.94119
            ],
            [
              141.344615,
              42.940499
            ],
            [
              141.344545,
              42.939977
            ],
            [
              141.34449326735424,
              42.939722095168776
            ],
            [
              141.34433013306563,
              42.9393755250664
            ],
            [
              141.34412221681544,
              42.939120279621996
            ],
            [
              141.34391430056525,
              42.938923575988795
            ],
            [
              141.343746,
              42.938757
            ],
            [
              141.343386,
              42.938403
            ],
            [
              141.343101,
              42.938002
            ],
            [
              141.342794,
              42.937448
            ],
            [
              141.342193,
              42.936358
            ],
            [
              141.341931,
              42.93587
            ],
            [
              141.341796,
              42.935583
            ],
            [
              141.341735,
              42.935421
            ],
            [
              141.341679,
              42.935213
            ],
            [
              141.341577,
              42.934907
            ],
            [
              141.341641,
              42.934797
            ],
            [
              141.341647,
              42.934646
            ],
            [
              141.341635,
              42.93427
            ],
            [
              141.341639,
              42.934202
            ],
            [
              141.341653,
              42.93395
            ],
            [
              141.341702,
              42.933745
            ],
            [
              141.341787,
              42.933577
            ],
            [
              141.341885,
              42.93343
            ],
            [
              141.342033,
              42.933247
            ],
            [
              141.342235,
              42.933088
            ],
            [
              141.342409,
              42.932977
            ],
            [
              141.342774,
              42.932782
            ],
            [
              141.343388,
              42.932443
            ],
            [
              141.343822,
              42.932188
            ],
            [
              141.344428,
              42.931855
            ],
            [
              141.344617,
              42.931715
            ],
            [
              141.344718,
              42.931626
            ],
            [
              141.344858,
              42.931483
            ],
            [
              141.344996,
              42.931306
            ],
            [
              141.345123,
              42.931084
            ],
            [
              141.345267,
              42.93078
            ],
            [
              141.345507,
              42.930275
            ],
            [
              141.345736,
              42.929947
            ],
            [
              141.345997,
              42.929725
            ],
            [
              141.34617,
              42.929617
            ],
            [
              141.346354,
              42.929525
            ],
            [
              141.346587,
              42.929438
            ],
            [
              141.346848,
              42.929369
            ],
            [
              141.346934,
              42.929355
            ],
            [
              141.347331,
              42.929322
            ],
            [
              141.347775,
              42.929322
            ],
            [
              141.34853,
              42.929362
            ],
            [
              141.348916,
              42.929341
            ],
            [
              141.349294,
              42.929274
            ],
            [
              141.349589,
              42.929176
            ],
            [
              141.34981,
              42.929069
            ],
            [
              141.350052,
              42.928909
            ],
            [
              141.350192,
              42.928787
            ],
            [
              141.350483,
              42.928485
            ],
            [
              141.350507,
              42.928456
            ],
            [
              141.350883,
              42.927932
            ],
            [
              141.351067,
              42.92771
            ],
            [
              141.351478,
              42.927305
            ],
            [
              141.352505,
              42.926442
            ],
            [
              141.353256,
              42.925778
            ],
            [
              141.353357,
              42.925642
            ],
            [
              141.353497,
              42.925463
            ],
            [
              141.353676,
              42.925159
            ],
            [
              141.353974,
              42.924539
            ],
            [
              141.354141,
              42.924188
            ],
            [
              141.354256,
              42.923934
            ],
            [
              141.354437,
              42.9237
            ],
            [
              141.354587,
              42.923564
            ],
            [
              141.354743,
              42.923448
            ],
            [
              141.354874,
              42.923369
            ],
            [
              141.355022,
              42.923297
            ],
            [
              141.355224,
              42.923218
            ],
            [
              141.355588,
              42.923122
            ],
            [
              141.35674,
              42.922911
            ],
            [
              141.357482,
              42.922764
            ],
            [
              141.357891,
              42.922674
            ],
            [
              141.35829,
              42.922547
            ],
            [
              141.358685,
              42.922396
            ],
            [
              141.359036,
              42.922221
            ],
            [
              141.359346,
              42.922045
            ],
            [
              141.359661,
              42.921819
            ],
            [
              141.3608130936391,
              42.920711718118305
            ],
            [
              141.361866,
              42.919652
            ],
            [
              141.362024,
              42.919512
            ],
            [
              141.362254,
              42.919376
            ],
            [
              141.362524,
              42.919241
            ],
            [
              141.36284,
              42.919125
            ],
            [
              141.36319,
              42.919025
            ],
            [
              141.363566,
              42.918983
            ],
            [
              141.363981,
              42.918989
            ],
            [
              141.364418,
              42.919042
            ],
            [
              141.365022,
              42.919179
            ],
            [
              141.365345,
              42.919265
            ],
            [
              141.365673,
              42.919325
            ],
            [
              141.366044,
              42.919377
            ],
            [
              141.366405,
              42.919402
            ],
            [
              141.366789,
              42.919386
            ],
            [
              141.367229,
              42.919345
            ],
            [
              141.36867,
              42.91915
            ],
            [
              141.36908,
              42.919117
            ],
            [
              141.369337,
              42.919102
            ],
            [
              141.369716,
              42.919086
            ],
            [
              141.370147,
              42.919095
            ],
            [
              141.370577,
              42.919112
            ],
            [
              141.371909,
              42.919231
            ],
            [
              141.372207,
              42.919251
            ],
            [
              141.372456,
              42.919251
            ],
            [
              141.372884,
              42.919219
            ],
            [
              141.374296,
              42.918989
            ],
            [
              141.374541,
              42.918958
            ],
            [
              141.37481,
              42.918955
            ],
            [
              141.375075,
              42.918978
            ],
            [
              141.375306,
              42.919033
            ],
            [
              141.37552,
              42.919104
            ],
            [
              141.376096,
              42.919345
            ],
            [
              141.378062,
              42.92016
            ],
            [
              141.378495,
              42.920375
            ],
            [
              141.37876,
              42.920534
            ],
            [
              141.379024,
              42.920716
            ],
            [
              141.379538,
              42.921108
            ],
            [
              141.379725,
              42.921213
            ],
            [
              141.379916,
              42.921267
            ],
            [
              141.38013,
              42.921313
            ],
            [
              141.38034,
              42.921335
            ],
            [
              141.380531,
              42.921331
            ],
            [
              141.380814,
              42.921291
            ],
            [
              141.381391,
              42.921125
            ],
            [
              141.381534,
              42.921101
            ],
            [
              141.381714,
              42.921098
            ],
            [
              141.3819,
              42.921125
            ],
            [
              141.382074,
              42.921192
            ],
            [
              141.382203,
              42.921276
            ],
            [
              141.382326,
              42.921386
            ],
            [
              141.382396,
              42.921557
            ],
            [
              141.38245,
              42.921851
            ],
            [
              141.382497,
              42.921989
            ],
            [
              141.382561,
              42.922117
            ],
            [
              141.3828168739729,
              42.92238994440514
            ],
            [
              141.38317190756578,
              42.92257713179053
            ],
            [
              141.3835742789711,
              42.92279204993905
            ],
            [
              141.38361214922097,
              42.92280938201514
            ],
            [
              141.38373049375195,
              42.92250780319559
            ],
            [
              141.38378256534557,
              42.922195823552926
            ],
            [
              141.3837588964394,
              42.922025967305494
            ]
          ]
        ]
      }
    },
    {
      "type": "Feature",
      "properties": {
        "fid": 12,
        "name": "札幌恵庭自転車道路",
        "ward": "清田区",
        "road_type": "exclusive",
        "source": "sapporo_map_2024"
      },
      "geometry": {
        "type": "MultiLineString",
        "coordinates": [
          [
            [
              141.38961118231515,
              43.05888453449516
            ],
            [
              141.3895536429083,
              43.05892457382115
            ],
            [
              141.3894330841512,
              43.05883448530087
            ],
            [
              141.3893673248291,
              43.05873638876159
            ],
            [
              141.38930978542228,
              43.05869434733957
            ],
            [
              141.3892275862697,
              43.05862427823881
            ],
            [
              141.38917004686286,
              43.05859024464669
            ],
            [
              141.3890275683317,
              43.05851216751105
            ],
            [
              141.38890152963103,
              43.05842207838484
            ],
            [
              141.38881111056318,
              43.05834600301962
            ],
            [
              141.3887179515236,
              43.05824189973532
            ],
            [
              141.38868507186254,
              43.05822388184126
            ],
            [
              141.38861109262518,
              43.05819185001651
            ],
            [
              141.3885453333031,
              43.05818184006784
            ],
            [
              141.38844669432,
              43.05817183011754
            ],
            [
              141.38835627525214,
              43.058177836087914
            ],
            [
              141.38827955604307,
              43.058211869908945
            ],
            [
              141.38809323796383,
              43.05831997721512
            ],
            [
              141.38797267920668,
              43.05839204864668
            ],
            [
              141.38793431960215,
              43.05839805459549
            ],
            [
              141.38781102087324,
              43.05840005657829
            ],
            [
              141.38770142200312,
              43.058366022861726
            ],
            [
              141.3875890831612,
              43.05830996728737
            ],
            [
              141.3875205838674,
              43.05825791563673
            ],
            [
              141.38745208457357,
              43.05817983807791
            ],
            [
              141.38736714544925,
              43.05813179029998
            ],
            [
              141.38722466691803,
              43.05803169064174
            ],
            [
              141.38713150787845,
              43.05797163076836
            ],
            [
              141.3870684885281,
              43.05791357283482
            ],
            [
              141.38696984954498,
              43.057831490835
            ],
            [
              141.3869287499687,
              43.057791450795214
            ],
            [
              141.38678353146577,
              43.057703362615655
            ],
            [
              141.386705,
              43.057652
            ],
            [
              141.386521,
              43.057488
            ],
            [
              141.38629,
              43.057341
            ],
            [
              141.38613,
              43.057245
            ],
            [
              141.3860807287111,
              43.05720285919329
            ],
            [
              141.3859478400811,
              43.05709675194291
            ],
            [
              141.3857752218606,
              43.05695961305484
            ],
            [
              141.38553273436042,
              43.056815466739685
            ],
            [
              141.38535052623885,
              43.056648296630414
            ],
            [
              141.38523955738282,
              43.056582229275946
            ],
            [
              141.3849299405747,
              43.05633297452506
            ],
            [
              141.3845573044163,
              43.05605769199632
            ],
            [
              141.3843627664218,
              43.055877506399256
            ],
            [
              141.3840887692465,
              43.05571133476824
            ],
            [
              141.38399835017862,
              43.05560122078877
            ],
            [
              141.38395177065883,
              43.05542103385044
            ],
            [
              141.38389149128025,
              43.05532893809971
            ],
            [
              141.38376819255134,
              43.05521281717342
            ],
            [
              141.38342295611045,
              43.05498858303828
            ],
            [
              141.3831078593588,
              43.054748331269344
            ],
            [
              141.38293524113834,
              43.054632209243614
            ],
            [
              141.38243656627924,
              43.05423178677887
            ],
            [
              141.38204475031858,
              43.05380933824434
            ],
            [
              141.3817543133127,
              43.05370923153005
            ],
            [
              141.38213790935814,
              43.053434938295595
            ],
            [
              141.38182007263475,
              43.053092570566335
            ],
            [
              141.38170225384937,
              43.05293239787301
            ],
            [
              141.38155977531824,
              43.052678122863185
            ],
            [
              141.38141455681532,
              43.05237179015204
            ],
            [
              141.38129125808638,
              43.05212552156889
            ],
            [
              141.38117343930105,
              43.051791155324445
            ],
            [
              141.38111315992248,
              43.05126257263254
            ],
            [
              141.38116795935755,
              43.050729980918845
            ],
            [
              141.38125563845364,
              43.0503815913559
            ],
            [
              141.38151867574194,
              43.04990505530082
            ],
            [
              141.3817159537082,
              43.04963274732132
            ],
            [
              141.38208858986664,
              43.049184237425514
            ],
            [
              141.382395466703,
              43.0489479675008
            ],
            [
              141.38266398393483,
              43.04879979776164
            ],
            [
              141.3828,
              43.048706
            ],
            [
              141.383279,
              43.048483
            ],
            [
              141.383697,
              43.0483
            ],
            [
              141.383959,
              43.048185
            ],
            [
              141.385556,
              43.047578
            ],
            [
              141.385805,
              43.047481
            ],
            [
              141.386046,
              43.047384
            ],
            [
              141.386433,
              43.047237
            ],
            [
              141.387288,
              43.046917
            ],
            [
              141.387542,
              43.046798
            ],
            [
              141.387726,
              43.04673
            ],
            [
              141.387992,
              43.046662
            ],
            [
              141.388274,
              43.046575
            ],
            [
              141.390722,
              43.045645
            ],
            [
              141.393256,
              43.044658
            ],
            [
              141.39343207292515,
              43.04459883650279
            ],
            [
              141.3938732083774,
              43.044470680636344
            ],
            [
              141.394066,
              43.044384
            ],
            [
              141.394437,
              43.044184
            ],
            [
              141.394725,
              43.044028
            ],
            [
              141.394779,
              43.044
            ],
            [
              141.39486,
              43.043966
            ],
            [
              141.394935,
              43.04394
            ],
            [
              141.395002,
              43.043921
            ],
            [
              141.395254,
              43.043859
            ],
            [
              141.395452,
              43.043801
            ],
            [
              141.397318,
              43.043089
            ],
            [
              141.397908,
              43.042889
            ],
            [
              141.398091,
              43.04282
            ],
            [
              141.3982,
              43.042778
            ],
            [
              141.39829,
              43.042741
            ],
            [
              141.398525,
              43.042622
            ],
            [
              141.399232,
              43.042357
            ],
            [
              141.399469,
              43.042267
            ],
            [
              141.400025,
              43.042055
            ],
            [
              141.400145,
              43.042009
            ],
            [
              141.40084,
              43.041743
            ],
            [
              141.400938,
              43.041706
            ],
            [
              141.401263,
              43.041582
            ],
            [
              141.401798,
              43.041398
            ],
            [
              141.402067,
              43.04132
            ],
            [
              141.402908,
              43.041008
            ],
            [
              141.404925,
              43.040234
            ],
            [
              141.405028,
              43.040224
            ],
            [
              141.405177,
              43.040209
            ],
            [
              141.405236,
              43.040204
            ],
            [
              141.405375,
              43.04019
            ],
            [
              141.405914,
              43.039987
            ],
            [
              141.406391,
              43.039807
            ],
            [
              141.406667,
              43.039703
            ],
            [
              141.407043,
              43.039511
            ],
            [
              141.407067,
              43.039496
            ],
            [
              141.407242,
              43.039391
            ],
            [
              141.407344,
              43.039254
            ],
            [
              141.407378,
              43.039241
            ],
            [
              141.407905,
              43.03904
            ],
            [
              141.408381,
              43.03886
            ],
            [
              141.408506,
              43.038813
            ],
            [
              141.408519,
              43.038808
            ],
            [
              141.408987,
              43.038631
            ],
            [
              141.409905,
              43.038284
            ],
            [
              141.41035,
              43.038099
            ],
            [
              141.410536,
              43.038027
            ],
            [
              141.411109,
              43.037814
            ],
            [
              141.411145,
              43.0378
            ],
            [
              141.41372430372988,
              43.03682089247498
            ],
            [
              141.41605875966366,
              43.035931692921764
            ],
            [
              141.41814113819618,
              43.035134606694854
            ],
            [
              141.41929192633253,
              43.03469400182468
            ],
            [
              141.41998787915787,
              43.03443364291445
            ],
            [
              141.420328,
              43.034304
            ],
            [
              141.420841,
              43.034109
            ],
            [
              141.42106,
              43.034026
            ],
            [
              141.421689,
              43.033789
            ],
            [
              141.422453,
              43.033496
            ],
            [
              141.42271,
              43.033399
            ],
            [
              141.422978,
              43.033297
            ],
            [
              141.423115,
              43.033245
            ],
            [
              141.423129,
              43.03324
            ],
            [
              141.423381,
              43.033145
            ],
            [
              141.423556,
              43.033078
            ],
            [
              141.423754,
              43.033003
            ],
            [
              141.423907,
              43.032946
            ],
            [
              141.424019,
              43.032944
            ],
            [
              141.424081,
              43.032931
            ],
            [
              141.424445,
              43.032794
            ],
            [
              141.424815,
              43.032649
            ],
            [
              141.424953,
              43.032549
            ],
            [
              141.425543,
              43.032326
            ],
            [
              141.425965,
              43.032167
            ],
            [
              141.426141,
              43.0321
            ],
            [
              141.426605,
              43.031924
            ],
            [
              141.428353,
              43.031259
            ],
            [
              141.428679,
              43.031121
            ],
            [
              141.428785,
              43.031075
            ],
            [
              141.428969,
              43.031004
            ],
            [
              141.42936,
              43.030855
            ],
            [
              141.431797,
              43.029927
            ],
            [
              141.431921,
              43.029879
            ],
            [
              141.43362,
              43.029221
            ],
            [
              141.434714,
              43.028806
            ],
            [
              141.434917,
              43.028729
            ],
            [
              141.435754,
              43.028408
            ],
            [
              141.435811,
              43.028387
            ],
            [
              141.436734,
              43.028035
            ],
            [
              141.436742,
              43.028032
            ],
            [
              141.436805,
              43.028008
            ],
            [
              141.437292,
              43.027815
            ],
            [
              141.437639,
              43.027686
            ],
            [
              141.438325,
              43.027423
            ],
            [
              141.43851,
              43.027346
            ],
            [
              141.438721,
              43.027274
            ],
            [
              141.438833,
              43.027231
            ],
            [
              141.439385,
              43.027041
            ],
            [
              141.439464,
              43.027009
            ],
            [
              141.439515,
              43.026988
            ],
            [
              141.440283,
              43.026681
            ],
            [
              141.440481,
              43.026608
            ],
            [
              141.440575,
              43.026572
            ],
            [
              141.4419,
              43.026072
            ],
            [
              141.442521,
              43.025867
            ],
            [
              141.443013,
              43.025752
            ],
            [
              141.443203,
              43.02571
            ],
            [
              141.443298,
              43.025709
            ],
            [
              141.444302,
              43.02568
            ],
            [
              141.444786,
              43.025664
            ],
            [
              141.444903,
              43.025662
            ],
            [
              141.445075,
              43.025688
            ],
            [
              141.445994,
              43.025845
            ],
            [
              141.446843,
              43.025981
            ],
            [
              141.447126,
              43.026027
            ],
            [
              141.448141,
              43.026212
            ],
            [
              141.44819,
              43.026242
            ],
            [
              141.448285,
              43.026293
            ],
            [
              141.44837,
              43.026319
            ],
            [
              141.448874,
              43.026411
            ],
            [
              141.449126,
              43.026397
            ],
            [
              141.449228,
              43.026409
            ],
            [
              141.449287,
              43.026423
            ],
            [
              141.449458,
              43.026452
            ],
            [
              141.450219,
              43.026583
            ],
            [
              141.450252,
              43.026589
            ],
            [
              141.450275,
              43.026593
            ],
            [
              141.450488,
              43.026632
            ],
            [
              141.450502,
              43.026634
            ],
            [
              141.450638,
              43.026656
            ],
            [
              141.450693,
              43.02666
            ],
            [
              141.450781,
              43.026653
            ],
            [
              141.45083,
              43.026649
            ],
            [
              141.450878,
              43.026649
            ],
            [
              141.450927,
              43.026653
            ],
            [
              141.451327,
              43.026725
            ],
            [
              141.451372,
              43.02674
            ],
            [
              141.451514,
              43.026817
            ],
            [
              141.451639,
              43.026841
            ],
            [
              141.45181,
              43.026868
            ],
            [
              141.451829,
              43.026869
            ],
            [
              141.452032,
              43.026874
            ],
            [
              141.452199,
              43.026897
            ],
            [
              141.452846,
              43.027021
            ],
            [
              141.453474,
              43.027141
            ],
            [
              141.453932,
              43.027219
            ],
            [
              141.454402,
              43.027303
            ],
            [
              141.455012,
              43.02742
            ],
            [
              141.455509,
              43.027507
            ],
            [
              141.456876,
              43.027739
            ],
            [
              141.457752,
              43.027895
            ],
            [
              141.458212,
              43.027979
            ],
            [
              141.458534,
              43.028061
            ],
            [
              141.458787,
              43.028108
            ],
            [
              141.458866,
              43.028126
            ],
            [
              141.45956,
              43.028255
            ],
            [
              141.461888,
              43.028653
            ],
            [
              141.462278,
              43.028712
            ],
            [
              141.46234,
              43.028721
            ],
            [
              141.462359,
              43.028723
            ],
            [
              141.462792,
              43.028769
            ],
            [
              141.463265,
              43.028776
            ],
            [
              141.463844,
              43.028784
            ],
            [
              141.463997,
              43.028787
            ],
            [
              141.464426,
              43.028783
            ],
            [
              141.464731,
              43.028782
            ],
            [
              141.465426,
              43.028767
            ],
            [
              141.465779,
              43.028762
            ],
            [
              141.466282,
              43.028749
            ],
            [
              141.466905,
              43.028745
            ],
            [
              141.468169,
              43.028742
            ],
            [
              141.468828,
              43.028722
            ],
            [
              141.469373,
              43.028669
            ],
            [
              141.469806,
              43.028604
            ],
            [
              141.470296,
              43.028507
            ],
            [
              141.470722,
              43.028381
            ],
            [
              141.471465,
              43.028119
            ],
            [
              141.471873,
              43.027925
            ],
            [
              141.472379,
              43.027644
            ],
            [
              141.472573,
              43.027545
            ],
            [
              141.472757,
              43.027437
            ],
            [
              141.472959,
              43.027323
            ],
            [
              141.474383,
              43.026535
            ],
            [
              141.474724,
              43.02636
            ],
            [
              141.474843,
              43.026383
            ],
            [
              141.47504,
              43.026419
            ],
            [
              141.475092,
              43.026406
            ],
            [
              141.47619,
              43.025801
            ],
            [
              141.476239,
              43.025779
            ],
            [
              141.476382,
              43.0257
            ],
            [
              141.476984,
              43.025377
            ],
            [
              141.47726,
              43.025222
            ],
            [
              141.477363,
              43.025167
            ],
            [
              141.477428,
              43.025126
            ],
            [
              141.47744,
              43.025099
            ],
            [
              141.477434,
              43.025042
            ],
            [
              141.477396,
              43.024975
            ],
            [
              141.477388,
              43.024945
            ],
            [
              141.477388,
              43.024918
            ],
            [
              141.47742,
              43.024874
            ],
            [
              141.477451,
              43.024852
            ],
            [
              141.477594,
              43.024772
            ],
            [
              141.47771,
              43.02472
            ],
            [
              141.477764,
              43.024713
            ],
            [
              141.477799,
              43.024723
            ],
            [
              141.477937,
              43.02478
            ],
            [
              141.477985,
              43.024789
            ],
            [
              141.478034,
              43.024783
            ],
            [
              141.478106,
              43.024737
            ],
            [
              141.478306,
              43.024636
            ],
            [
              141.478461,
              43.024551
            ],
            [
              141.47858,
              43.024494
            ],
            [
              141.478729,
              43.024406
            ],
            [
              141.478746,
              43.024396
            ],
            [
              141.478839,
              43.024339
            ],
            [
              141.478866,
              43.024311
            ],
            [
              141.478871,
              43.024283
            ],
            [
              141.478841,
              43.024172
            ],
            [
              141.478828,
              43.024124
            ],
            [
              141.478835,
              43.024086
            ],
            [
              141.47897,
              43.024023
            ],
            [
              141.479479,
              43.02375
            ],
            [
              141.47979,
              43.02365
            ],
            [
              141.479987,
              43.023533
            ],
            [
              141.480481,
              43.023201
            ],
            [
              141.481264,
              43.022666
            ],
            [
              141.481706,
              43.022257
            ],
            [
              141.482692,
              43.021057
            ],
            [
              141.482899,
              43.020898
            ],
            [
              141.483291,
              43.020481
            ],
            [
              141.483546,
              43.020123
            ],
            [
              141.483746,
              43.019775
            ],
            [
              141.483836,
              43.019447
            ],
            [
              141.483912,
              43.01901
            ],
            [
              141.484013,
              43.018328
            ],
            [
              141.484051,
              43.018173
            ],
            [
              141.484083,
              43.018064
            ],
            [
              141.484097,
              43.018027
            ],
            [
              141.484114,
              43.01798
            ],
            [
              141.484148,
              43.017896
            ],
            [
              141.484188,
              43.017802
            ],
            [
              141.484233,
              43.017702
            ],
            [
              141.48432,
              43.017525
            ],
            [
              141.484561,
              43.017058
            ],
            [
              141.485144,
              43.015937
            ],
            [
              141.485271,
              43.015678
            ],
            [
              141.485379,
              43.015473
            ],
            [
              141.485429,
              43.015369
            ],
            [
              141.485738,
              43.014698
            ],
            [
              141.485986,
              43.014228
            ],
            [
              141.486114,
              43.014019
            ],
            [
              141.486174,
              43.013927
            ],
            [
              141.486256,
              43.013818
            ],
            [
              141.48642,
              43.013622
            ],
            [
              141.486613,
              43.013421
            ],
            [
              141.486773,
              43.013272
            ],
            [
              141.486911,
              43.013158
            ],
            [
              141.487129,
              43.013002
            ],
            [
              141.487354,
              43.012851
            ],
            [
              141.487459,
              43.012782
            ],
            [
              141.487541,
              43.012736
            ],
            [
              141.487634,
              43.012685
            ],
            [
              141.48783,
              43.012589
            ],
            [
              141.488149,
              43.012444
            ],
            [
              141.488818,
              43.012131
            ],
            [
              141.489034,
              43.012039
            ],
            [
              141.489355,
              43.011911
            ],
            [
              141.489509,
              43.011834
            ],
            [
              141.489823,
              43.011667
            ],
            [
              141.489932,
              43.011611
            ],
            [
              141.490032,
              43.01156
            ],
            [
              141.490145,
              43.0115
            ],
            [
              141.490347,
              43.011378
            ],
            [
              141.490449,
              43.011295
            ],
            [
              141.490556,
              43.011203
            ],
            [
              141.49067,
              43.01109
            ],
            [
              141.490804,
              43.01092
            ],
            [
              141.490834,
              43.01088
            ],
            [
              141.490862,
              43.010838
            ],
            [
              141.490924,
              43.010774
            ],
            [
              141.49105,
              43.010709
            ],
            [
              141.491123,
              43.01068
            ],
            [
              141.491448,
              43.010556
            ],
            [
              141.491574,
              43.010507
            ],
            [
              141.491839,
              43.010358
            ],
            [
              141.492096,
              43.010208
            ],
            [
              141.492275,
              43.010084
            ],
            [
              141.492478,
              43.009862
            ],
            [
              141.492831,
              43.00948
            ],
            [
              141.493038,
              43.009256
            ],
            [
              141.49322,
              43.009006
            ],
            [
              141.493372,
              43.00871
            ],
            [
              141.493534,
              43.008459
            ],
            [
              141.493666,
              43.008306
            ],
            [
              141.49377,
              43.008199
            ],
            [
              141.493975,
              43.008031
            ],
            [
              141.494107,
              43.007941
            ],
            [
              141.494175,
              43.007901
            ],
            [
              141.494314,
              43.00782
            ],
            [
              141.494467,
              43.007748
            ],
            [
              141.494612,
              43.007684
            ],
            [
              141.494718,
              43.007647
            ],
            [
              141.494875,
              43.007599
            ],
            [
              141.495025,
              43.007557
            ],
            [
              141.495217,
              43.007515
            ],
            [
              141.495422,
              43.007484
            ],
            [
              141.495653,
              43.007461
            ],
            [
              141.495825,
              43.007451
            ],
            [
              141.496253,
              43.007422
            ],
            [
              141.496456,
              43.007408
            ],
            [
              141.496631,
              43.007394
            ],
            [
              141.497027,
              43.00737
            ],
            [
              141.49721,
              43.007354
            ],
            [
              141.497328,
              43.00734
            ],
            [
              141.497525,
              43.007281
            ],
            [
              141.497682,
              43.007241
            ],
            [
              141.497856,
              43.007173
            ],
            [
              141.497973,
              43.007137
            ],
            [
              141.49811,
              43.007077
            ],
            [
              141.498396,
              43.006977
            ],
            [
              141.498499,
              43.006929
            ],
            [
              141.498627,
              43.006867
            ],
            [
              141.49886,
              43.00674
            ],
            [
              141.498982,
              43.006666
            ],
            [
              141.499225,
              43.006503
            ],
            [
              141.499294,
              43.006409
            ],
            [
              141.499394,
              43.006218
            ],
            [
              141.499486,
              43.006039
            ],
            [
              141.499618,
              43.005792
            ],
            [
              141.499711,
              43.005623
            ],
            [
              141.499839,
              43.005418
            ],
            [
              141.500047,
              43.005157
            ],
            [
              141.500156,
              43.005029
            ],
            [
              141.500317,
              43.004845
            ],
            [
              141.50054,
              43.004655
            ],
            [
              141.500739,
              43.004502
            ],
            [
              141.501011,
              43.004319
            ],
            [
              141.501507,
              43.004051
            ],
            [
              141.502147,
              43.003766
            ],
            [
              141.504096,
              43.003241
            ],
            [
              141.506046,
              43.002825
            ],
            [
              141.506763,
              43.002715
            ],
            [
              141.507065,
              43.002663
            ],
            [
              141.507298,
              43.002602
            ],
            [
              141.507478,
              43.002544
            ],
            [
              141.508318,
              43.002188
            ],
            [
              141.508692,
              43.001997
            ],
            [
              141.509517,
              43.001469
            ],
            [
              141.511337,
              43.000562
            ],
            [
              141.511657,
              43.00042
            ],
            [
              141.51247,
              43.000169
            ],
            [
              141.515426,
              42.999442
            ],
            [
              141.516947,
              42.999103
            ],
            [
              141.517776,
              42.999057
            ],
            [
              141.518184,
              42.999062
            ],
            [
              141.518415,
              42.999071
            ],
            [
              141.518662,
              42.999049
            ],
            [
              141.519467,
              42.999128
            ],
            [
              141.520945,
              42.999389
            ],
            [
              141.520972,
              42.999395
            ],
            [
              141.521621,
              42.999573
            ],
            [
              141.522188,
              42.999682
            ],
            [
              141.523,
              42.999788
            ],
            [
              141.523365,
              42.999807
            ],
            [
              141.523801,
              42.999803
            ],
            [
              141.524229,
              42.999789
            ],
            [
              141.524582,
              42.999759
            ],
            [
              141.525046,
              42.999691
            ],
            [
              141.525446,
              42.99962
            ],
            [
              141.525797,
              42.999544
            ],
            [
              141.529201,
              42.998492
            ],
            [
              141.529234,
              42.998484
            ],
            [
              141.529801,
              42.998312
            ],
            [
              141.530346,
              42.998141
            ],
            [
              141.531371,
              42.99781
            ],
            [
              141.531633,
              42.997654
            ],
            [
              141.531758,
              42.997592
            ],
            [
              141.531908,
              42.99755
            ],
            [
              141.532198,
              42.997547
            ],
            [
              141.53226,
              42.997542
            ],
            [
              141.532344,
              42.997526
            ],
            [
              141.53484,
              42.996742
            ],
            [
              141.534965,
              42.996698
            ],
            [
              141.535102,
              42.996647
            ],
            [
              141.535238,
              42.996595
            ],
            [
              141.53534,
              42.996555
            ],
            [
              141.536509,
              42.996055
            ],
            [
              141.53712,
              42.995781
            ],
            [
              141.537726,
              42.995541
            ],
            [
              141.538386,
              42.995243
            ],
            [
              141.539482,
              42.994873
            ],
            [
              141.539607,
              42.99485
            ],
            [
              141.539969,
              42.994821
            ],
            [
              141.540412,
              42.994795
            ],
            [
              141.540496,
              42.994789
            ],
            [
              141.540548,
              42.994789
            ],
            [
              141.540575,
              42.994794
            ],
            [
              141.540621,
              42.994807
            ],
            [
              141.540662,
              42.994817
            ],
            [
              141.540716,
              42.994838
            ],
            [
              141.540753,
              42.994851
            ],
            [
              141.540812,
              42.994868
            ],
            [
              141.540865,
              42.994884
            ],
            [
              141.540932,
              42.994896
            ],
            [
              141.541011,
              42.994899
            ],
            [
              141.54129,
              42.994853
            ],
            [
              141.54186,
              42.994778
            ],
            [
              141.54229,
              42.994737
            ],
            [
              141.543768,
              42.994594
            ],
            [
              141.543922,
              42.99457
            ],
            [
              141.544076,
              42.994546
            ],
            [
              141.54445109605015,
              42.994483509421045
            ],
            [
              141.54486757175664,
              42.99444743617943
            ],
            [
              141.54512512910145,
              42.994423387339914
            ],
            [
              141.5451799285365,
              42.99437528963266
            ],
            [
              141.54521280819753,
              42.99431917559328
            ],
            [
              141.54514156893197,
              42.99419492289518
            ],
            [
              141.5450758096099,
              42.99405062912407
            ],
            [
              141.5449990904008,
              42.99399050661943
            ],
            [
              141.54489497147418,
              42.993958441259586
            ],
            [
              141.54481277232156,
              42.99398249028104
            ],
            [
              141.544741533056,
              42.99399852295679
            ],
            [
              141.54470865339493,
              42.99405864545357
            ],
            [
              141.54471961328196,
              42.99416285764199
            ],
            [
              141.54482373220858,
              42.99424302074361
            ],
            [
              141.54489497147418,
              42.99455966397271
            ],
            [
              141.54494977090926,
              42.994800151411035
            ],
            [
              141.54501553023132,
              42.994900354232584
            ],
            [
              141.54511416921443,
              42.99497250016292
            ],
            [
              141.54527856751963,
              42.994988532580386
            ],
            [
              141.545574484469,
              42.99496448395263
            ],
            [
              141.54680199181445,
              42.99484824878577
            ],
            [
              141.5473664259956,
              42.994695940303316
            ],
            [
              141.54906520848263,
              42.99459573714846
            ],
            [
              141.55002419859628,
              42.99432318374066
            ],
            [
              141.55085715000925,
              42.99422698813166
            ],
            [
              141.551941,
              42.99392
            ],
            [
              141.552677,
              42.993534
            ],
            [
              141.554264,
              42.992345
            ],
            [
              141.554393,
              42.992247
            ],
            [
              141.554905,
              42.99187
            ],
            [
              141.555375,
              42.991527
            ],
            [
              141.55552058193334,
              42.991377124908695
            ],
            [
              141.5559260977528,
              42.9910885237958
            ],
            [
              141.55688508786645,
              42.9903710234898
            ],
            [
              141.55772351922295,
              42.98971765000296
            ],
            [
              141.55839755227424,
              42.98925667679979
            ],
            [
              141.55940586187947,
              42.988535146584724
            ],
            [
              141.55980589775544,
              42.988274591925546
            ],
            [
              141.559916,
              42.988203
            ],
            [
              141.56,
              42.988152
            ],
            [
              141.560435,
              42.987837
            ],
            [
              141.560639,
              42.98767
            ],
            [
              141.560856,
              42.987464
            ],
            [
              141.561173,
              42.987111
            ],
            [
              141.56124,
              42.987038
            ],
            [
              141.561316,
              42.986955
            ],
            [
              141.561369,
              42.986892
            ],
            [
              141.56164715877364,
              42.98647873900438
            ],
            [
              141.56175675764376,
              42.98636649645475
            ],
            [
              141.56229927205092,
              42.98543247014674
            ],
            [
              141.56247463024312,
              42.98492335970255
            ],
            [
              141.562618,
              42.984431
            ],
            [
              141.562791,
              42.98375
            ],
            [
              141.562834,
              42.983504
            ],
            [
              141.563028,
              42.982086
            ],
            [
              141.563036,
              42.981954
            ],
            [
              141.56312126357687,
              42.98149978311964
            ],
            [
              141.56314318335092,
              42.98129131562427
            ],
            [
              141.56325278222104,
              42.98071802636731
            ],
            [
              141.5632911418256,
              42.9803451850308
            ],
            [
              141.56341170058278,
              42.980036486729446
            ],
            [
              141.5635212994529,
              42.979138446494716
            ],
            [
              141.563608978549,
              42.978881861161376
            ],
            [
              141.563608978549,
              42.97832458620246
            ],
            [
              141.5636637779841,
              42.977771315419645
            ],
            [
              141.563619938436,
              42.97745458570187
            ],
            [
              141.56367473787108,
              42.97609142652442
            ],
            [
              141.5637678969107,
              42.97553011690342
            ],
            [
              141.56388297572434,
              42.974824463253576
            ],
            [
              141.5641186132951,
              42.97386620470853
            ],
            [
              141.56422821216523,
              42.973874223670435
            ],
            [
              141.5641679327867,
              42.974142858290236
            ],
            [
              141.5639542149899,
              42.97412281097107
            ],
            [
              141.5639596949334,
              42.97408271631313
            ],
            [
              141.5636966576451,
              42.97406667844263
            ],
            [
              141.56368569775807,
              42.97411479204157
            ],
            [
              141.56332950143016,
              42.97409073524681
            ],
            [
              141.5633623810912,
              42.97379403400428
            ],
            [
              141.5630335844808,
              42.973777996058494
            ],
            [
              141.56289110594966,
              42.97372988219606
            ],
            [
              141.56217323335028,
              42.97367374930897
            ],
            [
              141.56206911442365,
              42.97356950238274
            ],
            [
              141.56241983080807,
              42.97279566390596
            ],
            [
              141.5625294296782,
              42.972679386816694
            ],
            [
              141.5626225887178,
              42.97235060213327
            ],
            [
              141.56265546837884,
              42.97224234337724
            ],
            [
              141.56275410736197,
              42.972186209132424
            ],
            [
              141.5627212277009,
              42.97210601726524
            ],
            [
              141.5629459053847,
              42.97175116699793
            ],
            [
              141.5638665358938,
              42.96989468533293
            ],
            [
              141.56426109182627,
              42.96901253617696
            ],
            [
              141.5647926463464,
              42.96782562462264
            ],
            [
              141.56494608476459,
              42.96749681399222
            ],
            [
              141.56508856329577,
              42.96716399168613
            ],
            [
              141.56459536838017,
              42.966975525244344
            ],
            [
              141.5642994514308,
              42.96672690905488
            ],
            [
              141.56407477374705,
              42.96649433170992
            ],
            [
              141.56397613476395,
              42.96627779339137
            ],
            [
              141.56341718052627,
              42.96482616498104
            ],
            [
              141.56332402148666,
              42.964633681293705
            ],
            [
              141.5630993438029,
              42.96419658068371
            ],
            [
              141.56271574775744,
              42.96370734512496
            ],
            [
              141.56255682939573,
              42.963274248105066
            ],
            [
              141.56217323335028,
              42.96309780029693
            ],
            [
              141.56164167883014,
              42.96260855600017
            ],
            [
              141.56166359860416,
              42.96254038230572
            ],
            [
              141.5612745226152,
              42.96227971748324
            ],
            [
              141.56113752402754,
              42.96224362534386
            ],
            [
              141.5609183262873,
              42.962071184830094
            ],
            [
              141.5605128104678,
              42.96185864120628
            ],
            [
              141.55963601950677,
              42.96113277914409
            ],
            [
              141.55962505961975,
              42.96101246968768
            ],
            [
              141.55964149945027,
              42.960928252928205
            ],
            [
              141.5597565782639,
              42.96078789140626
            ],
            [
              141.55977849803793,
              42.96072372603245
            ],
            [
              141.55977849803793,
              42.960643519221065
            ],
            [
              141.55974013843337,
              42.960559301956586
            ],
            [
              141.5595099808061,
              42.96024248359578
            ],
            [
              141.55948806103208,
              42.96017029690563
            ],
            [
              141.55951546074962,
              42.959785299794454
            ],
            [
              141.55964149945027,
              42.95725468591016
            ],
            [
              141.55974013843337,
              42.95523332842425
            ],
            [
              141.55976205820744,
              42.95485632186391
            ],
            [
              141.55979493786847,
              42.95423866782671
            ],
            [
              141.55979493786847,
              42.95409026950454
            ],
            [
              141.5597346584899,
              42.95399000016535
            ],
            [
              141.5596634192243,
              42.953929838483425
            ],
            [
              141.55950998080613,
              42.953877698311516
            ],
            [
              141.55716456498533,
              42.9534766185892
            ],
            [
              141.55507670650934,
              42.95308355792532
            ],
            [
              141.55498354746973,
              42.953063503742506
            ],
            [
              141.55496710763921,
              42.95302339535727
            ],
            [
              141.5549561477522,
              42.952967243574044
            ],
            [
              141.55497806752624,
              42.95285493985387
            ],
            [
              141.555224664984,
              42.95139497284307
            ],
            [
              141.55564662063404,
              42.94982667299424
            ],
            [
              141.55570142006908,
              42.94961809813666
            ],
            [
              141.55575073956064,
              42.94961408707479
            ],
            [
              141.55584389860024,
              42.949626120259644
            ],
            [
              141.55767419973142,
              42.95006733541318
            ],
            [
              141.5585071511444,
              42.95028393078568
            ],
            [
              141.55859483024054,
              42.95015156703751
            ],
            [
              141.5590661053821,
              42.949265123690616
            ],
            [
              141.55946614125807,
              42.94893220275587
            ],
            [
              141.55986617713404,
              42.94878379163841
            ],
            [
              141.56020593363144,
              42.94871961374705
            ],
            [
              141.5605073305243,
              42.94875571381918
            ],
            [
              141.5609402460613,
              42.9488279138999
            ],
            [
              141.56165263871716,
              42.9489683027033
            ],
            [
              141.56178415736133,
              42.94903248033536
            ],
            [
              141.5618389567964,
              42.9491528132151
            ],
            [
              141.5618444367399,
              42.94928919019441
            ],
            [
              141.56168551837823,
              42.94948974402685
            ],
            [
              141.56170743815224,
              42.94961809813666
            ],
            [
              141.56174579775677,
              42.9497063414319
            ],
            [
              141.56189923617495,
              42.9497825514487
            ],
            [
              141.56201431498863,
              42.949802606700594
            ],
            [
              141.56235955142952,
              42.94977452934611
            ],
            [
              141.56268834803993,
              42.94979859565074
            ],
            [
              141.5634445802438,
              42.94988683868719
            ],
            [
              141.56432685114837,
              42.950027225075374
            ],
            [
              141.56457892854965,
              42.95007535747761
            ],
            [
              141.56475428674187,
              42.95016761114335
            ],
            [
              141.56491868504708,
              42.950215743435805
            ],
            [
              141.56508856329577,
              42.95019568831853
            ],
            [
              141.5652694014315,
              42.950111456754584
            ],
            [
              141.56532420086654,
              42.949991125748994
            ],
            [
              141.56533516075356,
              42.949906893905116
            ],
            [
              141.56525296160098,
              42.9497063414319
            ],
            [
              141.56537352035812,
              42.94890813611247
            ],
            [
              141.56546119945423,
              42.94877576940564
            ],
            [
              141.56563655764643,
              42.94869554702055
            ],
            [
              141.56648594888992,
              42.948563179856556
            ],
            [
              141.56724218109383,
              42.948715602626635
            ],
            [
              141.56743397911654,
              42.94867950253099
            ],
            [
              141.56753809804317,
              42.94862334678458
            ],
            [
              141.56763673702628,
              42.94849499060038
            ],
            [
              141.56763125708278,
              42.948346578428755
            ],
            [
              141.56749425849515,
              42.94817008781291
            ],
            [
              141.56741205934253,
              42.94780507152457
            ],
            [
              141.5674504189471,
              42.94770078075891
            ],
            [
              141.56754357798667,
              42.94761654578072
            ],
            [
              141.56766961668734,
              42.947576433845825
            ],
            [
              141.5691766011516,
              42.9475804450405
            ]
          ]
        ]
      }
    },
    {
      "type": "Feature",
      "properties": {
        "fid": 13,
        "name": "北四条自転車道路",
        "ward": "中央区",
        "road_type": "exclusive",
        "source": "sapporo_map_2024"
      },
      "geometry": {
        "type": "MultiLineString",
        "coordinates": [
          [
            [
              141.33976157744513,
              43.06406746288388
            ],
            [
              141.33842298246458,
              43.06388890924262
            ],
            [
              141.33842298246458,
              43.063868969209786
            ],
            [
              141.33822821007166,
              43.06384177824548
            ],
            [
              141.3382232477177,
              43.063866250113904
            ],
            [
              141.33587109194096,
              43.0635435832122
            ],
            [
              141.33578549133514,
              43.06355899150173
            ],
            [
              141.335742070738,
              43.06354448958228
            ],
            [
              141.33542820185005,
              43.06350279654473
            ],
            [
              141.33540587125725,
              43.06348195001532
            ],
            [
              141.33507587471894,
              43.063451133393656
            ],
            [
              141.33506595001103,
              43.063413065780786
            ],
            [
              141.33485380937927,
              43.063384061869414
            ],
            [
              141.3348128699591,
              43.0634139721528
            ],
            [
              141.33470493876047,
              43.06339675108232
            ],
            [
              141.33460196991584,
              43.06339765745457
            ],
            [
              141.3345709552036,
              43.0633686535359
            ],
            [
              141.33338619319574,
              43.06320641261279
            ],
            [
              141.33316660903301,
              43.06319734886141
            ],
            [
              141.333110782551,
              43.063171970350396
            ],
            [
              141.33307604607327,
              43.06314568545293
            ],
            [
              141.33299664840993,
              43.063122119673196
            ],
            [
              141.33274977130046,
              43.063112149532884
            ],
            [
              141.33268898246448,
              43.06308586460976
            ],
            [
              141.33262695303998,
              43.063071362578384
            ],
            [
              141.33247932300966,
              43.06309402200091
            ],
            [
              141.33240116593478,
              43.06308949011708
            ],
            [
              141.3323143247405,
              43.06307045620132
            ],
            [
              141.33223864884263,
              43.06304054575033
            ],
            [
              141.33196447878638,
              43.063007009772775
            ],
            [
              141.33162827930562,
              43.06298978858799
            ],
            [
              141.33119531392265,
              43.06292090380045
            ],
            [
              141.33081073149083,
              43.06285111255521
            ],
            [
              141.33059486909357,
              43.062828453042904
            ],
            [
              141.33030457138693,
              43.06278585313712
            ],
            [
              141.33012964840987,
              43.062789478662175
            ],
            [
              141.33000683014942,
              43.062732376617745
            ],
            [
              141.3298604407076,
              43.062747785111156
            ],
            [
              141.32969544243844,
              43.062687057497
            ],
            [
              141.3294398812095,
              43.06269521494121
            ],
            [
              141.32924138705116,
              43.062649895792994
            ],
            [
              141.32908259172444,
              43.06263720642549
            ]
          ]
        ]
      }
    }
  ]
}
