{
  "type": "FeatureCollection",
  "name": "sapporo-cyclingroad-matched",
  "crs": {
    "type": "name",
    "properties": {
      "name": "urn:ogc:def:crs:OGC:1.3:CRS84"
    }
  },
  "features": [
    {
      "type": "Feature",
      "properties": {
        "fid": 1,
        "name": "真駒内茨戸東雁来自転車道路（手稲区）",
        "ward": "手稲区",
        "source": "sapporo_map_2024",
        "road_type": "exclusive",
        "matched_at": "2026-05-01T12:54:42.801Z",
        "matched_by": "valhalla_3.7.0",
        "match_confidence": 1,
        "match_max_distance_m": 47.803568,
        "match_quality": "high",
        "original_geometry": {
          "type": "LineString",
          "coordinates": [
            [
              141.35265949697703,
              43.162724988474565
            ],
            [
              141.3488647995639,
              43.158813693543436
            ],
            [
              141.34655498374713,
              43.15797122801616
            ],
            [
              141.34416267450842,
              43.15700839604744
            ],
            [
              141.34119291131555,
              43.1542401696279
            ],
            [
              141.33731572048035,
              43.15207364408811
            ],
            [
              141.3307987401404,
              43.14828203958283
            ],
            [
              141.32898388485583,
              43.14761998927957
            ],
            [
              141.32642658877305,
              43.14768017596708
            ],
            [
              141.32634409535103,
              43.14665699421965
            ],
            [
              141.32510669402066,
              43.14665699421965
            ],
            [
              141.32510669402066,
              43.147439428861446
            ],
            [
              141.3192496610569,
              43.146536618770455
            ],
            [
              141.3166923649741,
              43.14635605515218
            ],
            [
              141.31570244390977,
              43.14358734621719
            ],
            [
              141.3093504504139,
              43.1443698201496
            ],
            [
              141.3009361213673,
              43.13955443712938
            ],
            [
              141.30011118714705,
              43.13937385288809
            ],
            [
              141.2973889042202,
              43.13919326811344
            ],
            [
              141.29408916733922,
              43.137628177725205
            ],
            [
              141.2893045488618,
              43.13618344334878
            ],
            [
              141.2778379632003,
              43.14400867957913
            ],
            [
              141.2631541340798,
              43.13263165957401
            ],
            [
              141.26307164065778,
              43.132210247809915
            ],
            [
              141.26546394989654,
              43.130765385431125
            ],
            [
              141.26546394989654,
              43.12835720561387
            ],
            [
              141.26661885780487,
              43.12865823327624
            ],
            [
              141.2665363643829,
              43.129922533280364
            ],
            [
              141.2920268317886,
              43.111316625008016
            ]
          ]
        }
      },
      "geometry": {
        "type": "LineString",
        "coordinates": [
          [
            141.352272,
            43.162772
          ],
          [
            141.351795,
            43.162432
          ],
          [
            141.351666,
            43.162342
          ],
          [
            141.351339,
            43.162048
          ],
          [
            141.348539,
            43.159509
          ],
          [
            141.34841,
            43.159298
          ],
          [
            141.348228,
            43.159172
          ],
          [
            141.348024,
            43.159149
          ],
          [
            141.347648,
            43.158929
          ],
          [
            141.347739,
            43.158827
          ],
          [
            141.34783,
            43.158741
          ],
          [
            141.347934,
            43.158658
          ],
          [
            141.348086,
            43.15855
          ],
          [
            141.348201,
            43.158468
          ],
          [
            141.348581,
            43.158582
          ],
          [
            141.348963,
            43.158679
          ],
          [
            141.349363,
            43.158768
          ],
          [
            141.349541,
            43.158098
          ],
          [
            141.349193,
            43.157954
          ],
          [
            141.348448,
            43.158288
          ],
          [
            141.348201,
            43.158468
          ],
          [
            141.347755,
            43.158298
          ],
          [
            141.347445,
            43.158157
          ],
          [
            141.347154,
            43.158007
          ],
          [
            141.346862,
            43.157841
          ],
          [
            141.346598,
            43.157666
          ],
          [
            141.346356,
            43.157489
          ],
          [
            141.346165,
            43.157329
          ],
          [
            141.345987,
            43.157171
          ],
          [
            141.345805,
            43.156989
          ],
          [
            141.345644,
            43.156813
          ],
          [
            141.345451,
            43.156582
          ],
          [
            141.345253,
            43.156328
          ],
          [
            141.345032,
            43.15603
          ],
          [
            141.344886,
            43.156087
          ],
          [
            141.345032,
            43.15603
          ],
          [
            141.345253,
            43.156328
          ],
          [
            141.345451,
            43.156582
          ],
          [
            141.345644,
            43.156813
          ],
          [
            141.345805,
            43.156989
          ],
          [
            141.345987,
            43.157171
          ],
          [
            141.346165,
            43.157329
          ],
          [
            141.346356,
            43.157489
          ],
          [
            141.346598,
            43.157666
          ],
          [
            141.346862,
            43.157841
          ],
          [
            141.347154,
            43.158007
          ],
          [
            141.347445,
            43.158157
          ],
          [
            141.347755,
            43.158298
          ],
          [
            141.348201,
            43.158468
          ],
          [
            141.348086,
            43.15855
          ],
          [
            141.347934,
            43.158658
          ],
          [
            141.34783,
            43.158741
          ],
          [
            141.347739,
            43.158827
          ],
          [
            141.347648,
            43.158929
          ],
          [
            141.347503,
            43.158844
          ],
          [
            141.34657,
            43.158562
          ],
          [
            141.344451,
            43.157705
          ],
          [
            141.344199,
            43.157568
          ],
          [
            141.3438,
            43.157321
          ],
          [
            141.324731,
            43.146694
          ],
          [
            141.324833,
            43.14724
          ],
          [
            141.32486,
            43.147456
          ],
          [
            141.316553,
            43.146384
          ],
          [
            141.316408,
            43.146001
          ],
          [
            141.316338,
            43.14576
          ],
          [
            141.3163,
            43.145576
          ],
          [
            141.316281,
            43.14541
          ],
          [
            141.31627,
            43.145212
          ],
          [
            141.316245,
            43.145005
          ],
          [
            141.316203,
            43.144799
          ],
          [
            141.316021,
            43.144103
          ],
          [
            141.316004,
            43.143997
          ],
          [
            141.315989,
            43.143888
          ],
          [
            141.315947,
            43.14357
          ],
          [
            141.297032,
            43.139538
          ],
          [
            141.297479,
            43.139785
          ],
          [
            141.297851,
            43.139928
          ],
          [
            141.298075,
            43.13982
          ],
          [
            141.298784,
            43.139492
          ],
          [
            141.299588,
            43.139006
          ],
          [
            141.301802,
            43.137771
          ],
          [
            141.299236,
            43.135214
          ],
          [
            141.294136,
            43.138113
          ],
          [
            141.293172,
            43.137816
          ],
          [
            141.290779,
            43.135421
          ],
          [
            141.290728,
            43.135371
          ],
          [
            141.290668,
            43.135305
          ],
          [
            141.290021,
            43.135691
          ],
          [
            141.289132,
            43.136333
          ],
          [
            141.288803,
            43.136625
          ],
          [
            141.288335,
            43.136969
          ],
          [
            141.288048,
            43.137175
          ],
          [
            141.287945,
            43.137248
          ],
          [
            141.287836,
            43.137326
          ],
          [
            141.287197,
            43.137783
          ],
          [
            141.286738,
            43.138111
          ],
          [
            141.28666,
            43.138166
          ],
          [
            141.286357,
            43.138383
          ],
          [
            141.286281,
            43.138437
          ],
          [
            141.286204,
            43.138491
          ],
          [
            141.285879,
            43.138718
          ],
          [
            141.285584,
            43.138923
          ],
          [
            141.284966,
            43.139372
          ],
          [
            141.28467,
            43.139587
          ],
          [
            141.283821,
            43.140203
          ],
          [
            141.283783,
            43.140231
          ],
          [
            141.283476,
            43.140454
          ],
          [
            141.283147,
            43.140692
          ],
          [
            141.282993,
            43.140804
          ],
          [
            141.282854,
            43.140904
          ],
          [
            141.282183,
            43.141385
          ],
          [
            141.282065,
            43.141469
          ],
          [
            141.281353,
            43.14198
          ],
          [
            141.280626,
            43.142501
          ],
          [
            141.280526,
            43.142573
          ],
          [
            141.279817,
            43.143085
          ],
          [
            141.279716,
            43.143158
          ],
          [
            141.279693,
            43.143175
          ],
          [
            141.279344,
            43.14343
          ],
          [
            141.278885,
            43.143752
          ],
          [
            141.278301,
            43.144174
          ],
          [
            141.278158,
            43.144274
          ],
          [
            141.278025,
            43.144367
          ],
          [
            141.277906,
            43.144279
          ],
          [
            141.27629,
            43.143078
          ],
          [
            141.27584,
            43.142743
          ],
          [
            141.275604,
            43.142567
          ],
          [
            141.273252,
            43.140819
          ],
          [
            141.273163,
            43.140752
          ],
          [
            141.273069,
            43.140682
          ],
          [
            141.270386,
            43.138654
          ],
          [
            141.269983,
            43.13835
          ],
          [
            141.268436,
            43.13718
          ],
          [
            141.268348,
            43.137114
          ],
          [
            141.268264,
            43.137052
          ],
          [
            141.267075,
            43.13619
          ],
          [
            141.266723,
            43.135926
          ],
          [
            141.266381,
            43.13567
          ],
          [
            141.265951,
            43.135348
          ],
          [
            141.265898,
            43.135308
          ],
          [
            141.26575,
            43.135197
          ],
          [
            141.26524,
            43.134803
          ],
          [
            141.264876,
            43.134531
          ],
          [
            141.264473,
            43.134226
          ],
          [
            141.264134,
            43.133968
          ],
          [
            141.26404,
            43.133897
          ],
          [
            141.263935,
            43.133798
          ],
          [
            141.263844,
            43.133706
          ],
          [
            141.263813,
            43.133677
          ],
          [
            141.263017,
            43.132916
          ],
          [
            141.262974,
            43.132875
          ],
          [
            141.262897,
            43.132805
          ],
          [
            141.262119,
            43.13215
          ],
          [
            141.263705,
            43.13148
          ],
          [
            141.263186,
            43.131847
          ],
          [
            141.262905,
            43.131631
          ],
          [
            141.263407,
            43.131257
          ],
          [
            141.263066,
            43.131002
          ],
          [
            141.262672,
            43.130707
          ],
          [
            141.26326,
            43.130277
          ],
          [
            141.263314,
            43.130237
          ],
          [
            141.263409,
            43.13018
          ],
          [
            141.263439,
            43.130161
          ],
          [
            141.263553,
            43.130219
          ],
          [
            141.263698,
            43.13027
          ],
          [
            141.263841,
            43.130319
          ],
          [
            141.263937,
            43.130341
          ],
          [
            141.264063,
            43.130351
          ],
          [
            141.264768,
            43.130408
          ],
          [
            141.265455,
            43.130434
          ],
          [
            141.265458,
            43.130035
          ],
          [
            141.265471,
            43.12953
          ],
          [
            141.265037,
            43.129164
          ],
          [
            141.265418,
            43.128927
          ],
          [
            141.265455,
            43.1289
          ],
          [
            141.265465,
            43.128284
          ],
          [
            141.265476,
            43.128056
          ],
          [
            141.265445,
            43.127974
          ],
          [
            141.26545,
            43.12771
          ],
          [
            141.26515,
            43.127454
          ],
          [
            141.264916,
            43.12736
          ],
          [
            141.264793,
            43.127307
          ],
          [
            141.264827,
            43.127285
          ],
          [
            141.264975,
            43.127189
          ],
          [
            141.26531,
            43.127056
          ],
          [
            141.26545,
            43.127022
          ],
          [
            141.265769,
            43.12696
          ],
          [
            141.26644,
            43.126855
          ],
          [
            141.266443,
            43.12697
          ],
          [
            141.266402,
            43.127202
          ],
          [
            141.266386,
            43.127914
          ],
          [
            141.266383,
            43.12827
          ],
          [
            141.266381,
            43.128647
          ],
          [
            141.266389,
            43.128685
          ]
        ]
      }
    },
    {
      "type": "Feature",
      "properties": {
        "fid": 2,
        "name": "真駒内茨戸東雁来自転車道路（西区）",
        "ward": "西区",
        "source": "sapporo_map_2024",
        "road_type": "exclusive",
        "matched_at": "2026-05-01T12:54:42.801Z",
        "matched_by": "valhalla_3.7.0",
        "match_confidence": 1,
        "match_max_distance_m": 49.353923,
        "match_quality": "high",
        "original_geometry": {
          "type": "LineString",
          "coordinates": [
            [
              141.2828288152328,
              43.07077349640547
            ],
            [
              141.28109645337028,
              43.06842322051325
            ],
            [
              141.28010653230598,
              43.06691658600178
            ],
            [
              141.27845666386546,
              43.06336078173064
            ],
            [
              141.2775492362232,
              43.06161293792567
            ],
            [
              141.2766418085809,
              43.061010221611504
            ],
            [
              141.2758168743607,
              43.060588316666205
            ],
            [
              141.27466196645233,
              43.060166408817636
            ],
            [
              141.27383703223208,
              43.060286954213474
            ],
            [
              141.27276461774574,
              43.06046777186286
            ],
            [
              141.27160970983738,
              43.06052804429415
            ],
            [
              141.27028981508496,
              43.06004586318479
            ],
            [
              141.2692998940207,
              43.05998559027948
            ],
            [
              141.2680624926903,
              43.06022668154518
            ],
            [
              141.2659176637176,
              43.06082940556188
            ],
            [
              141.2644327821212,
              43.06131158050922
            ],
            [
              141.26294790052475,
              43.0617334804775
            ],
            [
              141.26006063075388,
              43.06167320923121
            ],
            [
              141.25874073600147,
              43.06131158050922
            ],
            [
              141.25700837413893,
              43.06088967763768
            ],
            [
              141.2557709728086,
              43.060588316666205
            ],
            [
              141.25238874250556,
              43.06046777186286
            ],
            [
              141.25073887406506,
              43.06034722682253
            ],
            [
              141.24941897931265,
              43.05968422486425
            ],
            [
              141.2485940450924,
              43.05884039382133
            ],
            [
              141.24620173585365,
              43.05847874839079
            ],
            [
              141.24438688056912,
              43.05811710082726
            ],
            [
              141.24257202528455,
              43.05763490075788
            ],
            [
              141.24108714368808,
              43.05721297258657
            ],
            [
              141.23951976866965,
              43.05661021301987
            ],
            [
              141.23819987391724,
              43.05576633967257
            ],
            [
              141.2367974857428,
              43.05492245471236
            ]
          ]
        }
      },
      "geometry": {
        "type": "LineString",
        "coordinates": [
          [
            141.282951,
            43.07071
          ],
          [
            141.282944,
            43.070703
          ],
          [
            141.282739,
            43.070519
          ],
          [
            141.282578,
            43.070413
          ],
          [
            141.282365,
            43.070246
          ],
          [
            141.282062,
            43.070024
          ],
          [
            141.281885,
            43.069862
          ],
          [
            141.281768,
            43.069742
          ],
          [
            141.281694,
            43.069616
          ],
          [
            141.281599,
            43.069455
          ],
          [
            141.281521,
            43.069273
          ],
          [
            141.281436,
            43.069047
          ],
          [
            141.281277,
            43.06878
          ],
          [
            141.280995,
            43.068432
          ],
          [
            141.280796,
            43.068293
          ],
          [
            141.280584,
            43.0682
          ],
          [
            141.280441,
            43.068086
          ],
          [
            141.280277,
            43.067755
          ],
          [
            141.280181,
            43.067559
          ],
          [
            141.280129,
            43.067445
          ],
          [
            141.280076,
            43.067345
          ],
          [
            141.279964,
            43.067188
          ],
          [
            141.279932,
            43.067111
          ],
          [
            141.279928,
            43.067053
          ],
          [
            141.279944,
            43.066995
          ],
          [
            141.279987,
            43.066885
          ],
          [
            141.280004,
            43.066814
          ],
          [
            141.280008,
            43.066733
          ],
          [
            141.279999,
            43.066667
          ],
          [
            141.279976,
            43.066601
          ],
          [
            141.279931,
            43.066534
          ],
          [
            141.279871,
            43.066477
          ],
          [
            141.279737,
            43.066343
          ],
          [
            141.279608,
            43.066169
          ],
          [
            141.279534,
            43.066013
          ],
          [
            141.279509,
            43.065945
          ],
          [
            141.279478,
            43.065859
          ],
          [
            141.27944,
            43.065785
          ],
          [
            141.279361,
            43.065624
          ],
          [
            141.279291,
            43.065463
          ],
          [
            141.279247,
            43.065357
          ],
          [
            141.279208,
            43.065242
          ],
          [
            141.279159,
            43.065118
          ],
          [
            141.279114,
            43.065014
          ],
          [
            141.279062,
            43.064897
          ],
          [
            141.279023,
            43.064803
          ],
          [
            141.278973,
            43.064667
          ],
          [
            141.278924,
            43.0645
          ],
          [
            141.278879,
            43.064364
          ],
          [
            141.278848,
            43.064262
          ],
          [
            141.278783,
            43.064068
          ],
          [
            141.278715,
            43.063878
          ],
          [
            141.27866,
            43.06371
          ],
          [
            141.278545,
            43.063434
          ],
          [
            141.278502,
            43.063338
          ],
          [
            141.278429,
            43.063203
          ],
          [
            141.278312,
            43.062963
          ],
          [
            141.278176,
            43.06263
          ],
          [
            141.27811,
            43.062531
          ],
          [
            141.278058,
            43.062447
          ],
          [
            141.27802,
            43.06235
          ],
          [
            141.277881,
            43.062036
          ],
          [
            141.277858,
            43.061978
          ],
          [
            141.277819,
            43.061925
          ],
          [
            141.277753,
            43.061866
          ],
          [
            141.277649,
            43.061802
          ],
          [
            141.277301,
            43.061628
          ],
          [
            141.276948,
            43.061386
          ],
          [
            141.276661,
            43.061299
          ],
          [
            141.276267,
            43.061078
          ],
          [
            141.276246,
            43.061066
          ],
          [
            141.276,
            43.060953
          ],
          [
            141.27571,
            43.060849
          ],
          [
            141.275597,
            43.060829
          ],
          [
            141.275353,
            43.060762
          ],
          [
            141.275242,
            43.060731
          ],
          [
            141.274964,
            43.060651
          ],
          [
            141.274555,
            43.060525
          ],
          [
            141.27432,
            43.060462
          ],
          [
            141.274156,
            43.060443
          ],
          [
            141.274011,
            43.060439
          ],
          [
            141.273834,
            43.060436
          ],
          [
            141.273633,
            43.060445
          ],
          [
            141.273434,
            43.06049
          ],
          [
            141.273236,
            43.060541
          ],
          [
            141.273006,
            43.060612
          ],
          [
            141.272842,
            43.060668
          ],
          [
            141.272686,
            43.06071
          ],
          [
            141.272491,
            43.060753
          ],
          [
            141.272296,
            43.060791
          ],
          [
            141.272156,
            43.060815
          ],
          [
            141.27191,
            43.060827
          ],
          [
            141.271677,
            43.060822
          ],
          [
            141.271442,
            43.060803
          ],
          [
            141.271086,
            43.060729
          ],
          [
            141.270749,
            43.060641
          ],
          [
            141.270172,
            43.060489
          ],
          [
            141.269864,
            43.060409
          ],
          [
            141.269701,
            43.060385
          ],
          [
            141.269536,
            43.060369
          ],
          [
            141.26904,
            43.060346
          ],
          [
            141.268547,
            43.060339
          ],
          [
            141.268382,
            43.060349
          ],
          [
            141.268211,
            43.060367
          ],
          [
            141.267884,
            43.06042
          ],
          [
            141.267403,
            43.060544
          ],
          [
            141.267053,
            43.060673
          ],
          [
            141.26622,
            43.060992
          ],
          [
            141.26544,
            43.061301
          ],
          [
            141.265305,
            43.061354
          ],
          [
            141.265101,
            43.061435
          ],
          [
            141.264806,
            43.061548
          ],
          [
            141.264596,
            43.061617
          ],
          [
            141.264374,
            43.061672
          ],
          [
            141.264209,
            43.061696
          ],
          [
            141.264031,
            43.061714
          ],
          [
            141.26298,
            43.06187
          ],
          [
            141.262911,
            43.061818
          ],
          [
            141.262859,
            43.061792
          ],
          [
            141.262797,
            43.061771
          ],
          [
            141.262041,
            43.061675
          ],
          [
            141.261132,
            43.061563
          ],
          [
            141.260616,
            43.061506
          ],
          [
            141.260128,
            43.061465
          ],
          [
            141.259375,
            43.061438
          ],
          [
            141.258808,
            43.061406
          ],
          [
            141.258654,
            43.061391
          ],
          [
            141.258468,
            43.061338
          ],
          [
            141.258158,
            43.061219
          ],
          [
            141.257626,
            43.060965
          ],
          [
            141.257413,
            43.060893
          ],
          [
            141.25685,
            43.060798
          ],
          [
            141.256365,
            43.06073
          ],
          [
            141.255868,
            43.060709
          ],
          [
            141.255355,
            43.06069
          ],
          [
            141.255074,
            43.060654
          ],
          [
            141.254875,
            43.060647
          ],
          [
            141.254536,
            43.060711
          ],
          [
            141.254362,
            43.060723
          ],
          [
            141.253968,
            43.060678
          ],
          [
            141.253447,
            43.060602
          ],
          [
            141.253163,
            43.060592
          ],
          [
            141.25177,
            43.060546
          ],
          [
            141.251555,
            43.060519
          ],
          [
            141.251367,
            43.060465
          ],
          [
            141.251016,
            43.060335
          ],
          [
            141.250698,
            43.060204
          ],
          [
            141.250312,
            43.059998
          ],
          [
            141.250056,
            43.059828
          ],
          [
            141.24986,
            43.059681
          ],
          [
            141.249709,
            43.059561
          ],
          [
            141.249458,
            43.059404
          ],
          [
            141.249081,
            43.059226
          ],
          [
            141.248739,
            43.059082
          ],
          [
            141.248392,
            43.058959
          ],
          [
            141.248252,
            43.058918
          ],
          [
            141.248009,
            43.058873
          ],
          [
            141.247668,
            43.058831
          ],
          [
            141.246723,
            43.058746
          ],
          [
            141.246135,
            43.058713
          ],
          [
            141.24514,
            43.058607
          ],
          [
            141.244242,
            43.058467
          ],
          [
            141.243513,
            43.058309
          ],
          [
            141.242388,
            43.058029
          ],
          [
            141.238993,
            43.056561
          ],
          [
            141.238994,
            43.056558
          ],
          [
            141.238974,
            43.056522
          ],
          [
            141.238559,
            43.056234
          ],
          [
            141.237671,
            43.055654
          ],
          [
            141.236944,
            43.055241
          ],
          [
            141.237071,
            43.055145
          ],
          [
            141.237087,
            43.055134
          ]
        ]
      }
    },
    {
      "type": "Feature",
      "properties": {
        "fid": 3,
        "name": "真駒内茨戸東雁来自転車道路（東区）",
        "ward": "東区",
        "source": "sapporo_map_2024",
        "road_type": "exclusive",
        "matched_at": "2026-05-01T12:54:42.801Z",
        "matched_by": "valhalla_3.7.0",
        "match_confidence": 1,
        "match_max_distance_m": 42.350231,
        "match_quality": "high",
        "original_geometry": {
          "type": "LineString",
          "coordinates": [
            [
              141.4385351493051,
              43.15505259690406
            ],
            [
              141.44513462306713,
              43.15132136031165
            ],
            [
              141.4477744125719,
              43.148793618996706
            ],
            [
              141.45057918892078,
              43.14241361654004
            ],
            [
              141.45305399158153,
              43.13410657788134
            ],
            [
              141.4533839652696,
              43.128688335961
            ],
            [
              141.45305399158153,
              43.12387171795515
            ],
            [
              141.44925929416831,
              43.113996465394436
            ],
            [
              141.44694947835168,
              43.107974187727734
            ],
            [
              141.4434022612046,
              43.102674093208535
            ],
            [
              141.44323727436054,
              43.10152969438518
            ],
            [
              141.43993753747955,
              43.09743377594931
            ],
            [
              141.43795769535095,
              43.09514476101236
            ]
          ]
        }
      },
      "geometry": {
        "type": "LineString",
        "coordinates": [
          [
            141.438501,
            43.155037
          ],
          [
            141.438726,
            43.154777
          ],
          [
            141.438693,
            43.154714
          ],
          [
            141.439842,
            43.153964
          ],
          [
            141.442443,
            43.152442
          ],
          [
            141.442752,
            43.152411
          ],
          [
            141.443584,
            43.152022
          ],
          [
            141.444331,
            43.15164
          ],
          [
            141.444511,
            43.151628
          ],
          [
            141.444587,
            43.151662
          ],
          [
            141.445511,
            43.150902
          ],
          [
            141.446047,
            43.150398
          ],
          [
            141.44614,
            43.150307
          ],
          [
            141.446515,
            43.149928
          ],
          [
            141.447183,
            43.149147
          ],
          [
            141.447996,
            43.149322
          ],
          [
            141.448231,
            43.14899
          ],
          [
            141.449025,
            43.1476
          ],
          [
            141.449449,
            43.146698
          ],
          [
            141.449696,
            43.146033
          ],
          [
            141.449751,
            43.145526
          ],
          [
            141.449854,
            43.144721
          ],
          [
            141.449936,
            43.144354
          ],
          [
            141.450131,
            43.143741
          ],
          [
            141.450704,
            43.142209
          ],
          [
            141.451107,
            43.141097
          ],
          [
            141.451545,
            43.139921
          ],
          [
            141.451807,
            43.139192
          ],
          [
            141.452252,
            43.137782
          ],
          [
            141.452609,
            43.136417
          ],
          [
            141.452952,
            43.135042
          ],
          [
            141.453018,
            43.135049
          ],
          [
            141.453326,
            43.133378
          ],
          [
            141.453343,
            43.133278
          ],
          [
            141.45336,
            43.133084
          ],
          [
            141.453609,
            43.130604
          ],
          [
            141.453661,
            43.129107
          ],
          [
            141.453558,
            43.128336
          ],
          [
            141.453472,
            43.127246
          ],
          [
            141.453378,
            43.127021
          ],
          [
            141.45336,
            43.126375
          ],
          [
            141.453103,
            43.124772
          ],
          [
            141.452493,
            43.122015
          ],
          [
            141.451815,
            43.120017
          ],
          [
            141.449987,
            43.115449
          ],
          [
            141.449536,
            43.114335
          ],
          [
            141.447627,
            43.109616
          ],
          [
            141.44688,
            43.107926
          ],
          [
            141.445936,
            43.106213
          ],
          [
            141.445892,
            43.106136
          ],
          [
            141.445653,
            43.105718
          ],
          [
            141.445052,
            43.10476
          ],
          [
            141.44431,
            43.103682
          ],
          [
            141.444018,
            43.103256
          ],
          [
            141.443715,
            43.102808
          ],
          [
            141.443653,
            43.102717
          ],
          [
            141.443381,
            43.102436
          ],
          [
            141.442872,
            43.101839
          ],
          [
            141.442805,
            43.101592
          ]
        ]
      }
    },
    {
      "type": "Feature",
      "properties": {
        "fid": 4,
        "name": "澄川１号用水路自転車道路",
        "ward": "豊平区",
        "source": "sapporo_map_2024",
        "road_type": "exclusive",
        "matched_at": "2026-05-01T12:54:42.801Z",
        "matched_by": "valhalla_3.7.0",
        "match_confidence": 1,
        "match_max_distance_m": 26.883817,
        "match_quality": "high",
        "original_geometry": {
          "type": "LineString",
          "coordinates": [
            [
              141.36272369446405,
              43.021851107603865
            ],
            [
              141.36396109579445,
              43.02094644480478
            ],
            [
              141.36231122735396,
              43.01986083185022
            ],
            [
              141.36165127997776,
              43.01913707921651
            ],
            [
              141.36123881286764,
              43.01829269036137
            ],
            [
              141.36132130628968,
              43.017749862822726
            ],
            [
              141.3614862931337,
              43.01636261508878
            ],
            [
              141.36189876024383,
              43.01563882122114
            ],
            [
              141.3617337733998,
              43.01467374946033
            ],
            [
              141.36066135891343,
              43.01274356043955
            ],
            [
              141.3607438523355,
              43.01171812284736
            ],
            [
              141.36099133260151,
              43.011235558056114
            ]
          ]
        }
      },
      "geometry": {
        "type": "LineString",
        "coordinates": [
          [
            141.362076,
            43.019873
          ],
          [
            141.362072,
            43.019837
          ],
          [
            141.36206,
            43.019402
          ],
          [
            141.362057,
            43.019346
          ],
          [
            141.361637,
            43.01938
          ],
          [
            141.361439,
            43.01939
          ],
          [
            141.36113,
            43.019411
          ],
          [
            141.361115,
            43.018648
          ],
          [
            141.361103,
            43.017997
          ],
          [
            141.361099,
            43.017945
          ],
          [
            141.361096,
            43.017889
          ],
          [
            141.361199,
            43.017382
          ],
          [
            141.36128,
            43.01696
          ],
          [
            141.361338,
            43.016661
          ],
          [
            141.36135,
            43.016578
          ],
          [
            141.361367,
            43.016428
          ],
          [
            141.361372,
            43.016241
          ],
          [
            141.361358,
            43.016036
          ],
          [
            141.361368,
            43.015959
          ],
          [
            141.361377,
            43.01588
          ],
          [
            141.361361,
            43.015612
          ],
          [
            141.362597,
            43.015502
          ],
          [
            141.361361,
            43.015612
          ],
          [
            141.361348,
            43.015451
          ],
          [
            141.361313,
            43.015258
          ],
          [
            141.361299,
            43.01514
          ],
          [
            141.361297,
            43.015092
          ],
          [
            141.361293,
            43.015002
          ],
          [
            141.362212,
            43.014875
          ],
          [
            141.362093,
            43.014711
          ],
          [
            141.362086,
            43.014686
          ],
          [
            141.36195,
            43.014521
          ],
          [
            141.361853,
            43.014385
          ],
          [
            141.361525,
            43.01397
          ],
          [
            141.361504,
            43.013943
          ],
          [
            141.361549,
            43.013939
          ],
          [
            141.361471,
            43.013808
          ],
          [
            141.361428,
            43.013733
          ],
          [
            141.361395,
            43.013692
          ],
          [
            141.361338,
            43.013636
          ],
          [
            141.361195,
            43.013505
          ],
          [
            141.361141,
            43.013448
          ],
          [
            141.361071,
            43.013391
          ],
          [
            141.36083,
            43.013171
          ],
          [
            141.36061,
            43.01297
          ],
          [
            141.360575,
            43.012928
          ],
          [
            141.360472,
            43.012753
          ],
          [
            141.360416,
            43.012658
          ],
          [
            141.360381,
            43.012568
          ],
          [
            141.360375,
            43.012533
          ],
          [
            141.360328,
            43.012537
          ],
          [
            141.360277,
            43.012531
          ],
          [
            141.360309,
            43.012401
          ],
          [
            141.360326,
            43.012313
          ],
          [
            141.360344,
            43.012264
          ],
          [
            141.360362,
            43.012189
          ],
          [
            141.360492,
            43.012069
          ],
          [
            141.360714,
            43.011879
          ],
          [
            141.360829,
            43.011686
          ],
          [
            141.361075,
            43.011289
          ],
          [
            141.360985,
            43.011283
          ]
        ]
      }
    },
    {
      "type": "Feature",
      "properties": {
        "fid": 5,
        "name": "北白石サイクリングロード",
        "ward": "白石区",
        "source": "sapporo_map_2024",
        "road_type": "exclusive",
        "matched_at": "2026-05-01T12:54:42.801Z",
        "matched_by": "valhalla_3.7.0",
        "match_confidence": 1,
        "match_max_distance_m": 20.759776,
        "match_quality": "high",
        "original_geometry": {
          "type": "LineString",
          "coordinates": [
            [
              141.4175818201107,
              43.067037118125455
            ],
            [
              141.4175818201107,
              43.065922186938074
            ],
            [
              141.41679813260146,
              43.06423468494697
            ],
            [
              141.41655065233542,
              43.06381280219096
            ],
            [
              141.4164681589134,
              43.062848487846544
            ],
            [
              141.41721059971158,
              43.06236632498628
            ],
            [
              141.4203865964596,
              43.06061845282999
            ],
            [
              141.42294389254235,
              43.0592623107944
            ],
            [
              141.42372758005158,
              43.058749982663656
            ],
            [
              141.42447002084984,
              43.05781572622826
            ],
            [
              141.4261198892903,
              43.05459092530074
            ],
            [
              141.4261198892903,
              43.05425939409681
            ],
            [
              141.42529495507006,
              43.05353604706709
            ],
            [
              141.42541869520312,
              43.053294929494534
            ],
            [
              141.42715105706566,
              43.052029046685746
            ],
            [
              141.42756352417578,
              43.0517276421658
            ],
            [
              141.42772851101984,
              43.05070285571841
            ],
            [
              141.4280997314189,
              43.05019045607363
            ],
            [
              141.42987333999244,
              43.04835181034533
            ]
          ]
        }
      },
      "geometry": {
        "type": "LineString",
        "coordinates": [
          [
            141.417781,
            43.067048
          ],
          [
            141.417791,
            43.066951
          ],
          [
            141.417802,
            43.066631
          ],
          [
            141.417778,
            43.066322
          ],
          [
            141.417725,
            43.066169
          ],
          [
            141.417632,
            43.065968
          ],
          [
            141.417428,
            43.06562
          ],
          [
            141.417133,
            43.06513
          ],
          [
            141.416973,
            43.064845
          ],
          [
            141.416909,
            43.064744
          ],
          [
            141.416858,
            43.06462
          ],
          [
            141.416783,
            43.064456
          ],
          [
            141.416778,
            43.064354
          ],
          [
            141.416774,
            43.064002
          ],
          [
            141.416224,
            43.063585
          ],
          [
            141.416535,
            43.063371
          ],
          [
            141.416155,
            43.063039
          ],
          [
            141.416515,
            43.062828
          ],
          [
            141.416995,
            43.062545
          ],
          [
            141.417089,
            43.062492
          ],
          [
            141.417239,
            43.062418
          ],
          [
            141.417591,
            43.062232
          ],
          [
            141.417803,
            43.062107
          ],
          [
            141.418178,
            43.062005
          ],
          [
            141.418958,
            43.0616
          ],
          [
            141.420589,
            43.060735
          ],
          [
            141.420688,
            43.060682
          ],
          [
            141.420745,
            43.060652
          ],
          [
            141.422522,
            43.059705
          ],
          [
            141.42263,
            43.059642
          ],
          [
            141.423317,
            43.059298
          ],
          [
            141.423763,
            43.058997
          ],
          [
            141.424095,
            43.058715
          ],
          [
            141.424349,
            43.058411
          ],
          [
            141.424619,
            43.057986
          ],
          [
            141.424856,
            43.057548
          ],
          [
            141.424883,
            43.057499
          ],
          [
            141.4257,
            43.055989
          ],
          [
            141.425738,
            43.05582
          ],
          [
            141.425819,
            43.05566
          ],
          [
            141.426024,
            43.05528
          ],
          [
            141.426078,
            43.055075
          ],
          [
            141.426081,
            43.054823
          ],
          [
            141.426038,
            43.054623
          ],
          [
            141.425955,
            43.054441
          ],
          [
            141.425798,
            43.054205
          ],
          [
            141.425581,
            43.053996
          ],
          [
            141.425295,
            43.053716
          ],
          [
            141.425856,
            43.05342
          ],
          [
            141.42534,
            43.052927
          ],
          [
            141.426702,
            43.05239
          ],
          [
            141.426839,
            43.052335
          ],
          [
            141.427234,
            43.052189
          ],
          [
            141.42706,
            43.051679
          ],
          [
            141.428255,
            43.051491
          ],
          [
            141.428223,
            43.051161
          ],
          [
            141.428357,
            43.050904
          ],
          [
            141.428221,
            43.050928
          ],
          [
            141.427764,
            43.051005
          ],
          [
            141.427544,
            43.050338
          ],
          [
            141.427798,
            43.050199
          ],
          [
            141.428037,
            43.050134
          ],
          [
            141.428589,
            43.049989
          ],
          [
            141.428841,
            43.049918
          ],
          [
            141.429062,
            43.049584
          ],
          [
            141.428943,
            43.049105
          ],
          [
            141.42881,
            43.048535
          ],
          [
            141.429275,
            43.048466
          ],
          [
            141.429687,
            43.048414
          ],
          [
            141.429875,
            43.048411
          ]
        ]
      }
    },
    {
      "type": "Feature",
      "properties": {
        "fid": 6,
        "name": "もみじ台自転車道路",
        "ward": "厚別区",
        "source": "sapporo_map_2024",
        "road_type": "exclusive",
        "matched_at": "2026-05-01T12:54:42.801Z",
        "matched_by": "valhalla_3.7.0",
        "match_confidence": 1,
        "match_max_distance_m": 39.296639,
        "match_quality": "high",
        "original_geometry": {
          "type": "LineString",
          "coordinates": [
            [
              141.4846902189281,
              43.03870555276341
            ],
            [
              141.48349406430873,
              43.0380423168323
            ],
            [
              141.48361780444176,
              43.0361430106439
            ],
            [
              141.48394777812987,
              43.03554004400465
            ],
            [
              141.48497894590517,
              43.03415319825026
            ],
            [
              141.48497894590517,
              43.03342961411055
            ],
            [
              141.48497894590517,
              43.03231407184695
            ],
            [
              141.48530891959325,
              43.031771368278875
            ],
            [
              141.48683504790077,
              43.03023368210846
            ],
            [
              141.4870000347448,
              43.03002262413716
            ],
            [
              141.48654632092368,
              43.0295703546119
            ],
            [
              141.48658756763464,
              43.02854519801671
            ],
            [
              141.48687629461176,
              43.02646468052942
            ],
            [
              141.4873712551439,
              43.02580131230149
            ],
            [
              141.48708252816684,
              43.02513793690488
            ],
            [
              141.48704128145582,
              43.02308745853828
            ],
            [
              141.487701228832,
              43.02263513791387
            ],
            [
              141.48831992949718,
              43.022604983087106
            ]
          ]
        }
      },
      "geometry": {
        "type": "LineString",
        "coordinates": [
          [
            141.484901,
            43.03876
          ],
          [
            141.484795,
            43.038979
          ],
          [
            141.484734,
            43.03907
          ],
          [
            141.484546,
            43.039006
          ],
          [
            141.48378,
            43.038738
          ],
          [
            141.483109,
            43.038511
          ],
          [
            141.483192,
            43.038393
          ],
          [
            141.483326,
            43.038093
          ],
          [
            141.483532,
            43.037434
          ],
          [
            141.48348,
            43.036814
          ],
          [
            141.484441,
            43.034382
          ],
          [
            141.484528,
            43.033953
          ],
          [
            141.484951,
            43.033159
          ],
          [
            141.48489,
            43.033058
          ],
          [
            141.484916,
            43.032913
          ],
          [
            141.485135,
            43.032345
          ],
          [
            141.485205,
            43.032118
          ],
          [
            141.485356,
            43.031558
          ],
          [
            141.485745,
            43.03099
          ],
          [
            141.486047,
            43.030549
          ],
          [
            141.486316,
            43.030257
          ],
          [
            141.486599,
            43.030032
          ],
          [
            141.486723,
            43.029926
          ],
          [
            141.486718,
            43.029683
          ],
          [
            141.486715,
            43.029382
          ],
          [
            141.48664,
            43.028081
          ],
          [
            141.486664,
            43.027058
          ],
          [
            141.486705,
            43.026982
          ],
          [
            141.486617,
            43.024654
          ],
          [
            141.486657,
            43.024577
          ],
          [
            141.486656,
            43.024199
          ],
          [
            141.486592,
            43.02407
          ],
          [
            141.486655,
            43.023799
          ],
          [
            141.486893,
            43.023759
          ],
          [
            141.487088,
            43.023733
          ],
          [
            141.487079,
            43.023831
          ],
          [
            141.487027,
            43.024461
          ],
          [
            141.487074,
            43.024688
          ],
          [
            141.487153,
            43.024899
          ],
          [
            141.487283,
            43.025103
          ],
          [
            141.48745,
            43.025274
          ],
          [
            141.487686,
            43.025464
          ],
          [
            141.487542,
            43.025772
          ],
          [
            141.487083,
            43.026807
          ],
          [
            141.487707,
            43.026947
          ],
          [
            141.487912,
            43.026477
          ],
          [
            141.488071,
            43.026071
          ],
          [
            141.487542,
            43.025772
          ],
          [
            141.487686,
            43.025464
          ],
          [
            141.487731,
            43.025381
          ],
          [
            141.487537,
            43.025231
          ],
          [
            141.487415,
            43.025104
          ],
          [
            141.487317,
            43.024974
          ],
          [
            141.487238,
            43.024812
          ],
          [
            141.487174,
            43.024641
          ],
          [
            141.487153,
            43.024431
          ],
          [
            141.487189,
            43.023829
          ],
          [
            141.487201,
            43.023713
          ],
          [
            141.487222,
            43.023603
          ],
          [
            141.487285,
            43.023116
          ],
          [
            141.488031,
            43.023039
          ],
          [
            141.488051,
            43.022989
          ],
          [
            141.488164,
            43.022634
          ],
          [
            141.488199,
            43.022522
          ],
          [
            141.4883,
            43.022511
          ]
        ]
      }
    },
    {
      "type": "Feature",
      "properties": {
        "fid": 7,
        "name": "伏古大通自転車道路",
        "ward": "東区",
        "source": "sapporo_map_2024",
        "road_type": "exclusive",
        "matched_at": "2026-05-01T12:54:42.801Z",
        "matched_by": "valhalla_3.7.0",
        "match_confidence": 1,
        "match_max_distance_m": 32.57901,
        "match_quality": "high",
        "original_geometry": {
          "type": "LineString",
          "coordinates": [
            [
              141.38854413555794,
              43.09252433624494
            ],
            [
              141.38903909609007,
              43.09113877898391
            ],
            [
              141.38903909609007,
              43.09017489457578
            ],
            [
              141.388709122402,
              43.089210994998545
            ],
            [
              141.385491878943,
              43.08613846386044
            ],
            [
              141.3844194644567,
              43.084933507618395
            ],
            [
              141.38301707628227,
              43.08306577860324
            ]
          ]
        }
      },
      "geometry": {
        "type": "LineString",
        "coordinates": [
          [
            141.388397,
            43.092471
          ],
          [
            141.388735,
            43.091972
          ],
          [
            141.389019,
            43.091492
          ],
          [
            141.389181,
            43.090966
          ],
          [
            141.389098,
            43.09043
          ],
          [
            141.388896,
            43.089982
          ],
          [
            141.388594,
            43.089581
          ],
          [
            141.388209,
            43.089223
          ],
          [
            141.387881,
            43.088919
          ],
          [
            141.387549,
            43.088589
          ],
          [
            141.387236,
            43.088279
          ],
          [
            141.38691,
            43.087955
          ],
          [
            141.386538,
            43.087601
          ],
          [
            141.385819,
            43.08692
          ],
          [
            141.385492,
            43.086584
          ],
          [
            141.385457,
            43.086537
          ],
          [
            141.385147,
            43.086169
          ],
          [
            141.384848,
            43.085814
          ],
          [
            141.384535,
            43.085455
          ],
          [
            141.384248,
            43.085088
          ],
          [
            141.383984,
            43.084753
          ],
          [
            141.383715,
            43.084406
          ],
          [
            141.383387,
            43.083987
          ],
          [
            141.382981,
            43.083424
          ],
          [
            141.38279,
            43.08315
          ]
        ]
      }
    },
    {
      "type": "Feature",
      "properties": {
        "fid": 8,
        "name": "豊平川サイクリング園路",
        "ward": "豊平区",
        "source": "sapporo_map_2024",
        "road_type": "exclusive",
        "matched_at": "2026-05-01T12:54:42.801Z",
        "matched_by": "valhalla_3.7.0",
        "match_confidence": 1,
        "match_max_distance_m": 48.216277,
        "match_quality": "high",
        "original_geometry": {
          "type": "LineString",
          "coordinates": [
            [
              141.41015741212846,
              43.07788403871634
            ],
            [
              141.40867253053204,
              43.07722122642174
            ],
            [
              141.40710515551356,
              43.076377636768505
            ],
            [
              141.40562027391712,
              43.07535326229084
            ],
            [
              141.40446536600874,
              43.07426861182648
            ],
            [
              141.40372292521056,
              43.07342498152619
            ],
            [
              141.4032279646784,
              43.0725210790314
            ],
            [
              141.4023205370361,
              43.071376116732964
            ],
            [
              141.40149560281586,
              43.070532446615395
            ],
            [
              141.39992822779737,
              43.06974902825041
            ],
            [
              141.39852583962295,
              43.069086127966536
            ],
            [
              141.39704095802648,
              43.068664278598504
            ],
            [
              141.39530859616397,
              43.06860401416606
            ],
            [
              141.39332875403537,
              43.06878480728563
            ],
            [
              141.3924213263931,
              43.0688450715403
            ],
            [
              141.3911014316407,
              43.068362955843796
            ],
            [
              141.38961655004425,
              43.067458978691974
            ],
            [
              141.38796668160373,
              43.06685631985102
            ],
            [
              141.38615182631918,
              43.06637418851219
            ],
            [
              141.38400699734655,
              43.065650984393805
            ],
            [
              141.38186216837386,
              43.06528937913507
            ],
            [
              141.37922237886906,
              43.0645661622185
            ],
            [
              141.3766650827863,
              43.063601859724216
            ],
            [
              141.372292931419,
              43.062155377542496
            ],
            [
              141.3697356353362,
              43.060829405561854
            ],
            [
              141.3686632208499,
              43.059503404904085
            ],
            [
              141.36726083267547,
              43.05727324821734
            ],
            [
              141.36437356290458,
              43.05474162071001
            ],
            [
              141.36346613526229,
              43.05281269150548
            ],
            [
              141.36255870762,
              43.050100032162526
            ],
            [
              141.36115631944557,
              43.04762839363893
            ],
            [
              141.3608263457575,
              43.046302107518294
            ],
            [
              141.36033138522535,
              43.043227424857335
            ],
            [
              141.35991891811523,
              43.041358424798624
            ],
            [
              141.35810406283062,
              43.03858496494551
            ],
            [
              141.35736162203244,
              43.03689671061137
            ],
            [
              141.3566191812342,
              43.03508781513713
            ],
            [
              141.35645419439015,
              43.03104775605643
            ],
            [
              141.35595923385802,
              43.02972111149061
            ],
            [
              141.3548868193717,
              43.02797230893243
            ],
            [
              141.3543918588395,
              43.027007431020174
            ],
            [
              141.3538968983074,
              43.02486655399465
            ],
            [
              141.3535256779083,
              43.02301207199898
            ],
            [
              141.35327819764217,
              43.02025286096476
            ],
            [
              141.35340193777526,
              43.01912200094595
            ],
            [
              141.3538350282409,
              43.017674469729506
            ],
            [
              141.35402063844043,
              43.01708640042531
            ],
            [
              141.35371128810783,
              43.01491501882239
            ],
            [
              141.3533400677087,
              43.01242688301044
            ],
            [
              141.3518551861123,
              43.01052678414493
            ],
            [
              141.34907103311892,
              43.00862662649541
            ],
            [
              141.3466581005247,
              43.00740506553646
            ],
            [
              141.3458537896599,
              43.00582152443313
            ]
          ]
        }
      },
      "geometry": {
        "type": "LineString",
        "coordinates": [
          [
            141.410373,
            43.077674
          ],
          [
            141.409205,
            43.077036
          ],
          [
            141.407666,
            43.076183
          ],
          [
            141.406784,
            43.075672
          ],
          [
            141.406038,
            43.075082
          ],
          [
            141.4057,
            43.074619
          ],
          [
            141.405638,
            43.07465
          ],
          [
            141.405577,
            43.074685
          ],
          [
            141.404709,
            43.075199
          ],
          [
            141.404508,
            43.074954
          ],
          [
            141.404226,
            43.074603
          ],
          [
            141.403981,
            43.074254
          ],
          [
            141.40392,
            43.074154
          ],
          [
            141.403799,
            43.073943
          ],
          [
            141.40372,
            43.073794
          ],
          [
            141.403684,
            43.073715
          ],
          [
            141.403582,
            43.073478
          ],
          [
            141.403529,
            43.073354
          ],
          [
            141.403414,
            43.07309
          ],
          [
            141.40322,
            43.07271
          ],
          [
            141.403082,
            43.072505
          ],
          [
            141.402975,
            43.072324
          ],
          [
            141.402768,
            43.072053
          ],
          [
            141.402575,
            43.071824
          ],
          [
            141.402339,
            43.071579
          ],
          [
            141.402149,
            43.071399
          ],
          [
            141.401929,
            43.071211
          ],
          [
            141.401737,
            43.07106
          ],
          [
            141.401476,
            43.070868
          ],
          [
            141.401275,
            43.070734
          ],
          [
            141.401054,
            43.0706
          ],
          [
            141.400878,
            43.070498
          ],
          [
            141.400643,
            43.070374
          ],
          [
            141.399974,
            43.07003
          ],
          [
            141.399101,
            43.069581
          ],
          [
            141.398898,
            43.06948
          ],
          [
            141.398689,
            43.069382
          ],
          [
            141.398433,
            43.069278
          ],
          [
            141.398131,
            43.069171
          ],
          [
            141.397856,
            43.069088
          ],
          [
            141.397541,
            43.069008
          ],
          [
            141.397274,
            43.068955
          ],
          [
            141.397008,
            43.068912
          ],
          [
            141.396791,
            43.068884
          ],
          [
            141.396511,
            43.06886
          ],
          [
            141.396249,
            43.068847
          ],
          [
            141.395955,
            43.068844
          ],
          [
            141.395656,
            43.068853
          ],
          [
            141.395447,
            43.068868
          ],
          [
            141.395213,
            43.068892
          ],
          [
            141.394997,
            43.068921
          ],
          [
            141.394825,
            43.06895
          ],
          [
            141.394613,
            43.068991
          ],
          [
            141.394418,
            43.069026
          ],
          [
            141.394113,
            43.06907
          ],
          [
            141.393873,
            43.069094
          ],
          [
            141.393655,
            43.069108
          ],
          [
            141.393284,
            43.069114
          ],
          [
            141.393019,
            43.069106
          ],
          [
            141.392702,
            43.069085
          ],
          [
            141.39247,
            43.069058
          ],
          [
            141.392253,
            43.069028
          ],
          [
            141.391966,
            43.068978
          ],
          [
            141.391743,
            43.068926
          ],
          [
            141.391503,
            43.068863
          ],
          [
            141.391199,
            43.068767
          ],
          [
            141.391055,
            43.068718
          ],
          [
            141.390843,
            43.068633
          ],
          [
            141.39075,
            43.068592
          ],
          [
            141.390676,
            43.068555
          ],
          [
            141.390591,
            43.0685
          ],
          [
            141.390321,
            43.068347
          ],
          [
            141.389986,
            43.068162
          ],
          [
            141.38974,
            43.068028
          ],
          [
            141.389516,
            43.067904
          ],
          [
            141.389482,
            43.067887
          ],
          [
            141.389442,
            43.067876
          ],
          [
            141.389361,
            43.067859
          ],
          [
            141.389287,
            43.067848
          ],
          [
            141.389206,
            43.067823
          ],
          [
            141.389007,
            43.067725
          ],
          [
            141.388674,
            43.067565
          ],
          [
            141.388306,
            43.067395
          ],
          [
            141.388336,
            43.06737
          ],
          [
            141.388353,
            43.067298
          ],
          [
            141.388298,
            43.067169
          ],
          [
            141.388212,
            43.067105
          ],
          [
            141.388089,
            43.067055
          ],
          [
            141.38797,
            43.067007
          ],
          [
            141.38755,
            43.066847
          ],
          [
            141.386617,
            43.066495
          ],
          [
            141.386344,
            43.066418
          ],
          [
            141.385328,
            43.066136
          ],
          [
            141.385267,
            43.066117
          ],
          [
            141.384814,
            43.065979
          ],
          [
            141.383199,
            43.065528
          ],
          [
            141.382297,
            43.065283
          ],
          [
            141.381436,
            43.065122
          ],
          [
            141.381387,
            43.065028
          ],
          [
            141.380631,
            43.064823
          ],
          [
            141.380229,
            43.064704
          ],
          [
            141.379999,
            43.06464
          ],
          [
            141.379669,
            43.064547
          ],
          [
            141.37931,
            43.064623
          ],
          [
            141.379128,
            43.064569
          ],
          [
            141.378316,
            43.064332
          ],
          [
            141.377404,
            43.06406
          ],
          [
            141.377386,
            43.063944
          ],
          [
            141.376524,
            43.063689
          ],
          [
            141.376188,
            43.063583
          ],
          [
            141.375162,
            43.063261
          ],
          [
            141.374712,
            43.063118
          ],
          [
            141.37415,
            43.06294
          ],
          [
            141.373796,
            43.062813
          ],
          [
            141.373754,
            43.062797
          ],
          [
            141.372418,
            43.062296
          ],
          [
            141.371698,
            43.061991
          ],
          [
            141.371677,
            43.061977
          ],
          [
            141.371202,
            43.061814
          ],
          [
            141.370743,
            43.061574
          ],
          [
            141.370109,
            43.0612
          ],
          [
            141.369857,
            43.061036
          ],
          [
            141.369677,
            43.060892
          ],
          [
            141.369572,
            43.060796
          ],
          [
            141.369469,
            43.06069
          ],
          [
            141.369395,
            43.060603
          ],
          [
            141.369289,
            43.060464
          ],
          [
            141.369101,
            43.06021
          ],
          [
            141.368922,
            43.059974
          ],
          [
            141.368349,
            43.059096
          ],
          [
            141.367825,
            43.058288
          ],
          [
            141.367282,
            43.057653
          ],
          [
            141.367098,
            43.057401
          ],
          [
            141.367087,
            43.057349
          ],
          [
            141.366998,
            43.057209
          ],
          [
            141.366694,
            43.05694
          ],
          [
            141.36507,
            43.055526
          ],
          [
            141.364825,
            43.055309
          ],
          [
            141.364517,
            43.055009
          ],
          [
            141.364361,
            43.054843
          ],
          [
            141.364127,
            43.054575
          ],
          [
            141.364022,
            43.054442
          ],
          [
            141.363929,
            43.054322
          ],
          [
            141.363838,
            43.054197
          ],
          [
            141.363622,
            43.053874
          ],
          [
            141.363592,
            43.053844
          ],
          [
            141.36354,
            43.053807
          ],
          [
            141.363465,
            43.053774
          ],
          [
            141.363437,
            43.053752
          ],
          [
            141.363409,
            43.053721
          ],
          [
            141.363254,
            43.053436
          ],
          [
            141.363073,
            43.053069
          ],
          [
            141.362953,
            43.052792
          ],
          [
            141.362815,
            43.052433
          ],
          [
            141.36274,
            43.052223
          ],
          [
            141.362693,
            43.052037
          ],
          [
            141.362901,
            43.051957
          ],
          [
            141.362914,
            43.051952
          ],
          [
            141.362978,
            43.051926
          ],
          [
            141.363076,
            43.051886
          ],
          [
            141.363145,
            43.051831
          ],
          [
            141.363196,
            43.051771
          ],
          [
            141.363207,
            43.051702
          ],
          [
            141.363204,
            43.051689
          ],
          [
            141.363193,
            43.051646
          ],
          [
            141.363145,
            43.051457
          ],
          [
            141.363046,
            43.051296
          ],
          [
            141.362842,
            43.051006
          ],
          [
            141.362747,
            43.050914
          ],
          [
            141.362163,
            43.049536
          ],
          [
            141.362004,
            43.049194
          ],
          [
            141.361934,
            43.049109
          ],
          [
            141.361822,
            43.049065
          ],
          [
            141.361654,
            43.049037
          ],
          [
            141.361556,
            43.049037
          ],
          [
            141.361443,
            43.048766
          ],
          [
            141.361357,
            43.048566
          ],
          [
            141.361285,
            43.0484
          ],
          [
            141.361184,
            43.048111
          ],
          [
            141.361073,
            43.047749
          ],
          [
            141.361037,
            43.047594
          ],
          [
            141.360966,
            43.047143
          ],
          [
            141.360864,
            43.04633
          ],
          [
            141.360815,
            43.04574
          ],
          [
            141.360735,
            43.044952
          ],
          [
            141.360614,
            43.04388
          ],
          [
            141.360469,
            43.043139
          ],
          [
            141.360394,
            43.04299
          ],
          [
            141.360295,
            43.042598
          ],
          [
            141.359954,
            43.041674
          ],
          [
            141.35978,
            43.041278
          ],
          [
            141.359687,
            43.04107
          ],
          [
            141.359625,
            43.040861
          ],
          [
            141.359591,
            43.040789
          ],
          [
            141.359538,
            43.040702
          ],
          [
            141.359505,
            43.040659
          ],
          [
            141.359415,
            43.040534
          ],
          [
            141.359252,
            43.040244
          ],
          [
            141.359112,
            43.040014
          ],
          [
            141.358918,
            43.039765
          ],
          [
            141.358884,
            43.039726
          ],
          [
            141.358729,
            43.039494
          ],
          [
            141.358561,
            43.039243
          ],
          [
            141.358357,
            43.038904
          ],
          [
            141.358317,
            43.038843
          ],
          [
            141.358208,
            43.038679
          ],
          [
            141.358104,
            43.03852
          ],
          [
            141.357975,
            43.038307
          ],
          [
            141.357861,
            43.038131
          ],
          [
            141.357428,
            43.037389
          ],
          [
            141.357019,
            43.036644
          ],
          [
            141.356935,
            43.036474
          ],
          [
            141.356823,
            43.036203
          ],
          [
            141.35667,
            43.035817
          ],
          [
            141.356589,
            43.035566
          ],
          [
            141.356474,
            43.035143
          ],
          [
            141.356418,
            43.034829
          ],
          [
            141.35637,
            43.034447
          ],
          [
            141.356348,
            43.03446
          ],
          [
            141.356321,
            43.033572
          ],
          [
            141.356288,
            43.032604
          ],
          [
            141.356287,
            43.032562
          ],
          [
            141.356246,
            43.031396
          ],
          [
            141.356148,
            43.030927
          ],
          [
            141.355956,
            43.03042
          ],
          [
            141.355328,
            43.029283
          ],
          [
            141.354759,
            43.028181
          ],
          [
            141.354599,
            43.027843
          ],
          [
            141.354465,
            43.027538
          ],
          [
            141.354451,
            43.027494
          ],
          [
            141.354441,
            43.027451
          ],
          [
            141.354437,
            43.027408
          ],
          [
            141.354436,
            43.027364
          ],
          [
            141.354455,
            43.027041
          ],
          [
            141.354459,
            43.026986
          ],
          [
            141.354458,
            43.026952
          ],
          [
            141.354245,
            43.02602
          ],
          [
            141.354032,
            43.025191
          ],
          [
            141.354008,
            43.025098
          ],
          [
            141.35366,
            43.023514
          ],
          [
            141.353306,
            43.022094
          ],
          [
            141.353241,
            43.021757
          ],
          [
            141.353231,
            43.021082
          ],
          [
            141.353362,
            43.019873
          ],
          [
            141.353384,
            43.019789
          ],
          [
            141.353404,
            43.019733
          ],
          [
            141.353419,
            43.019701
          ],
          [
            141.353506,
            43.019561
          ],
          [
            141.353522,
            43.019529
          ],
          [
            141.353532,
            43.019496
          ],
          [
            141.353559,
            43.019361
          ],
          [
            141.353571,
            43.019297
          ],
          [
            141.353581,
            43.019239
          ],
          [
            141.353577,
            43.019203
          ],
          [
            141.353554,
            43.019105
          ],
          [
            141.353548,
            43.019061
          ],
          [
            141.353547,
            43.019029
          ],
          [
            141.35355,
            43.018995
          ],
          [
            141.353732,
            43.018016
          ],
          [
            141.3538,
            43.017496
          ],
          [
            141.353832,
            43.01713
          ],
          [
            141.353856,
            43.016763
          ],
          [
            141.353865,
            43.016224
          ],
          [
            141.353867,
            43.015703
          ],
          [
            141.353851,
            43.015483
          ],
          [
            141.353832,
            43.015264
          ],
          [
            141.353799,
            43.015027
          ],
          [
            141.353744,
            43.01472
          ],
          [
            141.353716,
            43.014336
          ],
          [
            141.35364,
            43.013873
          ],
          [
            141.353569,
            43.013427
          ],
          [
            141.353498,
            43.013117
          ],
          [
            141.353389,
            43.012788
          ],
          [
            141.353284,
            43.012522
          ],
          [
            141.353179,
            43.012297
          ],
          [
            141.352993,
            43.011961
          ],
          [
            141.352819,
            43.011691
          ],
          [
            141.35261,
            43.011415
          ],
          [
            141.35235,
            43.01111
          ],
          [
            141.352148,
            43.010901
          ],
          [
            141.351914,
            43.010685
          ],
          [
            141.3517,
            43.010503
          ],
          [
            141.351436,
            43.010298
          ],
          [
            141.35101,
            43.010009
          ],
          [
            141.350775,
            43.009871
          ],
          [
            141.34846,
            43.008541
          ],
          [
            141.34808,
            43.008321
          ],
          [
            141.348004,
            43.00826
          ],
          [
            141.347919,
            43.008185
          ],
          [
            141.347741,
            43.007982
          ],
          [
            141.347613,
            43.007848
          ],
          [
            141.347442,
            43.007725
          ],
          [
            141.347205,
            43.007624
          ],
          [
            141.347136,
            43.007572
          ],
          [
            141.346922,
            43.007359
          ],
          [
            141.346821,
            43.007246
          ],
          [
            141.34674,
            43.007133
          ],
          [
            141.346669,
            43.007017
          ],
          [
            141.346601,
            43.006876
          ],
          [
            141.346379,
            43.006277
          ],
          [
            141.346246,
            43.005913
          ],
          [
            141.346186,
            43.005755
          ]
        ]
      }
    },
    {
      "type": "Feature",
      "properties": {
        "fid": 9,
        "name": "屯田みずほ通",
        "ward": "北区",
        "source": "sapporo_map_2024",
        "road_type": "exclusive",
        "matched_at": "2026-05-01T12:54:42.801Z",
        "matched_by": "valhalla_3.7.0",
        "match_confidence": 0,
        "match_max_distance_m": 0,
        "match_quality": "unmatched",
        "match_error": "400 Bad Request — Exceeded breakage distance for all pairs: 2000 meters"
      },
      "geometry": {
        "type": "LineString",
        "coordinates": [
          [
            141.31386696526974,
            43.13512996968032
          ],
          [
            141.3461631399925,
            43.13124701001671
          ]
        ]
      }
    },
    {
      "type": "Feature",
      "properties": {
        "fid": 10,
        "name": "滝野上野幌自転車道路（厚別区）",
        "ward": "厚別区",
        "source": "sapporo_map_2024",
        "road_type": "exclusive",
        "matched_at": "2026-05-01T12:54:42.801Z",
        "matched_by": "valhalla_3.7.0",
        "match_confidence": 1,
        "match_max_distance_m": 49.611671,
        "match_quality": "high",
        "original_geometry": {
          "type": "LineString",
          "coordinates": [
            [
              141.446392647753,
              43.09380444281197
            ],
            [
              141.44911493067983,
              43.09253939647777
            ],
            [
              141.45158973334054,
              43.09199722576372
            ],
            [
              141.4537551856687,
              43.09199722576372
            ],
            [
              141.45548754753122,
              43.09267493840634
            ],
            [
              141.4573436495268,
              43.09448213545609
            ],
            [
              141.47008888322964,
              43.09091286993678
            ],
            [
              141.48790746238708,
              43.08580710325664
            ],
            [
              141.4938469887729,
              43.08133355967192
            ],
            [
              141.48465928389484,
              43.07482600404632
            ],
            [
              141.4790291078416,
              43.06388813861032
            ],
            [
              141.47915284797466,
              43.063210107503224
            ],
            [
              141.48422619342918,
              43.05968422486425
            ],
            [
              141.4845974138283,
              43.058011619886095
            ],
            [
              141.48478302402788,
              43.056791041512
            ],
            [
              141.48533985462652,
              43.05552523086894
            ],
            [
              141.48564920495912,
              43.054123767178645
            ],
            [
              141.48540172469302,
              43.0527674814996
            ],
            [
              141.4841643233627,
              43.05127553260858
            ],
            [
              141.4858554385142,
              43.05061243256273
            ],
            [
              141.48692785300054,
              43.04967805214811
            ],
            [
              141.48754655366568,
              43.04853266318883
            ],
            [
              141.48845398130797,
              43.04717625386489
            ],
            [
              141.48989761619342,
              43.045458092329156
            ],
            [
              141.49200119845506,
              43.043559015694946
            ],
            [
              141.4931561063634,
              43.04277525264497
            ],
            [
              141.49530093533605,
              43.041569443785576
            ],
            [
              141.49604337613428,
              43.040876092960204
            ],
            [
              141.4964145965334,
              43.04000185683833
            ],
            [
              141.49657958337744,
              43.03879599347128
            ],
            [
              141.49682706364354,
              43.037951875013526
            ],
            [
              141.49851817879502,
              43.034906922657
            ],
            [
              141.49864191892806,
              43.03279647098983
            ],
            [
              141.49993603448618,
              43.03057664976394
            ],
            [
              141.50447317269757,
              43.026317684779016
            ],
            [
              141.50516921094592,
              43.02177571954647
            ],
            [
              141.50212726600873,
              43.02166263728671
            ],
            [
              141.5000649304581,
              43.02251074915795
            ],
            [
              141.4984666204064,
              43.023151537023935
            ],
            [
              141.49650740163327,
              43.02335884931335
            ],
            [
              141.49294987280845,
              43.02309499718716
            ],
            [
              141.4899852654544,
              43.02292537736435
            ],
            [
              141.48730422923848,
              43.0232834631073
            ],
            [
              141.48614416549125,
              43.02375462537641
            ],
            [
              141.4848809849665,
              43.023980781981166
            ],
            [
              141.48366936283045,
              43.02411270628254
            ],
            [
              141.48253507827764,
              43.0243954002594
            ],
            [
              141.48114300178094,
              43.02456501602066
            ],
            [
              141.48008605481127,
              43.02484770791469
            ],
            [
              141.4791837830079,
              43.02503616845418
            ],
            [
              141.47853930314832,
              43.02524347437936
            ],
            [
              141.47784326489997,
              43.02565808412952
            ],
            [
              141.4768636555134,
              43.02616691954114
            ],
            [
              141.47629651323697,
              43.02652498637653
            ],
            [
              141.47557469579428,
              43.02718457771109
            ],
            [
              141.47547157901676,
              43.02750494808774
            ]
          ]
        }
      },
      "geometry": {
        "type": "LineString",
        "coordinates": [
          [
            141.446532,
            43.093942
          ],
          [
            141.446945,
            43.093718
          ],
          [
            141.447804,
            43.093278
          ],
          [
            141.448481,
            43.092985
          ],
          [
            141.449455,
            43.09262
          ],
          [
            141.450062,
            43.092436
          ],
          [
            141.45086,
            43.092251
          ],
          [
            141.451725,
            43.092069
          ],
          [
            141.451947,
            43.092029
          ],
          [
            141.452166,
            43.092008
          ],
          [
            141.452485,
            43.092007
          ],
          [
            141.453066,
            43.092034
          ],
          [
            141.45334,
            43.092057
          ],
          [
            141.45363,
            43.09212
          ],
          [
            141.453814,
            43.092173
          ],
          [
            141.454365,
            43.092387
          ],
          [
            141.455024,
            43.092641
          ],
          [
            141.455542,
            43.092853
          ],
          [
            141.455632,
            43.092897
          ],
          [
            141.455877,
            43.093062
          ],
          [
            141.455979,
            43.093156
          ],
          [
            141.456175,
            43.09336
          ],
          [
            141.457376,
            43.094665
          ],
          [
            141.457467,
            43.094672
          ],
          [
            141.457564,
            43.094662
          ],
          [
            141.458077,
            43.094424
          ],
          [
            141.458344,
            43.0943
          ],
          [
            141.458452,
            43.094248
          ],
          [
            141.458584,
            43.094216
          ],
          [
            141.459439,
            43.093987
          ],
          [
            141.459837,
            43.093876
          ],
          [
            141.459938,
            43.093847
          ],
          [
            141.461083,
            43.093521
          ],
          [
            141.465843,
            43.092186
          ],
          [
            141.466774,
            43.091932
          ],
          [
            141.467302,
            43.091782
          ],
          [
            141.467699,
            43.091669
          ],
          [
            141.469107,
            43.091258
          ],
          [
            141.46915,
            43.091243
          ],
          [
            141.470244,
            43.090939
          ],
          [
            141.470315,
            43.090915
          ],
          [
            141.471155,
            43.090694
          ],
          [
            141.472518,
            43.090318
          ],
          [
            141.474175,
            43.08985
          ],
          [
            141.474341,
            43.089804
          ],
          [
            141.474624,
            43.089724
          ],
          [
            141.474636,
            43.089747
          ],
          [
            141.475592,
            43.089478
          ],
          [
            141.47691,
            43.089118
          ],
          [
            141.47788,
            43.088838
          ],
          [
            141.481089,
            43.08793
          ],
          [
            141.481565,
            43.0878
          ],
          [
            141.481771,
            43.087743
          ],
          [
            141.485428,
            43.086716
          ],
          [
            141.485602,
            43.086667
          ],
          [
            141.485746,
            43.08663
          ],
          [
            141.485815,
            43.086611
          ],
          [
            141.485863,
            43.086597
          ],
          [
            141.487099,
            43.086258
          ],
          [
            141.487598,
            43.086041
          ],
          [
            141.487953,
            43.08581
          ],
          [
            141.490666,
            43.08375
          ],
          [
            141.490738,
            43.083695
          ],
          [
            141.492417,
            43.082422
          ],
          [
            141.492465,
            43.082385
          ],
          [
            141.492765,
            43.082156
          ],
          [
            141.492914,
            43.082041
          ],
          [
            141.493124,
            43.081881
          ],
          [
            141.493369,
            43.081693
          ],
          [
            141.49346,
            43.081623
          ],
          [
            141.493853,
            43.081322
          ],
          [
            141.493935,
            43.081259
          ],
          [
            141.49357,
            43.081005
          ],
          [
            141.493023,
            43.080625
          ],
          [
            141.492544,
            43.080292
          ],
          [
            141.492451,
            43.080228
          ],
          [
            141.492187,
            43.080044
          ],
          [
            141.491738,
            43.079732
          ],
          [
            141.491645,
            43.079668
          ],
          [
            141.490369,
            43.078781
          ],
          [
            141.488935,
            43.077806
          ],
          [
            141.488619,
            43.077592
          ],
          [
            141.488401,
            43.077434
          ],
          [
            141.487556,
            43.076819
          ],
          [
            141.486898,
            43.076339
          ],
          [
            141.48654,
            43.076079
          ],
          [
            141.486468,
            43.076027
          ],
          [
            141.485822,
            43.075595
          ],
          [
            141.485535,
            43.075404
          ],
          [
            141.485384,
            43.075335
          ],
          [
            141.485247,
            43.075237
          ],
          [
            141.484878,
            43.074973
          ],
          [
            141.484713,
            43.074821
          ],
          [
            141.484631,
            43.074727
          ],
          [
            141.484558,
            43.074631
          ],
          [
            141.484473,
            43.074485
          ],
          [
            141.484396,
            43.074345
          ],
          [
            141.484306,
            43.07415
          ],
          [
            141.484231,
            43.073974
          ],
          [
            141.483761,
            43.072826
          ],
          [
            141.483731,
            43.072747
          ],
          [
            141.483564,
            43.072349
          ],
          [
            141.483395,
            43.071945
          ],
          [
            141.483307,
            43.071736
          ],
          [
            141.483183,
            43.071457
          ],
          [
            141.482967,
            43.07093
          ],
          [
            141.482838,
            43.07063
          ],
          [
            141.482767,
            43.070532
          ],
          [
            141.482688,
            43.070394
          ],
          [
            141.482555,
            43.070147
          ],
          [
            141.482391,
            43.069853
          ],
          [
            141.482359,
            43.069793
          ],
          [
            141.482189,
            43.069456
          ],
          [
            141.481835,
            43.068814
          ],
          [
            141.481798,
            43.068737
          ],
          [
            141.481752,
            43.06866
          ],
          [
            141.481451,
            43.06812
          ],
          [
            141.48103,
            43.067379
          ],
          [
            141.48093,
            43.067191
          ],
          [
            141.480572,
            43.066554
          ],
          [
            141.48007,
            43.065682
          ],
          [
            141.48001,
            43.065546
          ],
          [
            141.479705,
            43.065031
          ],
          [
            141.479508,
            43.064661
          ],
          [
            141.47929,
            43.064238
          ],
          [
            141.479257,
            43.064169
          ],
          [
            141.47912,
            43.063923
          ],
          [
            141.479035,
            43.063771
          ],
          [
            141.478963,
            43.063661
          ],
          [
            141.479089,
            43.063568
          ],
          [
            141.479666,
            43.063125
          ],
          [
            141.480731,
            43.062314
          ],
          [
            141.481057,
            43.062067
          ],
          [
            141.481942,
            43.061394
          ],
          [
            141.482202,
            43.061175
          ],
          [
            141.482282,
            43.061113
          ],
          [
            141.482669,
            43.060816
          ],
          [
            141.482955,
            43.060607
          ],
          [
            141.483059,
            43.060569
          ],
          [
            141.483295,
            43.060501
          ],
          [
            141.483417,
            43.060479
          ],
          [
            141.483553,
            43.060719
          ],
          [
            141.483594,
            43.060753
          ],
          [
            141.48392,
            43.060739
          ],
          [
            141.484136,
            43.060723
          ],
          [
            141.484259,
            43.06071
          ],
          [
            141.484254,
            43.060674
          ],
          [
            141.484393,
            43.060651
          ],
          [
            141.484384,
            43.060599
          ],
          [
            141.48432,
            43.060252
          ],
          [
            141.484299,
            43.060124
          ],
          [
            141.484239,
            43.059528
          ],
          [
            141.484376,
            43.059523
          ],
          [
            141.484368,
            43.059363
          ],
          [
            141.484378,
            43.058985
          ],
          [
            141.484401,
            43.058692
          ],
          [
            141.484405,
            43.058663
          ],
          [
            141.484419,
            43.058564
          ],
          [
            141.484446,
            43.058496
          ],
          [
            141.484467,
            43.058344
          ],
          [
            141.484469,
            43.058315
          ],
          [
            141.484483,
            43.058244
          ],
          [
            141.484512,
            43.058105
          ],
          [
            141.484582,
            43.057869
          ],
          [
            141.48481,
            43.0572
          ],
          [
            141.484931,
            43.056858
          ],
          [
            141.484796,
            43.056841
          ],
          [
            141.484834,
            43.056742
          ],
          [
            141.484901,
            43.056568
          ],
          [
            141.484934,
            43.056484
          ],
          [
            141.485049,
            43.056167
          ],
          [
            141.485131,
            43.055937
          ],
          [
            141.485186,
            43.055781
          ],
          [
            141.485221,
            43.05568
          ],
          [
            141.485256,
            43.055583
          ],
          [
            141.485337,
            43.055363
          ],
          [
            141.485408,
            43.055144
          ],
          [
            141.485467,
            43.054902
          ],
          [
            141.485499,
            43.054734
          ],
          [
            141.485509,
            43.054656
          ],
          [
            141.485525,
            43.054519
          ],
          [
            141.485541,
            43.054378
          ],
          [
            141.485543,
            43.054328
          ],
          [
            141.485663,
            43.054332
          ],
          [
            141.485668,
            43.054227
          ],
          [
            141.485667,
            43.054126
          ],
          [
            141.485693,
            43.054069
          ],
          [
            141.485675,
            43.05383
          ],
          [
            141.48564,
            43.053747
          ],
          [
            141.485617,
            43.05363
          ],
          [
            141.485578,
            43.053439
          ],
          [
            141.485555,
            43.053339
          ],
          [
            141.485499,
            43.053131
          ],
          [
            141.485494,
            43.053101
          ],
          [
            141.485502,
            43.053076
          ],
          [
            141.485482,
            43.053026
          ],
          [
            141.485458,
            43.05296
          ],
          [
            141.485434,
            43.052945
          ],
          [
            141.485293,
            43.052634
          ],
          [
            141.485265,
            43.052583
          ],
          [
            141.485148,
            43.052621
          ],
          [
            141.484981,
            43.052359
          ],
          [
            141.484762,
            43.052007
          ],
          [
            141.484716,
            43.051952
          ],
          [
            141.484459,
            43.051645
          ],
          [
            141.484443,
            43.051628
          ],
          [
            141.484327,
            43.051514
          ],
          [
            141.484548,
            43.051408
          ],
          [
            141.484936,
            43.051224
          ],
          [
            141.485496,
            43.050941
          ],
          [
            141.486019,
            43.050611
          ],
          [
            141.486515,
            43.050198
          ],
          [
            141.486907,
            43.049722
          ],
          [
            141.487097,
            43.049444
          ],
          [
            141.487215,
            43.049189
          ],
          [
            141.487534,
            43.048384
          ],
          [
            141.487707,
            43.048044
          ],
          [
            141.48776,
            43.047973
          ],
          [
            141.488044,
            43.04759
          ],
          [
            141.488135,
            43.047494
          ],
          [
            141.488364,
            43.047253
          ],
          [
            141.488474,
            43.047137
          ],
          [
            141.488624,
            43.046979
          ],
          [
            141.489503,
            43.046057
          ],
          [
            141.489618,
            43.04594
          ],
          [
            141.490611,
            43.044942
          ],
          [
            141.490945,
            43.044611
          ],
          [
            141.491034,
            43.044523
          ],
          [
            141.491655,
            43.043923
          ],
          [
            141.492225,
            43.043483
          ],
          [
            141.492903,
            43.043082
          ],
          [
            141.492964,
            43.043045
          ],
          [
            141.493633,
            43.042656
          ],
          [
            141.494248,
            43.042305
          ],
          [
            141.494776,
            43.041992
          ],
          [
            141.495196,
            43.041669
          ],
          [
            141.495554,
            43.041314
          ],
          [
            141.495597,
            43.041258
          ],
          [
            141.495758,
            43.04105
          ],
          [
            141.495855,
            43.041063
          ],
          [
            141.495904,
            43.040985
          ],
          [
            141.496029,
            43.040768
          ],
          [
            141.496101,
            43.040608
          ],
          [
            141.49616,
            43.040452
          ],
          [
            141.496217,
            43.040263
          ],
          [
            141.496247,
            43.040087
          ],
          [
            141.496301,
            43.039885
          ],
          [
            141.496321,
            43.039783
          ],
          [
            141.496363,
            43.039756
          ],
          [
            141.496374,
            43.039665
          ],
          [
            141.496375,
            43.039617
          ],
          [
            141.496329,
            43.039559
          ],
          [
            141.496343,
            43.039408
          ],
          [
            141.4964,
            43.039388
          ],
          [
            141.496587,
            43.038742
          ],
          [
            141.496661,
            43.038592
          ],
          [
            141.496945,
            43.038368
          ],
          [
            141.497297,
            43.03814
          ],
          [
            141.497333,
            43.038115
          ],
          [
            141.497549,
            43.037963
          ],
          [
            141.49776,
            43.037356
          ],
          [
            141.497917,
            43.036746
          ],
          [
            141.498094,
            43.036372
          ],
          [
            141.498657,
            43.035478
          ],
          [
            141.498731,
            43.035102
          ],
          [
            141.498734,
            43.034707
          ],
          [
            141.498756,
            43.034251
          ],
          [
            141.498817,
            43.033863
          ],
          [
            141.49896,
            43.033298
          ],
          [
            141.498922,
            43.032931
          ],
          [
            141.499005,
            43.032531
          ],
          [
            141.499225,
            43.031934
          ],
          [
            141.499446,
            43.031267
          ],
          [
            141.499689,
            43.030816
          ],
          [
            141.499885,
            43.03054
          ],
          [
            141.500421,
            43.030007
          ],
          [
            141.500852,
            43.029619
          ],
          [
            141.501232,
            43.029301
          ],
          [
            141.501901,
            43.028785
          ],
          [
            141.502027,
            43.028663
          ],
          [
            141.502078,
            43.028537
          ],
          [
            141.502159,
            43.028375
          ],
          [
            141.50221,
            43.028327
          ],
          [
            141.503748,
            43.026963
          ],
          [
            141.503843,
            43.026863
          ],
          [
            141.503983,
            43.026713
          ],
          [
            141.504177,
            43.02647
          ],
          [
            141.504287,
            43.026294
          ],
          [
            141.504457,
            43.025935
          ],
          [
            141.504532,
            43.025733
          ],
          [
            141.504567,
            43.025644
          ],
          [
            141.504611,
            43.025524
          ],
          [
            141.504651,
            43.025402
          ],
          [
            141.504684,
            43.025282
          ],
          [
            141.504704,
            43.025157
          ],
          [
            141.504841,
            43.023704
          ],
          [
            141.504847,
            43.023659
          ],
          [
            141.504909,
            43.022893
          ],
          [
            141.504987,
            43.022296
          ],
          [
            141.504982,
            43.022254
          ],
          [
            141.504954,
            43.022216
          ],
          [
            141.504879,
            43.022167
          ],
          [
            141.504819,
            43.022145
          ],
          [
            141.504759,
            43.022132
          ],
          [
            141.504719,
            43.022131
          ],
          [
            141.50362,
            43.02205
          ],
          [
            141.503483,
            43.022042
          ],
          [
            141.503284,
            43.02204
          ],
          [
            141.503106,
            43.022049
          ],
          [
            141.503065,
            43.022015
          ],
          [
            141.503011,
            43.021999
          ],
          [
            141.502941,
            43.022003
          ],
          [
            141.50238,
            43.022048
          ],
          [
            141.501858,
            43.022153
          ],
          [
            141.501617,
            43.022143
          ],
          [
            141.50144,
            43.022053
          ],
          [
            141.500312,
            43.022923
          ],
          [
            141.499765,
            43.023062
          ],
          [
            141.499057,
            43.023245
          ],
          [
            141.498237,
            43.023415
          ],
          [
            141.49787,
            43.023453
          ],
          [
            141.497503,
            43.023491
          ],
          [
            141.496657,
            43.023516
          ],
          [
            141.496045,
            43.023573
          ],
          [
            141.495572,
            43.023651
          ],
          [
            141.495312,
            43.02366
          ],
          [
            141.49489,
            43.023658
          ],
          [
            141.494823,
            43.023654
          ],
          [
            141.494644,
            43.023642
          ],
          [
            141.494502,
            43.023631
          ],
          [
            141.494483,
            43.02363
          ],
          [
            141.494429,
            43.023626
          ],
          [
            141.49424,
            43.023605
          ],
          [
            141.493975,
            43.023571
          ],
          [
            141.491696,
            43.02331
          ],
          [
            141.491364,
            43.023276
          ],
          [
            141.491079,
            43.023246
          ],
          [
            141.490807,
            43.023226
          ],
          [
            141.490432,
            43.02321
          ],
          [
            141.490093,
            43.023212
          ],
          [
            141.489782,
            43.023227
          ],
          [
            141.489334,
            43.023264
          ],
          [
            141.488759,
            43.023352
          ],
          [
            141.488214,
            43.023444
          ],
          [
            141.488092,
            43.023461
          ],
          [
            141.487386,
            43.023581
          ],
          [
            141.487222,
            43.023603
          ],
          [
            141.487106,
            43.023621
          ],
          [
            141.486998,
            43.023642
          ],
          [
            141.486915,
            43.023698
          ],
          [
            141.486652,
            43.023744
          ],
          [
            141.486551,
            43.023768
          ],
          [
            141.485973,
            43.023856
          ],
          [
            141.485947,
            43.023928
          ],
          [
            141.485915,
            43.023933
          ],
          [
            141.485876,
            43.023939
          ],
          [
            141.485434,
            43.024019
          ],
          [
            141.484966,
            43.024106
          ],
          [
            141.484824,
            43.02413
          ],
          [
            141.484697,
            43.024151
          ],
          [
            141.481711,
            43.024658
          ],
          [
            141.480004,
            43.024963
          ],
          [
            141.479632,
            43.025036
          ],
          [
            141.479383,
            43.025085
          ],
          [
            141.479243,
            43.025128
          ],
          [
            141.478819,
            43.025255
          ],
          [
            141.478195,
            43.02551
          ],
          [
            141.478067,
            43.025573
          ],
          [
            141.477346,
            43.02597
          ],
          [
            141.477196,
            43.026052
          ],
          [
            141.476769,
            43.026267
          ],
          [
            141.476687,
            43.026313
          ],
          [
            141.476302,
            43.026534
          ],
          [
            141.476066,
            43.026725
          ],
          [
            141.475854,
            43.026916
          ],
          [
            141.475684,
            43.027125
          ],
          [
            141.475616,
            43.027214
          ],
          [
            141.475493,
            43.027416
          ],
          [
            141.475455,
            43.027501
          ]
        ]
      }
    },
    {
      "type": "Feature",
      "properties": {
        "fid": 11,
        "name": "滝野上野幌自転車道路（南区）",
        "ward": "南区",
        "source": "sapporo_map_2024",
        "road_type": "exclusive",
        "matched_at": "2026-05-01T12:54:42.801Z",
        "matched_by": "valhalla_3.7.0",
        "match_confidence": 1,
        "match_max_distance_m": 48.784021,
        "match_quality": "high",
        "original_geometry": {
          "type": "LineString",
          "coordinates": [
            [
              141.43755038407951,
              43.095103347125175
            ],
            [
              141.43523025658507,
              43.09269376365049
            ],
            [
              141.43321947942317,
              43.090961816967734
            ],
            [
              141.43146649420518,
              43.08994521675633
            ],
            [
              141.4287854579893,
              43.088853294030805
            ],
            [
              141.42672312243874,
              43.08836380511081
            ],
            [
              141.4248154620544,
              43.08806257921578
            ],
            [
              141.4234233855577,
              43.08761073759568
            ],
            [
              141.41873157218006,
              43.084937273143616
            ],
            [
              141.4093479454247,
              43.079251066431056
            ],
            [
              141.40646067565376,
              43.07772586825196
            ],
            [
              141.4046819112413,
              43.076605482440186
            ],
            [
              141.40232311495532,
              43.0744776345031
            ],
            [
              141.40107282402778,
              43.07277341981926
            ],
            [
              141.40014477302995,
              43.07141754666284
            ],
            [
              141.39911360525466,
              43.07081492674266
            ],
            [
              141.39769574956364,
              43.070268797322036
            ],
            [
              141.396174777095,
              43.069816824466265
            ],
            [
              141.3939835455725,
              43.0696849984222
            ],
            [
              141.39259146907582,
              43.06964733378609
            ],
            [
              141.39119939257913,
              43.06940251308728
            ],
            [
              141.38978153688805,
              43.06870571036147
            ],
            [
              141.3878480973094,
              43.06770757373775
            ],
            [
              141.38622400806327,
              43.06702958487469
            ],
            [
              141.384187451707,
              43.0664457551225
            ],
            [
              141.38145485710245,
              43.065617083991455
            ],
            [
              141.37475871136152,
              43.06369603055802
            ],
            [
              141.3707371570378,
              43.062255200976935
            ],
            [
              141.3685330359181,
              43.061238124414444
            ],
            [
              141.36764365371187,
              43.06033404219437
            ],
            [
              141.3668702778804,
              43.058949640458984
            ],
            [
              141.36571021413314,
              43.057226157885886
            ],
            [
              141.36451148159435,
              43.05589819564861
            ],
            [
              141.36315807388928,
              43.054654970894966
            ],
            [
              141.36164999101788,
              43.0537225357895
            ],
            [
              141.3605285960622,
              43.052281471831506
            ],
            [
              141.3599872329802,
              43.0504447726089
            ],
            [
              141.35975522023074,
              43.04756245679616
            ],
            [
              141.3591035794839,
              43.04586063375999
            ],
            [
              141.3588744310894,
              43.04524101610874
            ],
            [
              141.35878277173157,
              43.04348260761164
            ],
            [
              141.35908066464444,
              43.042862965941204
            ],
            [
              141.3589202607683,
              43.042042349772316
            ],
            [
              141.35768285943792,
              43.03994889146241
            ],
            [
              141.356132288635,
              43.03726543866454
            ],
            [
              141.3550934825799,
              43.03567987603191
            ],
            [
              141.35460463267148,
              43.03450742661133
            ],
            [
              141.35453588815312,
              43.03360295032441
            ],
            [
              141.35476503654766,
              43.0323467111447
            ],
            [
              141.35494835526328,
              43.031308200674424
            ],
            [
              141.35501709978163,
              43.03043717834311
            ],
            [
              141.3544442287953,
              43.029716900539626
            ],
            [
              141.3541005062036,
              43.02884585562538
            ],
            [
              141.35361929457508,
              43.028092056780125
            ],
            [
              141.35277144551537,
              43.02758951907377
            ],
            [
              141.35219284581922,
              43.02683361085856
            ],
            [
              141.35195224000498,
              43.02586620227792
            ],
            [
              141.3521241013009,
              43.02520031478597
            ],
            [
              141.35229596259677,
              43.024195187910685
            ],
            [
              141.35234752098552,
              43.02368005400875
            ],
            [
              141.35188349548662,
              43.022838240524216
            ],
            [
              141.3510585612664,
              43.02188333364345
            ],
            [
              141.35141946998775,
              43.02155665156405
            ],
            [
              141.35200379839375,
              43.02171999282103
            ],
            [
              141.35202098452336,
              43.01962165283903
            ],
            [
              141.35265687131812,
              43.01759863442292
            ],
            [
              141.3526792653658,
              43.01553785148479
            ],
            [
              141.35251261198795,
              43.013923294732905
            ],
            [
              141.35220013690454,
              43.01275042972041
            ],
            [
              141.3510960582764,
              43.01112056712388
            ],
            [
              141.34980449459826,
              43.009932415730674
            ],
            [
              141.3478046540643,
              43.008774707649714
            ],
            [
              141.345867308547,
              43.00763221117768
            ],
            [
              141.34495071496897,
              43.006542165105124
            ],
            [
              141.34467295933925,
              43.005709383953736
            ],
            [
              141.3446945625549,
              43.005260264229435
            ],
            [
              141.34535808989256,
              43.005000721183166
            ],
            [
              141.3462283908656,
              43.004971381465474
            ],
            [
              141.3462222185183,
              43.004671212779435
            ],
            [
              141.34577472333712,
              43.00332382098574
            ],
            [
              141.3447624583755,
              43.00150016827791
            ],
            [
              141.3448118371541,
              42.99918892667771
            ],
            [
              141.34579941272645,
              42.99888195836241
            ],
            [
              141.345280935551,
              42.99745543842207
            ],
            [
              141.34893496516858,
              42.992922857831815
            ],
            [
              141.3500789068731,
              42.99079790747924
            ],
            [
              141.3510171036668,
              42.98889562331208
            ],
            [
              141.3510171036668,
              42.98765549497123
            ],
            [
              141.348358879418,
              42.98425404367684
            ],
            [
              141.3496098084762,
              42.98208664911013
            ],
            [
              141.3471737887312,
              42.97967834330783
            ],
            [
              141.345659506187,
              42.97331996273892
            ],
            [
              141.34467193061462,
              42.97322361858321
            ],
            [
              141.34368435504234,
              42.97018870042001
            ],
            [
              141.34269677947003,
              42.96652733000006
            ],
            [
              141.34328932481338,
              42.96402205624559
            ],
            [
              141.3434868399279,
              42.96036031876928
            ],
            [
              141.34500112247207,
              42.9521688012415
            ],
            [
              141.34669097400695,
              42.95091588477533
            ],
            [
              141.34704211198823,
              42.94645015453494
            ],
            [
              141.346559297264,
              42.94449027134718
            ],
            [
              141.34489139185294,
              42.94134147590747
            ],
            [
              141.34467193061474,
              42.93912437026018
            ],
            [
              141.34296013295602,
              42.9377747886045
            ],
            [
              141.34238953373648,
              42.93603956872583
            ],
            [
              141.34186282676458,
              42.9345613798912
            ],
            [
              141.3418189345169,
              42.933275969454115
            ],
            [
              141.34265288722244,
              42.93253684630408
            ],
            [
              141.34506696084364,
              42.9313156668825
            ],
            [
              141.3457253445585,
              42.93003018870121
            ],
            [
              141.34686654299762,
              42.929258888914376
            ],
            [
              141.34971953909545,
              42.92909820024309
            ],
            [
              141.35121187551584,
              42.92752342908016
            ],
            [
              141.3538015181277,
              42.92540224510307
            ],
            [
              141.35450379409025,
              42.923763098365924
            ],
            [
              141.3552499623004,
              42.92318456557518
            ],
            [
              141.35665451422548,
              42.92286315612169
            ],
            [
              141.35788349715995,
              42.922670309644715
            ],
            [
              141.35915637234206,
              42.92209176659197
            ],
            [
              141.36244829091643,
              42.91939182717874
            ],
            [
              141.3631066746313,
              42.918941825773786
            ],
            [
              141.36574020949078,
              42.91923111276853
            ],
            [
              141.36925158930347,
              42.91935968433024
            ],
            [
              141.37337746058338,
              42.91919896983619
            ],
            [
              141.37530871948036,
              42.91926325568411
            ],
            [
              141.37833728456874,
              42.92035610483687
            ],
            [
              141.37991740548446,
              42.92099894822503
            ],
            [
              141.38176087988614,
              42.921031090218364
            ],
            [
              141.38271187858538,
              42.92234889750835
            ],
            [
              141.3843358917487,
              42.923034574705554
            ],
            [
              141.38591601266444,
              42.92340955119492
            ]
          ]
        }
      },
      "geometry": {
        "type": "LineString",
        "coordinates": [
          [
            141.437048,
            43.095349
          ],
          [
            141.436426,
            43.09467
          ],
          [
            141.43612,
            43.094309
          ],
          [
            141.435965,
            43.094143
          ],
          [
            141.435456,
            43.093498
          ],
          [
            141.435225,
            43.09304
          ],
          [
            141.434641,
            43.092457
          ],
          [
            141.433963,
            43.091849
          ],
          [
            141.433769,
            43.091717
          ],
          [
            141.432971,
            43.091153
          ],
          [
            141.432481,
            43.090733
          ],
          [
            141.431256,
            43.090206
          ],
          [
            141.426567,
            43.088742
          ],
          [
            141.425767,
            43.088566
          ],
          [
            141.424852,
            43.088365
          ],
          [
            141.424559,
            43.088301
          ],
          [
            141.423615,
            43.08805
          ],
          [
            141.420637,
            43.086357
          ],
          [
            141.419924,
            43.085774
          ],
          [
            141.41298,
            43.08172
          ],
          [
            141.410769,
            43.080429
          ],
          [
            141.41068,
            43.080377
          ],
          [
            141.408706,
            43.079374
          ],
          [
            141.405228,
            43.077464
          ],
          [
            141.404259,
            43.076657
          ],
          [
            141.404183,
            43.07659
          ],
          [
            141.402896,
            43.07523
          ],
          [
            141.402562,
            43.074655
          ],
          [
            141.402141,
            43.073895
          ],
          [
            141.402235,
            43.073721
          ],
          [
            141.402123,
            43.073489
          ],
          [
            141.401726,
            43.072916
          ],
          [
            141.400978,
            43.072087
          ],
          [
            141.40067,
            43.071674
          ],
          [
            141.400114,
            43.071329
          ],
          [
            141.399461,
            43.070968
          ],
          [
            141.399003,
            43.070722
          ],
          [
            141.398774,
            43.070596
          ],
          [
            141.398363,
            43.070398
          ],
          [
            141.397607,
            43.070101
          ],
          [
            141.396803,
            43.069931
          ],
          [
            141.396304,
            43.069893
          ],
          [
            141.395995,
            43.069894
          ],
          [
            141.395918,
            43.069832
          ],
          [
            141.395763,
            43.069832
          ],
          [
            141.394699,
            43.069944
          ],
          [
            141.393918,
            43.070039
          ],
          [
            141.393617,
            43.07007
          ],
          [
            141.393334,
            43.070082
          ],
          [
            141.393017,
            43.070095
          ],
          [
            141.39263,
            43.070076
          ],
          [
            141.392253,
            43.070032
          ],
          [
            141.391798,
            43.069938
          ],
          [
            141.391351,
            43.069825
          ],
          [
            141.390785,
            43.069669
          ],
          [
            141.390098,
            43.069405
          ],
          [
            141.388965,
            43.068728
          ],
          [
            141.38748,
            43.067988
          ],
          [
            141.386262,
            43.067543
          ],
          [
            141.385684,
            43.067366
          ],
          [
            141.385085,
            43.067247
          ],
          [
            141.384748,
            43.06709
          ],
          [
            141.382927,
            43.066532
          ],
          [
            141.382358,
            43.066363
          ],
          [
            141.38215,
            43.066288
          ],
          [
            141.381157,
            43.065984
          ],
          [
            141.380909,
            43.065936
          ],
          [
            141.380672,
            43.065867
          ],
          [
            141.390192,
            43.068442
          ],
          [
            141.389752,
            43.068211
          ],
          [
            141.389268,
            43.067949
          ],
          [
            141.388859,
            43.067757
          ],
          [
            141.387986,
            43.067354
          ],
          [
            141.387204,
            43.067054
          ],
          [
            141.386309,
            43.066768
          ],
          [
            141.386048,
            43.066689
          ],
          [
            141.383697,
            43.065991
          ],
          [
            141.382826,
            43.065751
          ],
          [
            141.38165,
            43.065327
          ],
          [
            141.368825,
            43.061824
          ],
          [
            141.368806,
            43.061774
          ],
          [
            141.368727,
            43.061671
          ],
          [
            141.368294,
            43.061099
          ],
          [
            141.368111,
            43.060895
          ],
          [
            141.368077,
            43.060833
          ],
          [
            141.368036,
            43.060602
          ],
          [
            141.367969,
            43.060481
          ],
          [
            141.366702,
            43.058827
          ],
          [
            141.366451,
            43.058515
          ],
          [
            141.366255,
            43.058319
          ],
          [
            141.366185,
            43.058258
          ],
          [
            141.365836,
            43.057975
          ],
          [
            141.365737,
            43.057878
          ],
          [
            141.365629,
            43.057694
          ],
          [
            141.365479,
            43.057459
          ],
          [
            141.365224,
            43.057116
          ],
          [
            141.365019,
            43.056905
          ],
          [
            141.364879,
            43.056783
          ],
          [
            141.364399,
            43.056363
          ],
          [
            141.363857,
            43.055889
          ],
          [
            141.363566,
            43.055638
          ],
          [
            141.363142,
            43.055273
          ],
          [
            141.36319,
            43.055102
          ],
          [
            141.362917,
            43.054821
          ],
          [
            141.362622,
            43.054454
          ],
          [
            141.36222,
            43.053902
          ],
          [
            141.361918,
            43.053442
          ],
          [
            141.361023,
            43.05363
          ],
          [
            141.360802,
            43.053325
          ],
          [
            141.360701,
            43.053072
          ],
          [
            141.360149,
            43.051538
          ],
          [
            141.360057,
            43.05128
          ],
          [
            141.360014,
            43.05116
          ],
          [
            141.359913,
            43.050891
          ],
          [
            141.359865,
            43.050756
          ],
          [
            141.359766,
            43.050482
          ],
          [
            141.359582,
            43.04997
          ],
          [
            141.359577,
            43.049956
          ],
          [
            141.359477,
            43.049686
          ],
          [
            141.359439,
            43.049601
          ],
          [
            141.359256,
            43.049257
          ],
          [
            141.359234,
            43.049217
          ],
          [
            141.359239,
            43.049162
          ],
          [
            141.359264,
            43.049071
          ],
          [
            141.359293,
            43.049029
          ],
          [
            141.359353,
            43.048966
          ],
          [
            141.359728,
            43.048756
          ],
          [
            141.359902,
            43.048657
          ],
          [
            141.359992,
            43.048598
          ],
          [
            141.360032,
            43.048556
          ],
          [
            141.360046,
            43.048535
          ],
          [
            141.36006,
            43.048512
          ],
          [
            141.360072,
            43.048477
          ],
          [
            141.360075,
            43.048397
          ],
          [
            141.360052,
            43.048326
          ],
          [
            141.359809,
            43.047594
          ],
          [
            141.359551,
            43.047029
          ],
          [
            141.359457,
            43.046496
          ],
          [
            141.359414,
            43.046308
          ],
          [
            141.359031,
            43.045715
          ],
          [
            141.358925,
            43.045549
          ],
          [
            141.358923,
            43.045513
          ],
          [
            141.358918,
            43.04536
          ],
          [
            141.358947,
            43.045059
          ],
          [
            141.358929,
            43.044862
          ],
          [
            141.358865,
            43.044434
          ],
          [
            141.358818,
            43.044379
          ],
          [
            141.358812,
            43.044323
          ],
          [
            141.358765,
            43.043967
          ],
          [
            141.358757,
            43.043866
          ],
          [
            141.358764,
            43.043808
          ],
          [
            141.358794,
            43.043756
          ],
          [
            141.358845,
            43.043692
          ],
          [
            141.358861,
            43.043673
          ],
          [
            141.358921,
            43.043613
          ],
          [
            141.359008,
            43.043524
          ],
          [
            141.359038,
            43.043465
          ],
          [
            141.359034,
            43.043405
          ],
          [
            141.359028,
            43.043375
          ],
          [
            141.359019,
            43.04332
          ],
          [
            141.358932,
            43.042803
          ],
          [
            141.358863,
            43.042575
          ],
          [
            141.358675,
            43.042199
          ],
          [
            141.358314,
            43.041499
          ],
          [
            141.358081,
            43.041049
          ],
          [
            141.358012,
            43.040932
          ],
          [
            141.357932,
            43.040867
          ],
          [
            141.357906,
            43.040855
          ],
          [
            141.357474,
            43.039954
          ],
          [
            141.357343,
            43.03968
          ],
          [
            141.357062,
            43.039094
          ],
          [
            141.357071,
            43.039091
          ],
          [
            141.357084,
            43.039081
          ],
          [
            141.357091,
            43.039069
          ],
          [
            141.357092,
            43.039056
          ],
          [
            141.357088,
            43.039044
          ],
          [
            141.357077,
            43.039033
          ],
          [
            141.357063,
            43.039026
          ],
          [
            141.357045,
            43.039023
          ],
          [
            141.357028,
            43.039024
          ],
          [
            141.356897,
            43.038765
          ],
          [
            141.356713,
            43.038825
          ],
          [
            141.356513,
            43.038525
          ],
          [
            141.356376,
            43.038344
          ],
          [
            141.356281,
            43.038226
          ],
          [
            141.356075,
            43.037984
          ],
          [
            141.355853,
            43.037744
          ],
          [
            141.355794,
            43.037678
          ],
          [
            141.355689,
            43.037563
          ],
          [
            141.355642,
            43.037497
          ],
          [
            141.355609,
            43.037423
          ],
          [
            141.355587,
            43.037348
          ],
          [
            141.355577,
            43.037269
          ],
          [
            141.355603,
            43.036629
          ],
          [
            141.355594,
            43.036491
          ],
          [
            141.355097,
            43.034991
          ],
          [
            141.355032,
            43.034737
          ],
          [
            141.354968,
            43.034483
          ],
          [
            141.354882,
            43.033862
          ],
          [
            141.35483,
            43.032239
          ],
          [
            141.354808,
            43.03158
          ],
          [
            141.354812,
            43.031523
          ],
          [
            141.354821,
            43.031475
          ],
          [
            141.354873,
            43.031339
          ],
          [
            141.35489,
            43.031268
          ],
          [
            141.354898,
            43.031205
          ],
          [
            141.3549,
            43.031155
          ],
          [
            141.354893,
            43.031085
          ],
          [
            141.35488,
            43.031016
          ],
          [
            141.35486,
            43.030952
          ],
          [
            141.354539,
            43.030107
          ],
          [
            141.354434,
            43.029845
          ],
          [
            141.354391,
            43.029751
          ],
          [
            141.354352,
            43.029672
          ],
          [
            141.353606,
            43.028271
          ],
          [
            141.353138,
            43.026945
          ],
          [
            141.353004,
            43.026571
          ],
          [
            141.352897,
            43.026267
          ],
          [
            141.352854,
            43.026136
          ],
          [
            141.352578,
            43.025002
          ],
          [
            141.35256,
            43.02498
          ],
          [
            141.352538,
            43.024967
          ],
          [
            141.35251,
            43.024963
          ],
          [
            141.352119,
            43.025015
          ],
          [
            141.352088,
            43.025011
          ],
          [
            141.352673,
            43.028355
          ],
          [
            141.352623,
            43.028294
          ],
          [
            141.352219,
            43.027817
          ],
          [
            141.352067,
            43.027623
          ],
          [
            141.351944,
            43.027434
          ],
          [
            141.351824,
            43.027222
          ],
          [
            141.351761,
            43.027064
          ],
          [
            141.351714,
            43.026915
          ],
          [
            141.351693,
            43.026787
          ],
          [
            141.351691,
            43.026588
          ],
          [
            141.351716,
            43.026425
          ],
          [
            141.351727,
            43.026358
          ],
          [
            141.351767,
            43.026354
          ],
          [
            141.351787,
            43.026318
          ],
          [
            141.351795,
            43.026236
          ],
          [
            141.352038,
            43.025267
          ],
          [
            141.352055,
            43.025151
          ],
          [
            141.352088,
            43.025011
          ],
          [
            141.352061,
            43.025002
          ],
          [
            141.352031,
            43.024986
          ],
          [
            141.352013,
            43.024966
          ],
          [
            141.352003,
            43.02495
          ],
          [
            141.352,
            43.024906
          ],
          [
            141.351979,
            43.024693
          ],
          [
            141.351948,
            43.024361
          ],
          [
            141.351925,
            43.024157
          ],
          [
            141.35191,
            43.023768
          ],
          [
            141.351894,
            43.023625
          ],
          [
            141.351858,
            43.023443
          ],
          [
            141.35182,
            43.023294
          ],
          [
            141.351751,
            43.023097
          ],
          [
            141.351665,
            43.022911
          ],
          [
            141.35153,
            43.022667
          ],
          [
            141.351457,
            43.022558
          ],
          [
            141.351355,
            43.022426
          ],
          [
            141.351317,
            43.022386
          ],
          [
            141.350946,
            43.022022
          ],
          [
            141.351025,
            43.021977
          ],
          [
            141.351305,
            43.02182
          ],
          [
            141.351375,
            43.02178
          ],
          [
            141.351575,
            43.021919
          ],
          [
            141.35163,
            43.021954
          ],
          [
            141.351715,
            43.022011
          ],
          [
            141.351753,
            43.022031
          ],
          [
            141.351792,
            43.022047
          ],
          [
            141.351831,
            43.022053
          ],
          [
            141.35187,
            43.02205
          ],
          [
            141.351913,
            43.022037
          ],
          [
            141.351947,
            43.022013
          ],
          [
            141.351968,
            43.021993
          ],
          [
            141.35198,
            43.021963
          ],
          [
            141.351985,
            43.021934
          ],
          [
            141.351988,
            43.021761
          ],
          [
            141.351994,
            43.021435
          ],
          [
            141.351987,
            43.021412
          ],
          [
            141.351944,
            43.021329
          ],
          [
            141.351939,
            43.021309
          ],
          [
            141.351938,
            43.021172
          ],
          [
            141.351949,
            43.021155
          ],
          [
            141.351983,
            43.021139
          ],
          [
            141.352004,
            43.021122
          ],
          [
            141.352013,
            43.021094
          ],
          [
            141.352086,
            43.020336
          ],
          [
            141.352092,
            43.020319
          ],
          [
            141.352146,
            43.02027
          ],
          [
            141.352155,
            43.020245
          ],
          [
            141.352195,
            43.019997
          ],
          [
            141.352287,
            43.019547
          ],
          [
            141.352514,
            43.01854
          ],
          [
            141.352571,
            43.018192
          ],
          [
            141.352597,
            43.017994
          ],
          [
            141.352617,
            43.017732
          ],
          [
            141.352633,
            43.017228
          ],
          [
            141.352564,
            43.015249
          ],
          [
            141.35253,
            43.014889
          ],
          [
            141.352517,
            43.014829
          ],
          [
            141.352474,
            43.014714
          ],
          [
            141.352412,
            43.014526
          ],
          [
            141.352321,
            43.014244
          ],
          [
            141.352164,
            43.013746
          ],
          [
            141.351995,
            43.013198
          ],
          [
            141.351942,
            43.013088
          ],
          [
            141.351915,
            43.013035
          ],
          [
            141.35186,
            43.012928
          ],
          [
            141.351821,
            43.012867
          ],
          [
            141.35169,
            43.012711
          ],
          [
            141.351573,
            43.012562
          ],
          [
            141.351485,
            43.012437
          ],
          [
            141.351303,
            43.012163
          ],
          [
            141.351088,
            43.011849
          ],
          [
            141.350943,
            43.01166
          ],
          [
            141.350725,
            43.011401
          ],
          [
            141.350614,
            43.011285
          ],
          [
            141.350432,
            43.011111
          ],
          [
            141.350284,
            43.010966
          ],
          [
            141.349997,
            43.010687
          ],
          [
            141.349763,
            43.010477
          ],
          [
            141.349671,
            43.010404
          ],
          [
            141.34938,
            43.01022
          ],
          [
            141.349186,
            43.010104
          ],
          [
            141.349023,
            43.010018
          ],
          [
            141.348644,
            43.009823
          ],
          [
            141.348644,
            43.009823
          ],
          [
            141.347435,
            43.00918
          ],
          [
            141.347245,
            43.009071
          ],
          [
            141.346998,
            43.008903
          ],
          [
            141.346817,
            43.008779
          ],
          [
            141.346648,
            43.008647
          ],
          [
            141.346363,
            43.008423
          ],
          [
            141.34606,
            43.008183
          ],
          [
            141.345904,
            43.008049
          ],
          [
            141.34578,
            43.007923
          ],
          [
            141.345688,
            43.007817
          ],
          [
            141.345454,
            43.007502
          ],
          [
            141.345364,
            43.007371
          ],
          [
            141.345271,
            43.007208
          ],
          [
            141.345018,
            43.006987
          ],
          [
            141.344979,
            43.006938
          ],
          [
            141.344687,
            43.006443
          ],
          [
            141.34465,
            43.006391
          ],
          [
            141.344555,
            43.00631
          ],
          [
            141.344419,
            43.005936
          ],
          [
            141.34423,
            43.005339
          ],
          [
            141.34632,
            43.004972
          ],
          [
            141.346323,
            43.004803
          ],
          [
            141.346307,
            43.004638
          ],
          [
            141.346234,
            43.004271
          ],
          [
            141.346203,
            43.004175
          ],
          [
            141.346159,
            43.004063
          ],
          [
            141.346066,
            43.003885
          ],
          [
            141.345896,
            43.003626
          ],
          [
            141.345811,
            43.003496
          ],
          [
            141.345704,
            43.003307
          ],
          [
            141.345586,
            43.003081
          ],
          [
            141.345237,
            43.002083
          ],
          [
            141.344781,
            43.001284
          ],
          [
            141.344725,
            43.001163
          ],
          [
            141.344667,
            43.000984
          ],
          [
            141.34464,
            43.000922
          ],
          [
            141.344612,
            43.000871
          ],
          [
            141.344558,
            43.000795
          ],
          [
            141.344487,
            43.000708
          ],
          [
            141.3444,
            43.000621
          ],
          [
            141.344363,
            43.000552
          ],
          [
            141.344309,
            43.000406
          ],
          [
            141.344273,
            43.000319
          ],
          [
            141.344239,
            43.000219
          ],
          [
            141.344206,
            43.00014
          ],
          [
            141.344199,
            43.000084
          ],
          [
            141.344203,
            43.000017
          ],
          [
            141.344218,
            42.999924
          ],
          [
            141.344247,
            42.99978
          ],
          [
            141.344261,
            42.99963
          ],
          [
            141.344286,
            42.999483
          ],
          [
            141.34433,
            42.999372
          ],
          [
            141.344454,
            42.99911
          ],
          [
            141.344505,
            42.999031
          ],
          [
            141.344541,
            42.999003
          ],
          [
            141.344585,
            42.998987
          ],
          [
            141.34514,
            42.99893
          ],
          [
            141.34519,
            42.998911
          ],
          [
            141.345231,
            42.998886
          ],
          [
            141.345261,
            42.998881
          ],
          [
            141.345312,
            42.998881
          ],
          [
            141.345474,
            42.998926
          ],
          [
            141.345526,
            42.998925
          ],
          [
            141.345557,
            42.99891
          ],
          [
            141.345603,
            42.998856
          ],
          [
            141.345566,
            42.998833
          ],
          [
            141.345497,
            42.998791
          ],
          [
            141.345454,
            42.998731
          ],
          [
            141.345278,
            42.998473
          ],
          [
            141.345229,
            42.998403
          ],
          [
            141.345223,
            42.998366
          ],
          [
            141.345229,
            42.99832
          ],
          [
            141.345244,
            42.998266
          ],
          [
            141.345279,
            42.998197
          ],
          [
            141.345389,
            42.99807
          ],
          [
            141.345424,
            42.998042
          ],
          [
            141.345437,
            42.997968
          ],
          [
            141.345432,
            42.997931
          ],
          [
            141.345374,
            42.997767
          ],
          [
            141.345314,
            42.997641
          ],
          [
            141.345329,
            42.997476
          ],
          [
            141.345604,
            42.997093
          ],
          [
            141.346427,
            42.996012
          ],
          [
            141.346492,
            42.995911
          ],
          [
            141.346569,
            42.995751
          ],
          [
            141.346624,
            42.995669
          ],
          [
            141.346777,
            42.995518
          ],
          [
            141.346868,
            42.995434
          ],
          [
            141.346985,
            42.995251
          ],
          [
            141.347103,
            42.995011
          ],
          [
            141.347259,
            42.994768
          ],
          [
            141.347335,
            42.994642
          ],
          [
            141.347434,
            42.994511
          ],
          [
            141.347538,
            42.994425
          ],
          [
            141.347595,
            42.994362
          ],
          [
            141.347713,
            42.994171
          ],
          [
            141.347843,
            42.993942
          ],
          [
            141.347977,
            42.993678
          ],
          [
            141.350728,
            42.990061
          ],
          [
            141.350942,
            42.989672
          ],
          [
            141.351071,
            42.989264
          ],
          [
            141.351114,
            42.988574
          ],
          [
            141.351114,
            42.988316
          ],
          [
            141.351103,
            42.988103
          ],
          [
            141.351096,
            42.988063
          ],
          [
            141.350886,
            42.987606
          ],
          [
            141.350878,
            42.987518
          ],
          [
            141.350838,
            42.987413
          ],
          [
            141.350696,
            42.987227
          ],
          [
            141.350478,
            42.987281
          ],
          [
            141.350388,
            42.987203
          ],
          [
            141.350229,
            42.987057
          ],
          [
            141.350109,
            42.986966
          ],
          [
            141.349995,
            42.986876
          ],
          [
            141.349801,
            42.986747
          ],
          [
            141.349529,
            42.986577
          ],
          [
            141.349407,
            42.986496
          ],
          [
            141.349274,
            42.986356
          ],
          [
            141.349168,
            42.986205
          ],
          [
            141.34909,
            42.986071
          ],
          [
            141.349005,
            42.985902
          ],
          [
            141.348758,
            42.985169
          ],
          [
            141.348451,
            42.984433
          ],
          [
            141.348402,
            42.984273
          ],
          [
            141.348394,
            42.984077
          ],
          [
            141.348427,
            42.983919
          ],
          [
            141.348511,
            42.983755
          ],
          [
            141.348935,
            42.983273
          ],
          [
            141.348988,
            42.983223
          ],
          [
            141.349074,
            42.983167
          ],
          [
            141.349114,
            42.983085
          ],
          [
            141.349216,
            42.982951
          ],
          [
            141.349419,
            42.982688
          ],
          [
            141.349496,
            42.98258
          ],
          [
            141.349551,
            42.982482
          ],
          [
            141.349604,
            42.982375
          ],
          [
            141.349635,
            42.982285
          ],
          [
            141.349667,
            42.982184
          ],
          [
            141.349686,
            42.982089
          ],
          [
            141.349686,
            42.982014
          ],
          [
            141.349683,
            42.981939
          ],
          [
            141.349666,
            42.981851
          ],
          [
            141.34964,
            42.98177
          ],
          [
            141.349609,
            42.981696
          ],
          [
            141.349497,
            42.981584
          ],
          [
            141.349368,
            42.981491
          ],
          [
            141.349312,
            42.981444
          ],
          [
            141.34925,
            42.981386
          ],
          [
            141.348116,
            42.980415
          ],
          [
            141.348036,
            42.980316
          ],
          [
            141.347934,
            42.980196
          ],
          [
            141.347814,
            42.980073
          ],
          [
            141.347694,
            42.979957
          ],
          [
            141.347598,
            42.979848
          ],
          [
            141.347523,
            42.979771
          ],
          [
            141.347438,
            42.979654
          ],
          [
            141.347415,
            42.979611
          ],
          [
            141.344688,
            42.97322
          ],
          [
            141.344241,
            42.972119
          ],
          [
            141.344085,
            42.971939
          ],
          [
            141.34404,
            42.971774
          ],
          [
            141.343722,
            42.970919
          ],
          [
            141.343312,
            42.969853
          ],
          [
            141.343089,
            42.969279
          ],
          [
            141.342966,
            42.968972
          ],
          [
            141.342882,
            42.968591
          ],
          [
            141.342843,
            42.968274
          ],
          [
            141.342633,
            42.966749
          ],
          [
            141.342601,
            42.966531
          ],
          [
            141.342592,
            42.966319
          ],
          [
            141.342606,
            42.966112
          ],
          [
            141.342634,
            42.965948
          ],
          [
            141.342736,
            42.965625
          ],
          [
            141.34308,
            42.964505
          ],
          [
            141.343219,
            42.964032
          ],
          [
            141.343257,
            42.963872
          ],
          [
            141.343271,
            42.963717
          ],
          [
            141.343276,
            42.963394
          ],
          [
            141.343251,
            42.9627
          ],
          [
            141.343248,
            42.962088
          ],
          [
            141.343243,
            42.961658
          ],
          [
            141.343257,
            42.961263
          ],
          [
            141.34326,
            42.96119
          ],
          [
            141.343295,
            42.960898
          ],
          [
            141.34336,
            42.96051
          ],
          [
            141.343377,
            42.960388
          ],
          [
            141.343411,
            42.96013
          ],
          [
            141.343507,
            42.959479
          ],
          [
            141.343567,
            42.95902
          ],
          [
            141.343678,
            42.958276
          ],
          [
            141.343833,
            42.95722
          ],
          [
            141.343899,
            42.956775
          ],
          [
            141.344057,
            42.956142
          ],
          [
            141.344149,
            42.955773
          ],
          [
            141.344261,
            42.955364
          ],
          [
            141.344303,
            42.955211
          ],
          [
            141.344369,
            42.954966
          ],
          [
            141.344396,
            42.954844
          ],
          [
            141.344523,
            42.954266
          ],
          [
            141.344653,
            42.953504
          ],
          [
            141.344705,
            42.953286
          ],
          [
            141.344935,
            42.952498
          ],
          [
            141.345012,
            42.95231
          ],
          [
            141.345086,
            42.952182
          ],
          [
            141.34517,
            42.952061
          ],
          [
            141.345273,
            42.951943
          ],
          [
            141.345338,
            42.951888
          ],
          [
            141.345499,
            42.951778
          ],
          [
            141.345704,
            42.951635
          ],
          [
            141.346071,
            42.951408
          ],
          [
            141.346345,
            42.951161
          ],
          [
            141.346486,
            42.950955
          ],
          [
            141.346582,
            42.950722
          ],
          [
            141.34668,
            42.950315
          ],
          [
            141.346748,
            42.949931
          ],
          [
            141.346767,
            42.949836
          ],
          [
            141.346839,
            42.94947
          ],
          [
            141.346883,
            42.949164
          ],
          [
            141.346886,
            42.948797
          ],
          [
            141.346885,
            42.948562
          ],
          [
            141.346876,
            42.948066
          ],
          [
            141.346879,
            42.947845
          ],
          [
            141.34687,
            42.947417
          ],
          [
            141.346864,
            42.947066
          ],
          [
            141.346863,
            42.946813
          ],
          [
            141.346854,
            42.946547
          ],
          [
            141.34682,
            42.9462
          ],
          [
            141.346765,
            42.945925
          ],
          [
            141.346642,
            42.945513
          ],
          [
            141.346475,
            42.944995
          ],
          [
            141.346265,
            42.944317
          ],
          [
            141.346156,
            42.944026
          ],
          [
            141.346041,
            42.94379
          ],
          [
            141.34566,
            42.943164
          ],
          [
            141.345264,
            42.942539
          ],
          [
            141.345104,
            42.94219
          ],
          [
            141.345026,
            42.942037
          ],
          [
            141.344923,
            42.941792
          ],
          [
            141.344848,
            42.941575
          ],
          [
            141.344753,
            42.94119
          ],
          [
            141.344615,
            42.940499
          ],
          [
            141.344545,
            42.939977
          ],
          [
            141.345082,
            42.940016
          ],
          [
            141.344814,
            42.939236
          ],
          [
            141.344546,
            42.938976
          ],
          [
            141.34425,
            42.938675
          ],
          [
            141.343746,
            42.938757
          ],
          [
            141.343386,
            42.938403
          ],
          [
            141.343101,
            42.938002
          ],
          [
            141.342794,
            42.937448
          ],
          [
            141.342193,
            42.936358
          ],
          [
            141.341931,
            42.93587
          ],
          [
            141.341796,
            42.935583
          ],
          [
            141.341735,
            42.935421
          ],
          [
            141.341679,
            42.935213
          ],
          [
            141.341577,
            42.934907
          ],
          [
            141.341641,
            42.934797
          ],
          [
            141.341647,
            42.934646
          ],
          [
            141.341635,
            42.93427
          ],
          [
            141.341639,
            42.934202
          ],
          [
            141.341653,
            42.93395
          ],
          [
            141.341702,
            42.933745
          ],
          [
            141.341787,
            42.933577
          ],
          [
            141.341885,
            42.93343
          ],
          [
            141.342033,
            42.933247
          ],
          [
            141.342235,
            42.933088
          ],
          [
            141.342409,
            42.932977
          ],
          [
            141.342774,
            42.932782
          ],
          [
            141.343388,
            42.932443
          ],
          [
            141.343822,
            42.932188
          ],
          [
            141.344428,
            42.931855
          ],
          [
            141.344617,
            42.931715
          ],
          [
            141.344718,
            42.931626
          ],
          [
            141.344858,
            42.931483
          ],
          [
            141.344996,
            42.931306
          ],
          [
            141.345123,
            42.931084
          ],
          [
            141.345267,
            42.93078
          ],
          [
            141.345507,
            42.930275
          ],
          [
            141.345736,
            42.929947
          ],
          [
            141.345997,
            42.929725
          ],
          [
            141.34617,
            42.929617
          ],
          [
            141.346354,
            42.929525
          ],
          [
            141.346587,
            42.929438
          ],
          [
            141.346848,
            42.929369
          ],
          [
            141.346934,
            42.929355
          ],
          [
            141.347331,
            42.929322
          ],
          [
            141.347775,
            42.929322
          ],
          [
            141.34853,
            42.929362
          ],
          [
            141.348916,
            42.929341
          ],
          [
            141.349294,
            42.929274
          ],
          [
            141.349589,
            42.929176
          ],
          [
            141.34981,
            42.929069
          ],
          [
            141.350052,
            42.928909
          ],
          [
            141.350192,
            42.928787
          ],
          [
            141.350483,
            42.928485
          ],
          [
            141.350507,
            42.928456
          ],
          [
            141.350883,
            42.927932
          ],
          [
            141.351067,
            42.92771
          ],
          [
            141.351478,
            42.927305
          ],
          [
            141.352505,
            42.926442
          ],
          [
            141.353256,
            42.925778
          ],
          [
            141.353357,
            42.925642
          ],
          [
            141.353497,
            42.925463
          ],
          [
            141.353676,
            42.925159
          ],
          [
            141.353974,
            42.924539
          ],
          [
            141.354141,
            42.924188
          ],
          [
            141.354256,
            42.923934
          ],
          [
            141.354437,
            42.9237
          ],
          [
            141.354587,
            42.923564
          ],
          [
            141.354743,
            42.923448
          ],
          [
            141.354874,
            42.923369
          ],
          [
            141.355022,
            42.923297
          ],
          [
            141.355224,
            42.923218
          ],
          [
            141.355588,
            42.923122
          ],
          [
            141.35674,
            42.922911
          ],
          [
            141.357482,
            42.922764
          ],
          [
            141.357891,
            42.922674
          ],
          [
            141.35829,
            42.922547
          ],
          [
            141.358685,
            42.922396
          ],
          [
            141.359036,
            42.922221
          ],
          [
            141.359346,
            42.922045
          ],
          [
            141.359661,
            42.921819
          ],
          [
            141.361866,
            42.919652
          ],
          [
            141.362024,
            42.919512
          ],
          [
            141.362254,
            42.919376
          ],
          [
            141.362524,
            42.919241
          ],
          [
            141.36284,
            42.919125
          ],
          [
            141.36319,
            42.919025
          ],
          [
            141.363566,
            42.918983
          ],
          [
            141.363981,
            42.918989
          ],
          [
            141.364418,
            42.919042
          ],
          [
            141.365022,
            42.919179
          ],
          [
            141.365345,
            42.919265
          ],
          [
            141.365673,
            42.919325
          ],
          [
            141.366044,
            42.919377
          ],
          [
            141.366405,
            42.919402
          ],
          [
            141.366789,
            42.919386
          ],
          [
            141.367229,
            42.919345
          ],
          [
            141.36867,
            42.91915
          ],
          [
            141.36908,
            42.919117
          ],
          [
            141.369337,
            42.919102
          ],
          [
            141.369716,
            42.919086
          ],
          [
            141.370147,
            42.919095
          ],
          [
            141.370577,
            42.919112
          ],
          [
            141.371909,
            42.919231
          ],
          [
            141.372207,
            42.919251
          ],
          [
            141.372456,
            42.919251
          ],
          [
            141.372884,
            42.919219
          ],
          [
            141.374296,
            42.918989
          ],
          [
            141.374541,
            42.918958
          ],
          [
            141.37481,
            42.918955
          ],
          [
            141.375075,
            42.918978
          ],
          [
            141.375306,
            42.919033
          ],
          [
            141.37552,
            42.919104
          ],
          [
            141.376096,
            42.919345
          ],
          [
            141.378062,
            42.92016
          ],
          [
            141.378495,
            42.920375
          ],
          [
            141.37876,
            42.920534
          ],
          [
            141.379024,
            42.920716
          ],
          [
            141.379538,
            42.921108
          ],
          [
            141.379725,
            42.921213
          ],
          [
            141.379916,
            42.921267
          ],
          [
            141.38013,
            42.921313
          ],
          [
            141.38034,
            42.921335
          ],
          [
            141.380531,
            42.921331
          ],
          [
            141.380814,
            42.921291
          ],
          [
            141.381391,
            42.921125
          ],
          [
            141.381534,
            42.921101
          ],
          [
            141.381714,
            42.921098
          ],
          [
            141.3819,
            42.921125
          ],
          [
            141.382074,
            42.921192
          ],
          [
            141.382203,
            42.921276
          ],
          [
            141.382326,
            42.921386
          ],
          [
            141.382396,
            42.921557
          ],
          [
            141.38245,
            42.921851
          ],
          [
            141.382497,
            42.921989
          ],
          [
            141.382561,
            42.922117
          ],
          [
            141.382658,
            42.922251
          ],
          [
            141.382824,
            42.922381
          ],
          [
            141.38312,
            42.922553
          ],
          [
            141.383614,
            42.922807
          ],
          [
            141.384197,
            42.923035
          ],
          [
            141.384782,
            42.923208
          ],
          [
            141.385151,
            42.923292
          ],
          [
            141.385683,
            42.923391
          ],
          [
            141.385901,
            42.923426
          ],
          [
            141.385913,
            42.923427
          ]
        ]
      }
    },
    {
      "type": "Feature",
      "properties": {
        "fid": 12,
        "name": "札幌恵庭自転車道路",
        "ward": "清田区",
        "source": "sapporo_map_2024",
        "road_type": "exclusive",
        "matched_at": "2026-05-01T12:54:42.801Z",
        "matched_by": "valhalla_3.7.0",
        "match_confidence": 1,
        "match_max_distance_m": 48.791374,
        "match_quality": "high",
        "original_geometry": {
          "type": "LineString",
          "coordinates": [
            [
              141.3868830512121,
              43.05757749432684
            ],
            [
              141.38204090501233,
              43.05370768342531
            ],
            [
              141.3808808074853,
              43.05282312093066
            ],
            [
              141.38083036846237,
              43.0508328086695
            ],
            [
              141.38148607576025,
              43.0490635879918
            ],
            [
              141.38284792937893,
              43.048068378933756
            ],
            [
              141.38491592931845,
              43.04744175753906
            ],
            [
              141.38980851454113,
              43.04556185494715
            ],
            [
              141.39389407539718,
              43.04405051893213
            ],
            [
              141.40201475808638,
              43.040880278526664
            ],
            [
              141.41144685537137,
              43.03734121201775
            ],
            [
              141.42090417216778,
              43.0338203756106
            ],
            [
              141.43471063224482,
              43.028676499862065
            ],
            [
              141.44304108435034,
              43.02561142753887
            ],
            [
              141.4443651297181,
              43.02540977267825
            ],
            [
              141.44546850085788,
              43.025490434701986
            ],
            [
              141.44728906323857,
              43.02597440461867
            ],
            [
              141.44955097407515,
              43.02617605762449
            ],
            [
              141.45297142460853,
              43.026861672889325
            ],
            [
              141.4552885040021,
              43.027305302215424
            ],
            [
              141.45931580866238,
              43.02786991672071
            ],
            [
              141.46290176486676,
              43.02859584202488
            ],
            [
              141.46963232881953,
              43.02855551306654
            ],
            [
              141.47211491388404,
              43.02774892833536
            ],
            [
              141.47674907267125,
              43.0251677859711
            ],
            [
              141.4820452541423,
              43.02214287164703
            ],
            [
              141.48301449672792,
              43.02115886009788
            ],
            [
              141.48349049793373,
              43.0204628454805
            ],
            [
              141.4840097719764,
              43.01840639256264
            ],
            [
              141.4850050472248,
              43.016001837190025
            ],
            [
              141.48582723112574,
              43.01429328010062
            ],
            [
              141.48686577921103,
              43.013043472126455
            ],
            [
              141.4892674216584,
              43.01171453448142
            ],
            [
              141.4916041548504,
              43.01057542218389
            ],
            [
              141.4926427029357,
              43.00957868159293
            ],
            [
              141.49400579729775,
              43.00791741132973
            ],
            [
              141.49517416389372,
              43.007442754430464
            ],
            [
              141.4971863508091,
              43.00725289064378
            ],
            [
              141.49828980814974,
              43.00677822860956
            ],
            [
              141.50004235804371,
              43.005259285452276
            ],
            [
              141.50108090612912,
              43.004072584977486
            ],
            [
              141.50309309304444,
              43.003550429506326
            ],
            [
              141.50581928176845,
              43.003075738863174
            ],
            [
              141.5076367409178,
              43.00250610524993
            ],
            [
              141.51101202219513,
              43.000892114663614
            ],
            [
              141.51451712198312,
              42.99975280166323
            ],
            [
              141.5171134921965,
              42.99932555384145
            ],
            [
              141.51860640506916,
              42.99932555384145
            ],
            [
              141.52068350123986,
              42.99965785795958
            ],
            [
              141.52198168634652,
              42.9999901602805
            ],
            [
              141.52516223985788,
              42.999515442129024
            ],
            [
              141.52931643219918,
              42.998376103601004
            ],
            [
              141.5376248168819,
              42.995717564878184
            ],
            [
              141.54101391677423,
              42.99477848419954
            ],
            [
              141.54292223110426,
              42.99442390292355
            ],
            [
              141.54405400994406,
              42.994470771715214
            ],
            [
              141.5445247848762,
              42.995398319252956
            ],
            [
              141.54706758216025,
              42.99521500460223
            ],
            [
              141.55040849239163,
              42.994856446497835
            ],
            [
              141.55215047592796,
              42.994222014890276
            ],
            [
              141.5538351763183,
              42.99328160545082
            ],
            [
              141.55895573089734,
              42.98950556299264
            ],
            [
              141.5611529182318,
              42.98764922055617
            ],
            [
              141.56225860527562,
              42.98649410810881
            ],
            [
              141.5627466579048,
              42.985545206693196
            ],
            [
              141.5630810405287,
              42.98447146425285
            ],
            [
              141.56367389956714,
              42.98108606614583
            ],
            [
              141.56406213333173,
              42.97859485858314
            ],
            [
              141.56433963018975,
              42.97636196282543
            ]
          ]
        }
      },
      "geometry": {
        "type": "LineString",
        "coordinates": [
          [
            141.386757,
            43.057685
          ],
          [
            141.386705,
            43.057652
          ],
          [
            141.386521,
            43.057488
          ],
          [
            141.38629,
            43.057341
          ],
          [
            141.38613,
            43.057245
          ],
          [
            141.386061,
            43.057295
          ],
          [
            141.38595,
            43.057214
          ],
          [
            141.384845,
            43.056393
          ],
          [
            141.384221,
            43.055929
          ],
          [
            141.383918,
            43.055706
          ],
          [
            141.383851,
            43.055605
          ],
          [
            141.383797,
            43.055494
          ],
          [
            141.383725,
            43.055365
          ],
          [
            141.383612,
            43.055258
          ],
          [
            141.383494,
            43.055171
          ],
          [
            141.382231,
            43.054235
          ],
          [
            141.381919,
            43.05393
          ],
          [
            141.381846,
            43.053859
          ],
          [
            141.381779,
            43.053792
          ],
          [
            141.381725,
            43.05374
          ],
          [
            141.381022,
            43.053057
          ],
          [
            141.380577,
            43.052712
          ],
          [
            141.380287,
            43.052487
          ],
          [
            141.380231,
            43.052444
          ],
          [
            141.379965,
            43.052238
          ],
          [
            141.37966,
            43.052
          ],
          [
            141.379339,
            43.051752
          ],
          [
            141.379017,
            43.051502
          ],
          [
            141.378006,
            43.050717
          ],
          [
            141.377954,
            43.050676
          ],
          [
            141.378332,
            43.05044
          ],
          [
            141.378561,
            43.050298
          ],
          [
            141.378613,
            43.05034
          ],
          [
            141.379006,
            43.050657
          ],
          [
            141.379346,
            43.050524
          ],
          [
            141.37947,
            43.050452
          ],
          [
            141.380339,
            43.049933
          ],
          [
            141.380381,
            43.049908
          ],
          [
            141.381102,
            43.050655
          ],
          [
            141.381092,
            43.05071
          ],
          [
            141.381025,
            43.050743
          ],
          [
            141.380338,
            43.051188
          ],
          [
            141.380012,
            43.051395
          ],
          [
            141.380338,
            43.051188
          ],
          [
            141.381025,
            43.050743
          ],
          [
            141.381092,
            43.05071
          ],
          [
            141.381102,
            43.050655
          ],
          [
            141.380381,
            43.049908
          ],
          [
            141.379937,
            43.049448
          ],
          [
            141.380105,
            43.049343
          ],
          [
            141.380605,
            43.049038
          ],
          [
            141.380741,
            43.048956
          ],
          [
            141.380853,
            43.048883
          ],
          [
            141.381358,
            43.048558
          ],
          [
            141.381944,
            43.048198
          ],
          [
            141.382101,
            43.048102
          ],
          [
            141.3828,
            43.048706
          ],
          [
            141.383279,
            43.048483
          ],
          [
            141.383697,
            43.0483
          ],
          [
            141.383959,
            43.048185
          ],
          [
            141.385556,
            43.047578
          ],
          [
            141.385805,
            43.047481
          ],
          [
            141.386046,
            43.047384
          ],
          [
            141.386433,
            43.047237
          ],
          [
            141.387288,
            43.046917
          ],
          [
            141.387542,
            43.046798
          ],
          [
            141.387726,
            43.04673
          ],
          [
            141.387992,
            43.046662
          ],
          [
            141.388274,
            43.046575
          ],
          [
            141.390722,
            43.045645
          ],
          [
            141.393256,
            43.044658
          ],
          [
            141.393413,
            43.044556
          ],
          [
            141.393804,
            43.044414
          ],
          [
            141.394133,
            43.044259
          ],
          [
            141.394161,
            43.04428
          ],
          [
            141.394034,
            43.044346
          ],
          [
            141.394066,
            43.044384
          ],
          [
            141.394437,
            43.044184
          ],
          [
            141.394725,
            43.044028
          ],
          [
            141.394779,
            43.044
          ],
          [
            141.39486,
            43.043966
          ],
          [
            141.394935,
            43.04394
          ],
          [
            141.395002,
            43.043921
          ],
          [
            141.395254,
            43.043859
          ],
          [
            141.395452,
            43.043801
          ],
          [
            141.397318,
            43.043089
          ],
          [
            141.397908,
            43.042889
          ],
          [
            141.398091,
            43.04282
          ],
          [
            141.3982,
            43.042778
          ],
          [
            141.39829,
            43.042741
          ],
          [
            141.398525,
            43.042622
          ],
          [
            141.399232,
            43.042357
          ],
          [
            141.399469,
            43.042267
          ],
          [
            141.400025,
            43.042055
          ],
          [
            141.400145,
            43.042009
          ],
          [
            141.40084,
            43.041743
          ],
          [
            141.400938,
            43.041706
          ],
          [
            141.401263,
            43.041582
          ],
          [
            141.401798,
            43.041398
          ],
          [
            141.402067,
            43.04132
          ],
          [
            141.402908,
            43.041008
          ],
          [
            141.404925,
            43.040234
          ],
          [
            141.405028,
            43.040224
          ],
          [
            141.405177,
            43.040209
          ],
          [
            141.405236,
            43.040204
          ],
          [
            141.405375,
            43.04019
          ],
          [
            141.405914,
            43.039987
          ],
          [
            141.406391,
            43.039807
          ],
          [
            141.406667,
            43.039703
          ],
          [
            141.407043,
            43.039511
          ],
          [
            141.407067,
            43.039496
          ],
          [
            141.407242,
            43.039391
          ],
          [
            141.407344,
            43.039254
          ],
          [
            141.407378,
            43.039241
          ],
          [
            141.407905,
            43.03904
          ],
          [
            141.408381,
            43.03886
          ],
          [
            141.408506,
            43.038813
          ],
          [
            141.408519,
            43.038808
          ],
          [
            141.408987,
            43.038631
          ],
          [
            141.409905,
            43.038284
          ],
          [
            141.41035,
            43.038099
          ],
          [
            141.410536,
            43.038027
          ],
          [
            141.411109,
            43.037814
          ],
          [
            141.411145,
            43.0378
          ],
          [
            141.411105,
            43.037726
          ],
          [
            141.412125,
            43.037348
          ],
          [
            141.412319,
            43.037276
          ],
          [
            141.413792,
            43.036712
          ],
          [
            141.414318,
            43.036511
          ],
          [
            141.414853,
            43.036303
          ],
          [
            141.415032,
            43.036235
          ],
          [
            141.416044,
            43.035849
          ],
          [
            141.416147,
            43.03581
          ],
          [
            141.41762,
            43.035224
          ],
          [
            141.418708,
            43.034804
          ],
          [
            141.419289,
            43.034579
          ],
          [
            141.420248,
            43.034206
          ],
          [
            141.420328,
            43.034304
          ],
          [
            141.420841,
            43.034109
          ],
          [
            141.42106,
            43.034026
          ],
          [
            141.421689,
            43.033789
          ],
          [
            141.422453,
            43.033496
          ],
          [
            141.42271,
            43.033399
          ],
          [
            141.422978,
            43.033297
          ],
          [
            141.423115,
            43.033245
          ],
          [
            141.423129,
            43.03324
          ],
          [
            141.423381,
            43.033145
          ],
          [
            141.423556,
            43.033078
          ],
          [
            141.423754,
            43.033003
          ],
          [
            141.423907,
            43.032946
          ],
          [
            141.424019,
            43.032944
          ],
          [
            141.424081,
            43.032931
          ],
          [
            141.424445,
            43.032794
          ],
          [
            141.424815,
            43.032649
          ],
          [
            141.424953,
            43.032549
          ],
          [
            141.425543,
            43.032326
          ],
          [
            141.425965,
            43.032167
          ],
          [
            141.426141,
            43.0321
          ],
          [
            141.426605,
            43.031924
          ],
          [
            141.428353,
            43.031259
          ],
          [
            141.428679,
            43.031121
          ],
          [
            141.428785,
            43.031075
          ],
          [
            141.428969,
            43.031004
          ],
          [
            141.42936,
            43.030855
          ],
          [
            141.431797,
            43.029927
          ],
          [
            141.431921,
            43.029879
          ],
          [
            141.43362,
            43.029221
          ],
          [
            141.434714,
            43.028806
          ],
          [
            141.434917,
            43.028729
          ],
          [
            141.435754,
            43.028408
          ],
          [
            141.435811,
            43.028387
          ],
          [
            141.436734,
            43.028035
          ],
          [
            141.436742,
            43.028032
          ],
          [
            141.436805,
            43.028008
          ],
          [
            141.437292,
            43.027815
          ],
          [
            141.437639,
            43.027686
          ],
          [
            141.438325,
            43.027423
          ],
          [
            141.43851,
            43.027346
          ],
          [
            141.438721,
            43.027274
          ],
          [
            141.438833,
            43.027231
          ],
          [
            141.439385,
            43.027041
          ],
          [
            141.439464,
            43.027009
          ],
          [
            141.439515,
            43.026988
          ],
          [
            141.440283,
            43.026681
          ],
          [
            141.440481,
            43.026608
          ],
          [
            141.440575,
            43.026572
          ],
          [
            141.4419,
            43.026072
          ],
          [
            141.442521,
            43.025867
          ],
          [
            141.443013,
            43.025752
          ],
          [
            141.443203,
            43.02571
          ],
          [
            141.443298,
            43.025709
          ],
          [
            141.444302,
            43.02568
          ],
          [
            141.444786,
            43.025664
          ],
          [
            141.444903,
            43.025662
          ],
          [
            141.445075,
            43.025688
          ],
          [
            141.445994,
            43.025845
          ],
          [
            141.446843,
            43.025981
          ],
          [
            141.447126,
            43.026027
          ],
          [
            141.448141,
            43.026212
          ],
          [
            141.44819,
            43.026242
          ],
          [
            141.448285,
            43.026293
          ],
          [
            141.44837,
            43.026319
          ],
          [
            141.448874,
            43.026411
          ],
          [
            141.449126,
            43.026397
          ],
          [
            141.449228,
            43.026409
          ],
          [
            141.449287,
            43.026423
          ],
          [
            141.449458,
            43.026452
          ],
          [
            141.450219,
            43.026583
          ],
          [
            141.450252,
            43.026589
          ],
          [
            141.450275,
            43.026593
          ],
          [
            141.450488,
            43.026632
          ],
          [
            141.450502,
            43.026634
          ],
          [
            141.450638,
            43.026656
          ],
          [
            141.450693,
            43.02666
          ],
          [
            141.450781,
            43.026653
          ],
          [
            141.45083,
            43.026649
          ],
          [
            141.450878,
            43.026649
          ],
          [
            141.450927,
            43.026653
          ],
          [
            141.451327,
            43.026725
          ],
          [
            141.451372,
            43.02674
          ],
          [
            141.451514,
            43.026817
          ],
          [
            141.451639,
            43.026841
          ],
          [
            141.45181,
            43.026868
          ],
          [
            141.451829,
            43.026869
          ],
          [
            141.452032,
            43.026874
          ],
          [
            141.452199,
            43.026897
          ],
          [
            141.452846,
            43.027021
          ],
          [
            141.453474,
            43.027141
          ],
          [
            141.453932,
            43.027219
          ],
          [
            141.454402,
            43.027303
          ],
          [
            141.455012,
            43.02742
          ],
          [
            141.455509,
            43.027507
          ],
          [
            141.456876,
            43.027739
          ],
          [
            141.457752,
            43.027895
          ],
          [
            141.458212,
            43.027979
          ],
          [
            141.458534,
            43.028061
          ],
          [
            141.458787,
            43.028108
          ],
          [
            141.458866,
            43.028126
          ],
          [
            141.45956,
            43.028255
          ],
          [
            141.461888,
            43.028653
          ],
          [
            141.462278,
            43.028712
          ],
          [
            141.46234,
            43.028721
          ],
          [
            141.462359,
            43.028723
          ],
          [
            141.462792,
            43.028769
          ],
          [
            141.463265,
            43.028776
          ],
          [
            141.463844,
            43.028784
          ],
          [
            141.463997,
            43.028787
          ],
          [
            141.464426,
            43.028783
          ],
          [
            141.464731,
            43.028782
          ],
          [
            141.465426,
            43.028767
          ],
          [
            141.465779,
            43.028762
          ],
          [
            141.466282,
            43.028749
          ],
          [
            141.466905,
            43.028745
          ],
          [
            141.468169,
            43.028742
          ],
          [
            141.468828,
            43.028722
          ],
          [
            141.469373,
            43.028669
          ],
          [
            141.469806,
            43.028604
          ],
          [
            141.470296,
            43.028507
          ],
          [
            141.470722,
            43.028381
          ],
          [
            141.471465,
            43.028119
          ],
          [
            141.471873,
            43.027925
          ],
          [
            141.472379,
            43.027644
          ],
          [
            141.472573,
            43.027545
          ],
          [
            141.472757,
            43.027437
          ],
          [
            141.472959,
            43.027323
          ],
          [
            141.474383,
            43.026535
          ],
          [
            141.474724,
            43.02636
          ],
          [
            141.474843,
            43.026383
          ],
          [
            141.47504,
            43.026419
          ],
          [
            141.475092,
            43.026406
          ],
          [
            141.47619,
            43.025801
          ],
          [
            141.476239,
            43.025779
          ],
          [
            141.476382,
            43.0257
          ],
          [
            141.476984,
            43.025377
          ],
          [
            141.47726,
            43.025222
          ],
          [
            141.477363,
            43.025167
          ],
          [
            141.477428,
            43.025126
          ],
          [
            141.47744,
            43.025099
          ],
          [
            141.477434,
            43.025042
          ],
          [
            141.477396,
            43.024975
          ],
          [
            141.477388,
            43.024945
          ],
          [
            141.477388,
            43.024918
          ],
          [
            141.47742,
            43.024874
          ],
          [
            141.477451,
            43.024852
          ],
          [
            141.477594,
            43.024772
          ],
          [
            141.47771,
            43.02472
          ],
          [
            141.477764,
            43.024713
          ],
          [
            141.477799,
            43.024723
          ],
          [
            141.477937,
            43.02478
          ],
          [
            141.477985,
            43.024789
          ],
          [
            141.478034,
            43.024783
          ],
          [
            141.478106,
            43.024737
          ],
          [
            141.478306,
            43.024636
          ],
          [
            141.478461,
            43.024551
          ],
          [
            141.47858,
            43.024494
          ],
          [
            141.478729,
            43.024406
          ],
          [
            141.478746,
            43.024396
          ],
          [
            141.478839,
            43.024339
          ],
          [
            141.478866,
            43.024311
          ],
          [
            141.478871,
            43.024283
          ],
          [
            141.478841,
            43.024172
          ],
          [
            141.478828,
            43.024124
          ],
          [
            141.478835,
            43.024086
          ],
          [
            141.47897,
            43.024023
          ],
          [
            141.479479,
            43.02375
          ],
          [
            141.47979,
            43.02365
          ],
          [
            141.479987,
            43.023533
          ],
          [
            141.480481,
            43.023201
          ],
          [
            141.481264,
            43.022666
          ],
          [
            141.481706,
            43.022257
          ],
          [
            141.482692,
            43.021057
          ],
          [
            141.482899,
            43.020898
          ],
          [
            141.483291,
            43.020481
          ],
          [
            141.483546,
            43.020123
          ],
          [
            141.483746,
            43.019775
          ],
          [
            141.483836,
            43.019447
          ],
          [
            141.483912,
            43.01901
          ],
          [
            141.484013,
            43.018328
          ],
          [
            141.484051,
            43.018173
          ],
          [
            141.484083,
            43.018064
          ],
          [
            141.484097,
            43.018027
          ],
          [
            141.484114,
            43.01798
          ],
          [
            141.484148,
            43.017896
          ],
          [
            141.484188,
            43.017802
          ],
          [
            141.484233,
            43.017702
          ],
          [
            141.48432,
            43.017525
          ],
          [
            141.484561,
            43.017058
          ],
          [
            141.485144,
            43.015937
          ],
          [
            141.485271,
            43.015678
          ],
          [
            141.485379,
            43.015473
          ],
          [
            141.485429,
            43.015369
          ],
          [
            141.485738,
            43.014698
          ],
          [
            141.485986,
            43.014228
          ],
          [
            141.486114,
            43.014019
          ],
          [
            141.486174,
            43.013927
          ],
          [
            141.486256,
            43.013818
          ],
          [
            141.48642,
            43.013622
          ],
          [
            141.486613,
            43.013421
          ],
          [
            141.486773,
            43.013272
          ],
          [
            141.486911,
            43.013158
          ],
          [
            141.487129,
            43.013002
          ],
          [
            141.487354,
            43.012851
          ],
          [
            141.487459,
            43.012782
          ],
          [
            141.487541,
            43.012736
          ],
          [
            141.487634,
            43.012685
          ],
          [
            141.48783,
            43.012589
          ],
          [
            141.488149,
            43.012444
          ],
          [
            141.488818,
            43.012131
          ],
          [
            141.489034,
            43.012039
          ],
          [
            141.489355,
            43.011911
          ],
          [
            141.489509,
            43.011834
          ],
          [
            141.489823,
            43.011667
          ],
          [
            141.489932,
            43.011611
          ],
          [
            141.490032,
            43.01156
          ],
          [
            141.490145,
            43.0115
          ],
          [
            141.490347,
            43.011378
          ],
          [
            141.490449,
            43.011295
          ],
          [
            141.490556,
            43.011203
          ],
          [
            141.49067,
            43.01109
          ],
          [
            141.490804,
            43.01092
          ],
          [
            141.490834,
            43.01088
          ],
          [
            141.490862,
            43.010838
          ],
          [
            141.490924,
            43.010774
          ],
          [
            141.49105,
            43.010709
          ],
          [
            141.491123,
            43.01068
          ],
          [
            141.491448,
            43.010556
          ],
          [
            141.491574,
            43.010507
          ],
          [
            141.491839,
            43.010358
          ],
          [
            141.492096,
            43.010208
          ],
          [
            141.492275,
            43.010084
          ],
          [
            141.492478,
            43.009862
          ],
          [
            141.492831,
            43.00948
          ],
          [
            141.493038,
            43.009256
          ],
          [
            141.49322,
            43.009006
          ],
          [
            141.493372,
            43.00871
          ],
          [
            141.493534,
            43.008459
          ],
          [
            141.493666,
            43.008306
          ],
          [
            141.49377,
            43.008199
          ],
          [
            141.493975,
            43.008031
          ],
          [
            141.494107,
            43.007941
          ],
          [
            141.494175,
            43.007901
          ],
          [
            141.494314,
            43.00782
          ],
          [
            141.494467,
            43.007748
          ],
          [
            141.494612,
            43.007684
          ],
          [
            141.494718,
            43.007647
          ],
          [
            141.494875,
            43.007599
          ],
          [
            141.495025,
            43.007557
          ],
          [
            141.495217,
            43.007515
          ],
          [
            141.495422,
            43.007484
          ],
          [
            141.495653,
            43.007461
          ],
          [
            141.495825,
            43.007451
          ],
          [
            141.496253,
            43.007422
          ],
          [
            141.496456,
            43.007408
          ],
          [
            141.496631,
            43.007394
          ],
          [
            141.497027,
            43.00737
          ],
          [
            141.49721,
            43.007354
          ],
          [
            141.497328,
            43.00734
          ],
          [
            141.497525,
            43.007281
          ],
          [
            141.497682,
            43.007241
          ],
          [
            141.497856,
            43.007173
          ],
          [
            141.497973,
            43.007137
          ],
          [
            141.49811,
            43.007077
          ],
          [
            141.498396,
            43.006977
          ],
          [
            141.498499,
            43.006929
          ],
          [
            141.498627,
            43.006867
          ],
          [
            141.49886,
            43.00674
          ],
          [
            141.498982,
            43.006666
          ],
          [
            141.499225,
            43.006503
          ],
          [
            141.499294,
            43.006409
          ],
          [
            141.499394,
            43.006218
          ],
          [
            141.499486,
            43.006039
          ],
          [
            141.499618,
            43.005792
          ],
          [
            141.499711,
            43.005623
          ],
          [
            141.499839,
            43.005418
          ],
          [
            141.500047,
            43.005157
          ],
          [
            141.500156,
            43.005029
          ],
          [
            141.500317,
            43.004845
          ],
          [
            141.50054,
            43.004655
          ],
          [
            141.500739,
            43.004502
          ],
          [
            141.501011,
            43.004319
          ],
          [
            141.501507,
            43.004051
          ],
          [
            141.502147,
            43.003766
          ],
          [
            141.504096,
            43.003241
          ],
          [
            141.506046,
            43.002825
          ],
          [
            141.506763,
            43.002715
          ],
          [
            141.507065,
            43.002663
          ],
          [
            141.507298,
            43.002602
          ],
          [
            141.507478,
            43.002544
          ],
          [
            141.508318,
            43.002188
          ],
          [
            141.508692,
            43.001997
          ],
          [
            141.509517,
            43.001469
          ],
          [
            141.511337,
            43.000562
          ],
          [
            141.511657,
            43.00042
          ],
          [
            141.51247,
            43.000169
          ],
          [
            141.515426,
            42.999442
          ],
          [
            141.516947,
            42.999103
          ],
          [
            141.517776,
            42.999057
          ],
          [
            141.518184,
            42.999062
          ],
          [
            141.518415,
            42.999071
          ],
          [
            141.518662,
            42.999049
          ],
          [
            141.519467,
            42.999128
          ],
          [
            141.520945,
            42.999389
          ],
          [
            141.520972,
            42.999395
          ],
          [
            141.521621,
            42.999573
          ],
          [
            141.522188,
            42.999682
          ],
          [
            141.523,
            42.999788
          ],
          [
            141.523365,
            42.999807
          ],
          [
            141.523801,
            42.999803
          ],
          [
            141.524229,
            42.999789
          ],
          [
            141.524582,
            42.999759
          ],
          [
            141.525046,
            42.999691
          ],
          [
            141.525446,
            42.99962
          ],
          [
            141.525797,
            42.999544
          ],
          [
            141.529201,
            42.998492
          ],
          [
            141.529234,
            42.998484
          ],
          [
            141.529801,
            42.998312
          ],
          [
            141.530346,
            42.998141
          ],
          [
            141.531371,
            42.99781
          ],
          [
            141.531633,
            42.997654
          ],
          [
            141.531758,
            42.997592
          ],
          [
            141.531908,
            42.99755
          ],
          [
            141.532198,
            42.997547
          ],
          [
            141.53226,
            42.997542
          ],
          [
            141.532344,
            42.997526
          ],
          [
            141.53484,
            42.996742
          ],
          [
            141.534965,
            42.996698
          ],
          [
            141.535102,
            42.996647
          ],
          [
            141.535238,
            42.996595
          ],
          [
            141.53534,
            42.996555
          ],
          [
            141.536509,
            42.996055
          ],
          [
            141.53712,
            42.995781
          ],
          [
            141.537726,
            42.995541
          ],
          [
            141.538386,
            42.995243
          ],
          [
            141.539482,
            42.994873
          ],
          [
            141.539607,
            42.99485
          ],
          [
            141.539969,
            42.994821
          ],
          [
            141.540412,
            42.994795
          ],
          [
            141.540496,
            42.994789
          ],
          [
            141.540548,
            42.994789
          ],
          [
            141.540575,
            42.994794
          ],
          [
            141.540621,
            42.994807
          ],
          [
            141.540662,
            42.994817
          ],
          [
            141.540716,
            42.994838
          ],
          [
            141.540753,
            42.994851
          ],
          [
            141.540812,
            42.994868
          ],
          [
            141.540865,
            42.994884
          ],
          [
            141.540932,
            42.994896
          ],
          [
            141.541011,
            42.994899
          ],
          [
            141.54129,
            42.994853
          ],
          [
            141.54186,
            42.994778
          ],
          [
            141.54229,
            42.994737
          ],
          [
            141.543768,
            42.994594
          ],
          [
            141.543922,
            42.99457
          ],
          [
            141.544076,
            42.994546
          ],
          [
            141.551941,
            42.99392
          ],
          [
            141.551941,
            42.99392
          ],
          [
            141.552677,
            42.993534
          ],
          [
            141.554264,
            42.992345
          ],
          [
            141.554393,
            42.992247
          ],
          [
            141.554905,
            42.99187
          ],
          [
            141.555375,
            42.991527
          ],
          [
            141.55562,
            42.991452
          ],
          [
            141.555887,
            42.99124
          ],
          [
            141.556876,
            42.990441
          ],
          [
            141.557714,
            42.989811
          ],
          [
            141.558444,
            42.989299
          ],
          [
            141.559432,
            42.988601
          ],
          [
            141.559857,
            42.988295
          ],
          [
            141.559916,
            42.988203
          ],
          [
            141.56,
            42.988152
          ],
          [
            141.560435,
            42.987837
          ],
          [
            141.560639,
            42.98767
          ],
          [
            141.560856,
            42.987464
          ],
          [
            141.561173,
            42.987111
          ],
          [
            141.56124,
            42.987038
          ],
          [
            141.561316,
            42.986955
          ],
          [
            141.561369,
            42.986892
          ],
          [
            141.561757,
            42.986688
          ],
          [
            141.561891,
            42.986553
          ],
          [
            141.561907,
            42.986525
          ],
          [
            141.562277,
            42.985911
          ],
          [
            141.562313,
            42.985851
          ],
          [
            141.562352,
            42.985785
          ],
          [
            141.562489,
            42.985845
          ],
          [
            141.562576,
            42.985884
          ],
          [
            141.562638,
            42.985809
          ],
          [
            141.562722,
            42.985709
          ],
          [
            141.562638,
            42.985809
          ],
          [
            141.562546,
            42.98577
          ],
          [
            141.562393,
            42.985702
          ],
          [
            141.562426,
            42.985655
          ],
          [
            141.562535,
            42.985502
          ],
          [
            141.562728,
            42.984576
          ],
          [
            141.562618,
            42.984431
          ],
          [
            141.562791,
            42.98375
          ],
          [
            141.562834,
            42.983504
          ],
          [
            141.563028,
            42.982086
          ],
          [
            141.563036,
            42.981954
          ],
          [
            141.564649,
            42.982061
          ],
          [
            141.564758,
            42.982067
          ],
          [
            141.564759,
            42.982004
          ],
          [
            141.564755,
            42.981704
          ],
          [
            141.564793,
            42.981537
          ],
          [
            141.564819,
            42.981402
          ],
          [
            141.564867,
            42.981279
          ],
          [
            141.564765,
            42.98127
          ],
          [
            141.564176,
            42.981201
          ],
          [
            141.563566,
            42.981135
          ],
          [
            141.563609,
            42.980804
          ],
          [
            141.564363,
            42.980884
          ],
          [
            141.56445,
            42.980721
          ],
          [
            141.564493,
            42.980564
          ],
          [
            141.564618,
            42.980189
          ],
          [
            141.56464,
            42.980119
          ],
          [
            141.564121,
            42.98004
          ],
          [
            141.564056,
            42.980012
          ],
          [
            141.564028,
            42.979961
          ],
          [
            141.564107,
            42.979184
          ],
          [
            141.564129,
            42.979015
          ],
          [
            141.564174,
            42.978543
          ],
          [
            141.564287,
            42.977465
          ],
          [
            141.564337,
            42.97706
          ],
          [
            141.564381,
            42.976536
          ],
          [
            141.564451,
            42.976485
          ],
          [
            141.564375,
            42.976451
          ],
          [
            141.56433,
            42.976448
          ]
        ]
      }
    },
    {
      "type": "Feature",
      "properties": {
        "fid": 13,
        "name": "北四条自転車道路",
        "ward": "中央区",
        "source": "sapporo_map_2024",
        "road_type": "exclusive",
        "matched_at": "2026-05-01T12:54:42.801Z",
        "matched_by": "valhalla_3.7.0",
        "match_confidence": 1,
        "match_max_distance_m": 28.386786,
        "match_quality": "high",
        "original_geometry": {
          "type": "LineString",
          "coordinates": [
            [
              141.33939566914782,
              43.06378281616492
            ],
            [
              141.32873047014127,
              43.062195259593985
            ]
          ]
        }
      },
      "geometry": {
        "type": "LineString",
        "coordinates": [
          [
            141.33936,
            43.063927
          ],
          [
            141.338476,
            43.063809
          ],
          [
            141.338354,
            43.06379
          ],
          [
            141.338244,
            43.063778
          ],
          [
            141.336911,
            43.063593
          ],
          [
            141.3368,
            43.063578
          ],
          [
            141.336696,
            43.063563
          ],
          [
            141.335348,
            43.063377
          ],
          [
            141.335239,
            43.063362
          ],
          [
            141.335128,
            43.063348
          ],
          [
            141.33379,
            43.063166
          ],
          [
            141.333681,
            43.063151
          ],
          [
            141.33357,
            43.063136
          ],
          [
            141.332227,
            43.062953
          ],
          [
            141.332124,
            43.062939
          ],
          [
            141.332017,
            43.062925
          ],
          [
            141.331357,
            43.062836
          ],
          [
            141.330674,
            43.062744
          ],
          [
            141.330567,
            43.062729
          ],
          [
            141.330458,
            43.062714
          ],
          [
            141.329111,
            43.062531
          ],
          [
            141.329007,
            43.062517
          ],
          [
            141.329022,
            43.062458
          ],
          [
            141.329076,
            43.062241
          ]
        ]
      }
    }
  ]
}
