{"type":"FeatureCollection","name":"sapporo-osm-cycleways","attribution":"© OpenStreetMap contributors","metadata":{"source":"Overpass API","query":"[out:json][timeout:60];\n(\n  way[\"highway\"=\"cycleway\"](42.89,141.21,43.19,141.6);\n);\nout geom;","bbox":{"south":42.89,"west":141.21,"north":43.19,"east":141.6},"display_bbox":{"south":42.89,"west":141.21,"north":43.19,"east":141.6},"fetched_at":"2026-05-02T03:42:18.264Z","osm_timestamp":"2026-05-02T03:40:34Z","way_count":440,"way_count_before_filter":440},"features":[{"type":"Feature","id":30734505,"properties":{"osm_id":30734505,"foot":"yes","highway":"cycleway"},"geometry":{"type":"LineString","coordinates":[[141.4386928,43.1547136],[141.439842,43.1539636],[141.4424427,43.152442],[141.4427517,43.1524107],[141.4435842,43.1520225],[141.4443309,43.1516405],[141.4445112,43.151628],[141.4445868,43.1516619],[141.4446571,43.1517657],[141.4436443,43.1530807],[141.44361,43.1532247],[141.4436958,43.1533687],[141.4438443,43.1534497],[141.444022,43.1534439],[141.444228,43.153375],[141.4458931,43.151916],[141.4469825,43.1507828],[141.4471714,43.1505928],[141.4482792,43.149117],[141.448983,43.1479084],[141.4494465,43.1469377],[141.4497984,43.1460109],[141.4498241,43.1452031],[141.4499014,43.1447647],[141.4518854,43.1392468],[141.452133,43.1385583],[141.4525449,43.1371742],[141.452914,43.1356146],[141.4530183,43.1350487],[141.453326,43.1333785]]}},{"type":"Feature","id":31739509,"properties":{"osm_id":31739509,"bicycle":"designated","foot":"designated","highway":"cycleway","oneway":"no","segregated":"no","surface":"asphalt"},"geometry":{"type":"LineString","coordinates":[[141.4681865,43.0396813],[141.46823,43.0396702],[141.4688536,43.0395107],[141.4688883,43.0395018],[141.468909,43.0394813]]}},{"type":"Feature","id":32803487,"properties":{"osm_id":32803487,"bicycle":"designated","foot":"designated","highway":"cycleway"},"geometry":{"type":"LineString","coordinates":[[141.4647314,43.0287822],[141.4647821,43.0288188],[141.4654559,43.0288264],[141.465632,43.0288245],[141.4656485,43.0288241],[141.4662005,43.0288101],[141.4662817,43.0287491]]}},{"type":"Feature","id":32803489,"properties":{"osm_id":32803489,"bicycle":"designated","foot":"designated","highway":"cycleway","name":"陽だまりロード","name:en":"Hidamari road","name:ja":"陽だまりロード","name:ja-Latn":"Hidamari rōdo","ref":"1148"},"geometry":{"type":"LineString","coordinates":[[141.4718733,43.0279254],[141.4714647,43.0281192],[141.470722,43.0283813],[141.4702961,43.0285073],[141.469806,43.0286044],[141.4693728,43.0286692],[141.4688282,43.0287222],[141.468169,43.0287418],[141.4669046,43.0287455],[141.4662817,43.0287491],[141.4657791,43.0287618],[141.4654264,43.0287675],[141.4647314,43.0287822],[141.4644259,43.0287826],[141.4639967,43.028787],[141.4638439,43.0287837],[141.4632655,43.0287764],[141.4627918,43.0287694],[141.462359,43.0287235],[141.4623398,43.0287215]]}},{"type":"Feature","id":32803492,"properties":{"osm_id":32803492,"bicycle":"designated","foot":"designated","highway":"cycleway","layer":"-1","name":"陽だまりロード","name:en":"Hidamari road","name:ja":"陽だまりロード","name:ja-Latn":"Hidamari rōdo","ref":"1148","tunnel":"yes"},"geometry":{"type":"LineString","coordinates":[[141.4623398,43.0287215],[141.4622781,43.0287122],[141.4618883,43.0286532]]}},{"type":"Feature","id":32803494,"properties":{"osm_id":32803494,"bicycle":"designated","foot":"designated","highway":"cycleway","name":"陽だまりロード","name:en":"Hidamari road","name:ja":"陽だまりロード","name:ja-Latn":"Hidamari rōdo","ref":"1148"},"geometry":{"type":"LineString","coordinates":[[141.4588663,43.0281264],[141.4587866,43.0281081],[141.458534,43.028061],[141.4582121,43.0279786],[141.4577521,43.0278953],[141.4568756,43.027739],[141.4555089,43.0275072],[141.4550122,43.0274203],[141.4544018,43.0273035],[141.4539319,43.0272185],[141.4534743,43.0271409],[141.4528456,43.0270212],[141.4521985,43.0268972],[141.4520318,43.0268741],[141.4518287,43.0268687],[141.4518105,43.0268682]]}},{"type":"Feature","id":32803495,"properties":{"osm_id":32803495,"bicycle":"designated","foot":"designated","highway":"cycleway","layer":"-1","name":"陽だまりロード","name:en":"Hidamari road","name:ja":"陽だまりロード","name:ja-Latn":"Hidamari rōdo","ref":"1148","tunnel":"yes"},"geometry":{"type":"LineString","coordinates":[[141.4502188,43.0265833],[141.4494581,43.0264516]]}},{"type":"Feature","id":32803497,"properties":{"osm_id":32803497,"bicycle":"designated","foot":"designated","highway":"cycleway","name":"陽だまりロード","name:en":"Hidamari road","name:ja":"陽だまりロード","name:ja-Latn":"Hidamari rōdo","ref":"1148"},"geometry":{"type":"LineString","coordinates":[[141.4494581,43.0264516],[141.4492872,43.0264234],[141.4492281,43.026409],[141.4491258,43.0263967],[141.448874,43.026411],[141.4483698,43.0263192],[141.4482853,43.0262933],[141.44819,43.0262421],[141.4481415,43.0262116],[141.4471259,43.0260265]]}},{"type":"Feature","id":32803498,"properties":{"osm_id":32803498,"bicycle":"designated","foot":"designated","highway":"cycleway","name":"白石こころーど","name:en":"Shiroishi koko-road","name:ja":"白石こころーど","name:ja-Latn":"Shiroishi kokorōdo","ref":"1148","source":"GSImaps/std"},"geometry":{"type":"LineString","coordinates":[[141.4385095,43.0273463],[141.4387213,43.0272735],[141.4388327,43.0272308],[141.4393846,43.0270409],[141.439464,43.0270086],[141.4395149,43.0269879],[141.4402833,43.0266814],[141.4404806,43.0266077],[141.440575,43.0265723],[141.4418999,43.0260718],[141.4425206,43.0258666],[141.4430127,43.0257517],[141.4432027,43.0257096],[141.4432977,43.0257093]]}},{"type":"Feature","id":32803505,"properties":{"osm_id":32803505,"bicycle":"designated","foot":"designated","highway":"cycleway","name":"白石こころーど","name:en":"Shiroishi koko-road","name:ja":"白石こころーど","name:ja-Latn":"Shiroishi kokorōdo","ref":"1148","source":"GSImaps/std"},"geometry":{"type":"LineString","coordinates":[[141.4231292,43.03324],[141.4231146,43.0332455],[141.4229782,43.0332972],[141.4227099,43.0333987],[141.4224535,43.0334959],[141.4216892,43.0337887],[141.4210598,43.0340265],[141.4208411,43.0341094],[141.4203278,43.0343038],[141.4200376,43.0344143]]}},{"type":"Feature","id":32803506,"properties":{"osm_id":32803506,"bicycle":"designated","foot":"designated","highway":"cycleway","incline":"up","name":"白石こころーど","name:en":"Shiroishi koko-road","name:ja":"白石こころーど","name:ja-Latn":"Shiroishi kokorōdo","ref":"1148"},"geometry":{"type":"LineString","coordinates":[[141.4103495,43.038099],[141.4099046,43.0382835],[141.4089873,43.0386306],[141.4085193,43.0388077],[141.4085059,43.0388128]]}},{"type":"Feature","id":32803508,"properties":{"osm_id":32803508,"bicycle":"designated","bridge":"yes","foot":"designated","highway":"cycleway","layer":"1","name":"白石こころーど","name:en":"Shiroishi koko-road","name:ja":"白石こころーど","name:ja-Latn":"Shiroishi kokorōdo","ref":"1148"},"geometry":{"type":"LineString","coordinates":[[141.3954517,43.0438013],[141.3952544,43.043859],[141.3950017,43.0439207],[141.3949353,43.0439402],[141.3948599,43.0439664],[141.3947793,43.0440003],[141.3947246,43.0440275],[141.3944373,43.0441837],[141.3940657,43.0443843],[141.3940062,43.0444164],[141.3938769,43.0444659],[141.3936429,43.0445314],[141.3934364,43.0445952]]}},{"type":"Feature","id":33069346,"properties":{"osm_id":33069346,"bicycle":"designated","foot":"designated","highway":"cycleway","layer":"-1","name":"陽だまりロード","name:en":"Hidamari road","name:ja":"陽だまりロード","name:ja-Latn":"Hidamari rōdo","ref":"1148","tunnel":"yes"},"geometry":{"type":"LineString","coordinates":[[141.4723791,43.027644],[141.4718733,43.0279254]]}},{"type":"Feature","id":33069349,"properties":{"osm_id":33069349,"bicycle":"designated","bridge":"yes","foot":"designated","highway":"cycleway","layer":"1","name":"陽だまりロード","name:en":"Hidamari road","name:ja":"陽だまりロード","name:ja-Latn":"Hidamari rōdo","ref":"1148"},"geometry":{"type":"LineString","coordinates":[[141.4840125,43.0183277],[141.483912,43.01901]]}},{"type":"Feature","id":33069350,"properties":{"osm_id":33069350,"bicycle":"designated","foot":"designated","highway":"cycleway","lit":"no","name":"エルフィンロード","name:en":"Elfin road","name:ja":"エルフィンロード","ref":"1148","surface":"asphalt"},"geometry":{"type":"LineString","coordinates":[[141.5634076,42.9800262],[141.5632982,42.9803377],[141.5632414,42.9807658],[141.563141,42.9812805],[141.5631149,42.981539],[141.5630455,42.9819177],[141.5630361,42.9819535],[141.5630278,42.982086],[141.5628343,42.9835041],[141.5627914,42.9837498],[141.5626177,42.9844314],[141.5625697,42.9846012],[141.5623017,42.985432]]}},{"type":"Feature","id":33069351,"properties":{"osm_id":33069351,"bicycle":"designated","foot":"designated","highway":"cycleway","name":"陽だまりロード","name:en":"Hidamari road","name:ja":"陽だまりロード","name:ja-Latn":"Hidamari rōdo","ref":"1148"},"geometry":{"type":"LineString","coordinates":[[141.4857383,43.0146984],[141.4854286,43.0153691],[141.4853789,43.0154726],[141.4852714,43.0156778],[141.4851441,43.0159373],[141.484561,43.017058],[141.4843202,43.0175254],[141.484233,43.0177024],[141.4841883,43.0178019],[141.4841483,43.017896],[141.4841138,43.0179804],[141.4840968,43.0180274],[141.4840834,43.0180639],[141.4840514,43.0181727],[141.4840125,43.0183277]]}},{"type":"Feature","id":33069352,"properties":{"osm_id":33069352,"bicycle":"designated","bridge":"yes","foot":"designated","highway":"cycleway","layer":"1","name":"陽だまりロード","name:en":"Hidamari road","name:ja":"陽だまりロード","name:ja-Latn":"Hidamari rōdo","ref":"1148","source":"Bing"},"geometry":{"type":"LineString","coordinates":[[141.4859856,43.014228],[141.4857383,43.0146984]]}},{"type":"Feature","id":33069353,"properties":{"osm_id":33069353,"bicycle":"designated","foot":"designated","highway":"cycleway","name":"陽だまりロード","name:en":"Hidamari road","name:ja":"陽だまりロード","name:ja-Latn":"Hidamari rōdo","ref":"1148"},"geometry":{"type":"LineString","coordinates":[[141.4867735,43.0132723],[141.4866128,43.013421],[141.4864198,43.0136218],[141.4862559,43.0138181],[141.4861736,43.0139267],[141.4861142,43.0140186],[141.4859856,43.014228]]}},{"type":"Feature","id":33069356,"properties":{"osm_id":33069356,"bicycle":"designated","foot":"designated","highway":"cycleway","name":"エルフィンロード","name:en":"Elfin road","name:ja":"エルフィンロード","ref":"1148"},"geometry":{"type":"LineString","coordinates":[[141.5209721,42.9993952],[141.520945,42.9993889],[141.519467,42.9991279],[141.5186624,42.999049],[141.5184152,42.9990709],[141.518184,42.9990623],[141.5177764,42.9990575],[141.5169467,42.999103],[141.5154255,42.9994418],[141.5124699,43.000169],[141.5116572,43.0004196],[141.511337,43.000562],[141.509517,43.001469],[141.508692,43.001997],[141.508318,43.002188],[141.5074779,43.002544],[141.5072983,43.0026019],[141.5070652,43.002663],[141.506763,43.002715],[141.506046,43.0028249],[141.5040956,43.0032405],[141.502147,43.003766],[141.501507,43.004051],[141.501011,43.004319],[141.5007385,43.004502],[141.5005398,43.0046547],[141.5003173,43.0048452],[141.5001559,43.005029],[141.5000469,43.0051568],[141.499839,43.005418],[141.4997113,43.0056227],[141.4996179,43.0057925],[141.4994858,43.0060387],[141.4993937,43.0062176],[141.4992939,43.0064094],[141.4992248,43.0065031],[141.4989824,43.0066662],[141.4988596,43.0067404],[141.4986271,43.0068671],[141.4984995,43.0069289],[141.4983959,43.0069773],[141.4981097,43.0070774],[141.4979729,43.0071372],[141.4978557,43.0071734],[141.4976821,43.0072412],[141.4975245,43.0072809],[141.497328,43.0073403],[141.4972099,43.0073545],[141.4970265,43.0073697],[141.4966309,43.0073939],[141.4964564,43.0074084],[141.4962527,43.0074217],[141.4958246,43.0074511],[141.4956525,43.0074608],[141.4954221,43.007484],[141.4952167,43.007515],[141.4950252,43.007557],[141.494875,43.0075986],[141.4947182,43.0076472],[141.4946125,43.0076845],[141.4944674,43.0077482],[141.4943139,43.0078199],[141.4941754,43.007901],[141.4941072,43.0079409],[141.4939753,43.0080313],[141.4937703,43.0081991],[141.4936657,43.008306],[141.493534,43.0084594],[141.4933723,43.0087098],[141.4932197,43.0090055],[141.4930379,43.0092556],[141.4928312,43.0094795],[141.4924781,43.0098616],[141.4922753,43.010084],[141.4920964,43.0102084],[141.4918392,43.010358],[141.491574,43.010507],[141.4914482,43.0105564]]}},{"type":"Feature","id":33069357,"properties":{"osm_id":33069357,"bicycle":"designated","foot":"designated","highway":"cycleway","name":"エルフィンロード","name:en":"Elfin road","name:ja":"エルフィンロード","ref":"1148"},"geometry":{"type":"LineString","coordinates":[[141.5600001,42.9881525],[141.559916,42.9882026],[141.5597982,42.9882729],[141.5593608,42.9885849],[141.558401,42.9892705],[141.5580656,42.9894802],[141.5576668,42.9897668],[141.5568203,42.990417],[141.5555113,42.9913805],[141.5553748,42.9915274],[141.5549055,42.9918699],[141.5543925,42.9922467],[141.5542638,42.9923452],[141.5526771,42.9935344],[141.551941,42.99392],[141.5508939,42.994216],[141.5499976,42.9943328],[141.549156,42.994573],[141.549065,42.994596],[141.5473808,42.9946904],[141.5468665,42.994842],[141.545299,42.9949884],[141.5451548,42.9949832],[141.5450462,42.9949417],[141.5449818,42.9948665],[141.5449308,42.9947486]]}},{"type":"Feature","id":33069358,"properties":{"osm_id":33069358,"bicycle":"designated","bridge":"yes","foot":"designated","highway":"cycleway","layer":"1","name":"エルフィンロード","name:en":"Elfin road","name:ja":"エルフィンロード","ref":"1148"},"geometry":{"type":"LineString","coordinates":[[141.5623017,42.985432],[141.5617744,42.9863353]]}},{"type":"Feature","id":35693048,"properties":{"osm_id":35693048,"bicycle":"designated","bridge":"yes","foot":"designated","highway":"cycleway","layer":"1","name":"エルフィンロード","name:en":"Elfin road","name:ja":"エルフィンロード","ref":"1148"},"geometry":{"type":"LineString","coordinates":[[141.4914482,43.0105564],[141.4911235,43.0106798]]}},{"type":"Feature","id":35693049,"properties":{"osm_id":35693049,"bicycle":"designated","foot":"designated","highway":"cycleway","name":"エルフィンロード","name:en":"Elfin road","name:ja":"エルフィンロード","ref":"1148"},"geometry":{"type":"LineString","coordinates":[[141.4911235,43.0106798],[141.4910499,43.0107086],[141.4909235,43.0107737],[141.4908621,43.0108382],[141.4908338,43.0108798],[141.4908039,43.0109198],[141.4906699,43.0110898],[141.4905561,43.0112033],[141.4904488,43.011295],[141.4903475,43.0113779],[141.4901451,43.0114996],[141.4900323,43.0115604],[141.4899319,43.0116109],[141.4898225,43.0116672],[141.4895093,43.0118339],[141.4893549,43.0119106],[141.4890337,43.0120392],[141.4888182,43.0121313],[141.4881489,43.0124441],[141.48783,43.0125889],[141.4876336,43.0126853],[141.4875415,43.012736],[141.4874592,43.0127822],[141.4873539,43.0128509],[141.4871295,43.0130022],[141.4869115,43.0131576],[141.4867735,43.0132723]]}},{"type":"Feature","id":35764204,"properties":{"osm_id":35764204,"highway":"cycleway"},"geometry":{"type":"LineString","coordinates":[[141.4458916,43.1061359],[141.4461352,43.1059536],[141.4462554,43.1057969],[141.4463326,43.1056465],[141.4462897,43.1054272],[141.4462468,43.1052392]]}},{"type":"Feature","id":35764205,"properties":{"osm_id":35764205,"foot":"yes","highway":"cycleway"},"geometry":{"type":"LineString","coordinates":[[141.4462468,43.1052392],[141.4456031,43.10413]]}},{"type":"Feature","id":35764206,"properties":{"osm_id":35764206,"highway":"cycleway"},"geometry":{"type":"LineString","coordinates":[[141.4456031,43.10413],[141.4454657,43.1039608],[141.4453456,43.1038292],[141.4451739,43.1037102],[141.4449851,43.1036412],[141.4447362,43.1036099],[141.4443103,43.1036816]]}},{"type":"Feature","id":36907398,"properties":{"osm_id":36907398,"bicycle":"designated","foot":"designated","highway":"cycleway","name":"白石こころーど","name:en":"Shiroishi koko-road","name:ja":"白石こころーど","name:ja-Latn":"Shiroishi kokorōdo","ref":"1148"},"geometry":{"type":"LineString","coordinates":[[141.3934364,43.0445952],[141.3932562,43.0446577],[141.3907218,43.0456454],[141.3882739,43.0465747],[141.3879918,43.0466623],[141.3877256,43.0467298],[141.3875415,43.0467981],[141.3872882,43.0469166],[141.3864326,43.0472367],[141.3860463,43.0473836],[141.3858047,43.047481],[141.3855555,43.0475785],[141.3839592,43.0481853],[141.3836967,43.0483002],[141.383279,43.0484829],[141.3828005,43.0487056],[141.3825165,43.0488771],[141.3823991,43.0489505],[141.38217,43.0491402],[141.3820291,43.0492666],[141.381924,43.0493807],[141.3817596,43.0495667],[141.3815736,43.0498156],[141.3813837,43.0501348],[141.3813133,43.0502744],[141.3812665,43.0503878],[141.3812215,43.0505159],[141.3811886,43.0506379],[141.3811513,43.0508291],[141.3811219,43.0510457],[141.3811149,43.0512352],[141.3811181,43.0513176],[141.3811228,43.0514391],[141.3811556,43.0516667],[141.3812078,43.0518961],[141.3812875,43.0521276],[141.3815527,43.0526621],[141.3816557,43.0528759],[141.3817291,43.0529838],[141.3818266,43.0531005],[141.3821364,43.053441]]}},{"type":"Feature","id":36907465,"properties":{"osm_id":36907465,"bicycle":"designated","foot":"designated","highway":"cycleway","name":"白石こころーど","name:en":"Shiroishi koko-road","name:ja":"白石こころーど","name:ja-Latn":"Shiroishi kokorōdo","ref":"1148"},"geometry":{"type":"LineString","coordinates":[[141.4066667,43.0397026],[141.4063907,43.0398067],[141.4059142,43.0399865],[141.405375,43.04019],[141.4052359,43.0402037],[141.4051774,43.0402094],[141.4050277,43.0402241],[141.4049249,43.0402342],[141.4029076,43.0410077],[141.4020667,43.0413202],[141.4017981,43.041398],[141.4012631,43.0415818],[141.4009375,43.0417061],[141.4008405,43.0417432]]}},{"type":"Feature","id":36924451,"properties":{"osm_id":36924451,"foot":"yes","highway":"cycleway"},"geometry":{"type":"LineString","coordinates":[[141.3513047,43.0218204],[141.3513753,43.0217797]]}},{"type":"Feature","id":36924770,"properties":{"osm_id":36924770,"bicycle":"designated","foot":"designated","highway":"cycleway","ref":"814","segregated":"no"},"geometry":{"type":"LineString","coordinates":[[141.3511035,42.9881028],[141.3510957,42.9880633],[141.3508856,42.9876063]]}},{"type":"Feature","id":36924771,"properties":{"osm_id":36924771,"bicycle":"designated","foot":"designated","highway":"cycleway","layer":"-1","ref":"814","segregated":"no","tunnel":"yes"},"geometry":{"type":"LineString","coordinates":[[141.351114,42.9883161],[141.3511035,42.9881028]]}},{"type":"Feature","id":36931324,"properties":{"osm_id":36931324,"bicycle":"designated","foot":"designated","highway":"cycleway","ref":"814","segregated":"no"},"geometry":{"type":"LineString","coordinates":[[141.3464361,43.0055657],[141.3463933,43.0054652],[141.3463568,43.0053856],[141.3463371,43.0053185],[141.3463169,43.0051806],[141.3463229,43.0048031],[141.3463074,43.0046379],[141.3462345,43.0042713],[141.3462026,43.0041752],[141.3461586,43.0040634],[141.3460663,43.0038847],[141.3458957,43.0036257],[141.3458108,43.0034956],[141.3457043,43.0033074],[141.3455865,43.0030813],[141.3452372,43.0020826],[141.3447807,43.0012841],[141.3447251,43.0011635],[141.3446672,43.000984]]}},{"type":"Feature","id":37901091,"properties":{"osm_id":37901091,"bicycle":"designated","foot":"designated","highway":"cycleway","ref":"814","segregated":"no"},"geometry":{"type":"LineString","coordinates":[[141.4963434,43.0394083],[141.4964003,43.039388],[141.4965872,43.0387425],[141.4966609,43.0385925],[141.4969448,43.0383677],[141.4972965,43.0381399],[141.4973335,43.0381147],[141.4975492,43.0379626],[141.4977604,43.0373559],[141.4979175,43.0367463],[141.4980943,43.0363722],[141.4986566,43.035478],[141.4987306,43.0351022],[141.4987339,43.0347069],[141.498756,43.0342507],[141.4988167,43.0338632],[141.4989603,43.033298],[141.4989217,43.0329306],[141.4990045,43.032531],[141.4992254,43.0319335],[141.4994464,43.0312673],[141.4996894,43.0308159],[141.4998852,43.0305397],[141.5004209,43.0300068],[141.5008517,43.0296192],[141.5012324,43.0293007],[141.5019012,43.0287848],[141.5020274,43.0286632],[141.5020778,43.0285372],[141.502159,43.0283751]]}},{"type":"Feature","id":37902407,"properties":{"osm_id":37902407,"bicycle":"designated","foot":"designated","highway":"cycleway","oneway":"no","segregated":"no","surface":"asphalt"},"geometry":{"type":"LineString","coordinates":[[141.469901,43.0406229],[141.4699968,43.0406155],[141.4711212,43.0408614],[141.4711679,43.0408227],[141.471187,43.0408073]]}},{"type":"Feature","id":37902408,"properties":{"osm_id":37902408,"bicycle":"designated","foot":"designated","highway":"cycleway","oneway":"no","segregated":"no","surface":"asphalt"},"geometry":{"type":"LineString","coordinates":[[141.469257,43.0396868],[141.46919,43.0397037],[141.4683371,43.0399187],[141.468291,43.0399303]]}},{"type":"Feature","id":37982489,"properties":{"osm_id":37982489,"foot":"yes","highway":"cycleway"},"geometry":{"type":"LineString","coordinates":[[141.4533432,43.1332783],[141.4533603,43.1330841],[141.4536092,43.1306037],[141.4536607,43.1291066],[141.4535577,43.1283361],[141.4534719,43.1272461],[141.4533775,43.1270206],[141.4533603,43.1263754],[141.4531028,43.1247717],[141.4524934,43.1220153],[141.4518154,43.1200168],[141.4499872,43.1154494],[141.4495363,43.1143352],[141.4476268,43.109616],[141.4468797,43.1079264],[141.445936,43.1062135],[141.4458916,43.1061359],[141.4456527,43.1057184],[141.4450519,43.1047596],[141.4443103,43.1036816],[141.4440178,43.1032564],[141.4437146,43.102808],[141.4436529,43.1027167],[141.4433814,43.1024364],[141.4428718,43.1018394],[141.4427345,43.1013317],[141.442683,43.1011813],[141.4424942,43.1010059]]}},{"type":"Feature","id":37982490,"properties":{"osm_id":37982490,"bridge":"yes","created_by":"Potlatch 0.10f","foot":"yes","highway":"cycleway"},"geometry":{"type":"LineString","coordinates":[[141.453326,43.1333785],[141.4533432,43.1332783]]}},{"type":"Feature","id":37982494,"properties":{"osm_id":37982494,"bicycle":"designated","foot":"designated","highway":"cycleway","lanes":"2","oneway":"no","ref":"814","segregated":"no","surface":"asphalt"},"geometry":{"type":"LineString","coordinates":[[141.3610233,43.05363],[141.3612463,43.0538777],[141.3614051,43.054054],[141.3615853,43.0542171],[141.3617827,43.0543864],[141.3619629,43.0545307],[141.3622033,43.0546937],[141.3624264,43.054838],[141.3626582,43.054976],[141.3629243,43.0550951],[141.3631424,43.0552734],[141.3635657,43.0556385],[141.3638566,43.0558894],[141.3643985,43.0563627],[141.3648795,43.0567829],[141.3650193,43.0569053],[141.3652242,43.0571159],[141.3654786,43.0574595],[141.3656291,43.0576943],[141.3657371,43.057878],[141.3658364,43.0579751],[141.3661855,43.058258],[141.3662552,43.0583191],[141.3664508,43.0585153],[141.3667018,43.0588267],[141.3679692,43.0604814],[141.3680362,43.0606021],[141.3680773,43.0608325],[141.3681107,43.0608952],[141.3682939,43.0610994],[141.3687273,43.0616713],[141.3688061,43.0617745],[141.368825,43.0618237],[141.3688394,43.0618612],[141.3688532,43.0619351],[141.3689001,43.0620116],[141.3689839,43.0620688],[141.3696399,43.0623521],[141.3707265,43.0628212],[141.371481,43.063126],[141.3719892,43.0633238],[141.3726144,43.063538],[141.3731216,43.0637121],[141.3735046,43.0638277],[141.3739022,43.0639389],[141.3748976,43.0642259],[141.375713,43.064414],[141.3769318,43.0647966],[141.377155,43.0647903],[141.3773781,43.0648655],[141.3790948,43.0653923],[141.3797471,43.0656431],[141.3801762,43.0657309],[141.3806721,43.065867],[141.3809091,43.0659359],[141.3811574,43.0659841],[141.3821497,43.0662876],[141.3823581,43.0663626],[141.3829267,43.0665321],[141.384748,43.0670898],[141.3850852,43.0672468],[141.3856843,43.0673664],[141.3862616,43.067543],[141.3874804,43.0679882],[141.3889653,43.0687281],[141.3900982,43.0694053],[141.3907849,43.0696686],[141.3913514,43.0698254],[141.3917977,43.0699383],[141.3922526,43.0700323],[141.3926303,43.0700762],[141.3930165,43.070095],[141.3933341,43.0700825],[141.3936173,43.0700699],[141.3939177,43.0700386],[141.3946988,43.0699445],[141.3957631,43.0698317],[141.3959176,43.0698317],[141.3959948,43.0698944],[141.3958918,43.0699383],[141.3956343,43.0699822],[141.3954369,43.070026],[141.3953669,43.0700482],[141.3952395,43.0700887],[141.3950678,43.0701828],[141.3963725,43.070164],[141.3968617,43.0702455],[141.3973424,43.0703458],[141.3979933,43.0705273],[141.3984988,43.0708169],[141.3987414,43.0709357],[141.3987862,43.0709533],[141.399288,43.0711499],[141.4000804,43.0716876],[141.4006812,43.0722017],[141.4011704,43.0728036],[141.4015652,43.0733178],[141.4015846,43.0733689],[141.4017369,43.0737692],[141.4018333,43.0738997],[141.4024149,43.0746865],[141.4026787,43.0750899],[141.4028956,43.07523],[141.4041831,43.0765905],[141.4042587,43.076657],[141.4052282,43.0774638],[141.4087063,43.079374],[141.4106804,43.0803771],[141.4107689,43.0804288],[141.4129804,43.08172],[141.4199244,43.0857745],[141.4206368,43.0863575],[141.4236151,43.0880499],[141.4245593,43.0883007],[141.4248521,43.088365],[141.4257668,43.0885658],[141.427014,43.0888397],[141.4272854,43.0889163],[141.4281238,43.0891438],[141.4302914,43.0898021],[141.4306047,43.089926],[141.4324814,43.0907327],[141.4329707,43.0911526],[141.4337689,43.0917167],[141.4339626,43.0918492],[141.4346407,43.0924572],[141.4352247,43.0930397],[141.4354561,43.0934976],[141.4359647,43.0941428],[141.4361205,43.0943095],[141.4364259,43.0946697],[141.4373615,43.0956913],[141.4374746,43.0958046],[141.4375953,43.0958908],[141.4376877,43.0960046],[141.4375819,43.0959858],[141.4370307,43.0956401],[141.4369449,43.0955901],[141.4367787,43.0956643]]}},{"type":"Feature","id":37982495,"properties":{"osm_id":37982495,"bridge":"yes","created_by":"Potlatch 0.10f","foot":"yes","highway":"cycleway"},"geometry":{"type":"LineString","coordinates":[[141.4424942,43.1010059],[141.4423397,43.100799]]}},{"type":"Feature","id":38563312,"properties":{"osm_id":38563312,"bridge":"yes","foot":"yes","highway":"cycleway","surface":"asphalt"},"geometry":{"type":"LineString","coordinates":[[141.4277512,43.0956847],[141.4274447,43.0958288]]}},{"type":"Feature","id":38563313,"properties":{"osm_id":38563313,"bicycle":"designated","foot":"designated","highway":"cycleway","oneway":"no","segregated":"no","surface":"asphalt"},"geometry":{"type":"LineString","coordinates":[[141.432915,43.1015456],[141.432848,43.1014739],[141.4326479,43.101257],[141.4325453,43.1011408],[141.4324746,43.1010502],[141.4324051,43.1009355],[141.4323527,43.1008618],[141.4322824,43.1008048],[141.4322186,43.1007539],[141.4321081,43.100643],[141.4318127,43.1002913],[141.4317535,43.1002205],[141.4317163,43.1001758],[141.431685,43.1001381],[141.4312726,43.099641],[141.4311474,43.099489],[141.4310638,43.0994072],[141.4309016,43.0992681],[141.4307792,43.0991611],[141.4307259,43.0991097],[141.4306833,43.0990617],[141.4306412,43.0990141],[141.430462,43.0987335],[141.4303999,43.0986503],[141.4302775,43.0985171],[141.4301192,43.0983613],[141.4298514,43.0980902],[141.4294163,43.0975743],[141.4293057,43.0974372],[141.4292554,43.0973792],[141.4291941,43.0973095],[141.4290541,43.0971568],[141.428935,43.0970254],[141.4288313,43.0969068],[141.4286243,43.0966394],[141.4284847,43.0964732],[141.4282635,43.0962345],[141.4277512,43.0956847]]}},{"type":"Feature","id":43994950,"properties":{"osm_id":43994950,"bicycle":"designated","foot":"designated","highway":"cycleway","name":"陽だまりロード","name:en":"Hidamari road","name:ja":"陽だまりロード","name:ja-Latn":"Hidamari rōdo","ref":"1148"},"geometry":{"type":"LineString","coordinates":[[141.4774511,43.0248525],[141.4774197,43.0248739],[141.4773881,43.0249182],[141.4773879,43.0249449],[141.4773964,43.0249753],[141.4774337,43.0250417],[141.4774397,43.0250986],[141.4774278,43.0251264],[141.4773626,43.0251673],[141.4772604,43.0252224],[141.4769839,43.0253774],[141.4763818,43.0256998],[141.4762392,43.025779],[141.4761902,43.0258011],[141.4750918,43.0264061],[141.4750399,43.0264189],[141.4748435,43.0263826],[141.4747244,43.0263603],[141.474383,43.026535],[141.4729593,43.0273232],[141.4727574,43.0274368],[141.4725729,43.0275454],[141.4723791,43.027644]]}},{"type":"Feature","id":61241857,"properties":{"osm_id":61241857,"bicycle":"designated","foot":"designated","highway":"cycleway","oneway":"no","segregated":"no","surface":"asphalt"},"geometry":{"type":"LineString","coordinates":[[141.4257106,43.0938687],[141.4256981,43.0939277],[141.4257165,43.0939853],[141.4257492,43.094031],[141.4260193,43.0943326],[141.4261305,43.0944478],[141.4262047,43.0944864],[141.4263649,43.0946386],[141.4264472,43.0947364],[141.4265184,43.0948362],[141.4265896,43.0949393],[141.426667,43.0950387],[141.4267622,43.0951445],[141.4268593,43.0952362],[141.426968,43.0953422],[141.4270674,43.0954562],[141.427222,43.0956502],[141.4273898,43.0958556],[141.4274608,43.0959351],[141.4275635,43.0960294],[141.4277707,43.0962213],[141.4278581,43.0963197],[141.4279362,43.0964226],[141.4280762,43.096636],[141.4281464,43.0967207],[141.4282273,43.0968067],[141.4283167,43.0968837],[141.4284897,43.0970361],[141.4285825,43.0971339],[141.4288223,43.0974516],[141.4288749,43.0975239]]}},{"type":"Feature","id":61241858,"properties":{"osm_id":61241858,"bicycle":"designated","foot":"designated","highway":"cycleway","oneway":"no","segregated":"no","surface":"asphalt"},"geometry":{"type":"LineString","coordinates":[[141.4248295,43.0968933],[141.4248892,43.0968692],[141.4251828,43.0967505],[141.4252401,43.0967274]]}},{"type":"Feature","id":61513660,"properties":{"osm_id":61513660,"bicycle":"designated","foot":"designated","highway":"cycleway","oneway":"no","segregated":"no","surface":"asphalt"},"geometry":{"type":"LineString","coordinates":[[141.4260591,43.1025571],[141.426068,43.1025684],[141.4260775,43.1025806],[141.4260914,43.1025984],[141.427222,43.1021265],[141.4272688,43.102107]]}},{"type":"Feature","id":61513661,"properties":{"osm_id":61513661,"bicycle":"designated","foot":"designated","highway":"cycleway","oneway":"no","segregated":"no","surface":"asphalt"},"geometry":{"type":"LineString","coordinates":[[141.4260194,43.1025062],[141.4259827,43.1024591],[141.4255842,43.1019486],[141.4255506,43.1019057]]}},{"type":"Feature","id":61513662,"properties":{"osm_id":61513662,"bicycle":"designated","foot":"designated","highway":"cycleway","oneway":"no","segregated":"no","surface":"asphalt"},"geometry":{"type":"LineString","coordinates":[[141.4234779,43.099253],[141.4234641,43.0992339],[141.4227654,43.09834],[141.4227457,43.0983141]]}},{"type":"Feature","id":61513663,"properties":{"osm_id":61513663,"bicycle":"designated","foot":"designated","highway":"cycleway","oneway":"no","segregated":"no","surface":"asphalt"},"geometry":{"type":"LineString","coordinates":[[141.4237356,43.0973354],[141.4237043,43.0973481],[141.422558,43.0978113],[141.4225228,43.0978256]]}},{"type":"Feature","id":68246572,"properties":{"osm_id":68246572,"bicycle":"designated","foot":"designated","highway":"cycleway","motor_vehicle":"no","sidewalk":"yes","surface":"asphalt"},"geometry":{"type":"LineString","coordinates":[[141.382044,43.0538079],[141.3822138,43.0539972],[141.3823523,43.0541578],[141.3824296,43.0542293],[141.3826034,43.0543691],[141.3827536,43.0544808],[141.3829561,43.0546444],[141.3831009,43.0547375],[141.383231,43.0548326],[141.3833423,43.0549335],[141.383451,43.055008],[141.3836803,43.0551534],[141.3837882,43.0552314],[141.3838637,43.0552972],[141.383915,43.0553646],[141.3839521,43.0554303],[141.3840008,43.0555969],[141.3840907,43.0557096],[141.3842087,43.0557929],[141.3843669,43.0558801],[141.3845681,43.0560644],[141.3847156,43.056177],[141.3849262,43.0563309],[141.3852132,43.0565602],[141.3853473,43.0566494],[141.385535,43.056816],[141.3857738,43.056962],[141.3859494,43.0570982],[141.3861303,43.0572446],[141.38629,43.0573407],[141.3865213,43.0574878],[141.3867053,43.0576524],[141.3868307,43.057731],[141.3869572,43.0578135],[141.3871231,43.0579665],[141.3873196,43.0580934],[141.3874451,43.0581774],[141.3875318,43.0582628],[141.3876449,43.0583356],[141.3877158,43.0583748],[141.3878082,43.0584026],[141.3878876,43.0584043],[141.3879673,43.0583952],[141.3882878,43.0582039],[141.3883569,43.0581808],[141.3884275,43.0581726],[141.3885031,43.0581767],[141.3885955,43.0581867],[141.3887074,43.0582399],[141.3888821,43.0584164],[141.3890308,43.0585181],[141.3892104,43.0586173],[141.3893625,43.0587374],[141.3894331,43.0588307],[141.3895459,43.0589255],[141.3896106,43.0588824]]}},{"type":"Feature","id":103988627,"properties":{"osm_id":103988627,"bicycle":"designated","foot":"designated","highway":"cycleway","oneway":"no","segregated":"no","surface":"asphalt","tactile_paving":"no"},"geometry":{"type":"LineString","coordinates":[[141.4261957,43.0963435],[141.4262941,43.0963036],[141.4271515,43.0959564],[141.4272672,43.0959095]]}},{"type":"Feature","id":118914802,"properties":{"osm_id":118914802,"bicycle":"yes","highway":"cycleway","name":"豊平川右岸CR","name:en":"Toyohira River Right Bank Cycling Road","oneway":"no","surface":"asphalt"},"geometry":{"type":"LineString","coordinates":[[141.3594799,43.0406764],[141.3595088,43.0407144],[141.3595619,43.0407963],[141.3595933,43.0408576],[141.3596626,43.0410693],[141.3597635,43.0412953],[141.3599319,43.0416825],[141.360081,43.0420887],[141.3602947,43.0427498],[141.3603551,43.0429583],[141.3604297,43.0431237],[141.3605531,43.0437314],[141.3607836,43.0457809],[141.3608022,43.045988],[141.3608186,43.0461976],[141.360849,43.0466134],[141.3609439,43.0472734],[141.3610076,43.0476055],[141.3610924,43.0479376],[141.3611461,43.0481203],[141.3612076,43.0483143],[141.3615128,43.0490373],[141.3617172,43.0495217],[141.3621324,43.0505383],[141.3621463,43.0505723],[141.3626388,43.0520577],[141.3626506,43.0520932],[141.3629725,43.0529713],[141.3633748,43.0537709],[141.363863,43.054453],[141.3645067,43.0551664],[141.3650324,43.0556799],[141.3659604,43.0564834],[141.366867,43.0573614],[141.3676985,43.0584472],[141.3690343,43.0604069],[141.3694366,43.060838],[141.3698228,43.0611673],[141.3703164,43.06152],[141.3709815,43.0618806],[141.371695,43.0621824],[141.3719579,43.0622098],[141.3721352,43.0623307],[141.372229,43.0623946],[141.3735129,43.0628466],[141.3740122,43.0629977],[141.3743214,43.0630783],[141.3746692,43.06317],[141.374967,43.0632563],[141.3752698,43.063356],[141.3756693,43.0635012],[141.3760464,43.0636443],[141.3763045,43.0637314],[141.376583,43.0638163],[141.3774039,43.06406],[141.3783159,43.0643322],[141.3791277,43.0645693],[141.3793103,43.064623],[141.3798994,43.0648],[141.3799584,43.0648105],[141.3800327,43.0648127],[141.3800982,43.0648168],[141.3801394,43.0648239],[141.3802423,43.0648526],[141.3805026,43.0649294],[141.3805543,43.0649486],[141.380595,43.064972],[141.3806433,43.0650071],[141.3806841,43.0650299],[141.3807615,43.0650549],[141.3814421,43.0652569],[141.3815188,43.0652803],[141.3832636,43.0657925],[141.3845813,43.0661707],[141.3863997,43.0667135],[141.3866533,43.066788],[141.387055,43.0669156],[141.38745,43.0670547],[141.387987,43.0672624],[141.3883058,43.0673953],[141.3886745,43.0675649],[141.3890071,43.0677253],[141.3892062,43.067823],[141.389287,43.0678484],[141.3893611,43.0678591],[141.3894416,43.0678762],[141.3894815,43.0678872],[141.3895161,43.0679041],[141.3897402,43.0680279],[141.3899858,43.0681622],[141.3903206,43.0683472],[141.3905912,43.0685004],[141.3906762,43.068555],[141.3907505,43.0685924],[141.3908435,43.0686326],[141.3910548,43.0687184],[141.3911993,43.0687667],[141.3915034,43.0688635],[141.3917434,43.0689262],[141.3919661,43.0689779],[141.3922531,43.0690283],[141.3924697,43.0690585],[141.392702,43.0690847],[141.3930195,43.069106],[141.3932842,43.0691141],[141.3936553,43.0691077],[141.3938727,43.069094],[141.3941131,43.0690703],[141.3944176,43.0690264],[141.3946127,43.0689914],[141.394825,43.0689498],[141.3949971,43.0689208],[141.3952129,43.0688924],[141.3954469,43.068868],[141.3956565,43.0688534],[141.395955,43.0688441],[141.3962489,43.0688469],[141.3965111,43.0688604],[141.3967913,43.0688844],[141.3970081,43.0689123],[141.3972743,43.0689554],[141.3975412,43.0690083],[141.3978556,43.0690876],[141.3981311,43.0691707],[141.3984332,43.0692782],[141.3986886,43.069382],[141.3988985,43.0694803],[141.3991009,43.0695813],[141.3999737,43.0700302],[141.4006427,43.0703739],[141.4008777,43.0704981],[141.401054,43.0706002],[141.4012749,43.070734],[141.4014762,43.0708679],[141.4017367,43.0710602],[141.4019293,43.0712112],[141.402149,43.0713991],[141.4023389,43.0715792],[141.4025754,43.071824],[141.4027679,43.0720527],[141.402975,43.0723236],[141.403082,43.0725048],[141.4032201,43.0727095],[141.4034138,43.0730897],[141.4035286,43.0733539],[141.4035816,43.0734779],[141.4036844,43.0737151],[141.40372,43.0737936],[141.4037987,43.0739428],[141.4039205,43.0741544],[141.403981,43.0742542],[141.4042264,43.0746032],[141.4045083,43.0749544],[141.4047087,43.0751994],[141.4048554,43.0753857],[141.4050151,43.075553],[141.4051781,43.0757069],[141.4053776,43.0758625],[141.405593,43.0760047],[141.4062736,43.0763932],[141.4070871,43.0768524],[141.4074003,43.0770167],[141.4077231,43.0771709],[141.4080109,43.0772974],[141.4082998,43.0774099],[141.4101131,43.0781031],[141.4104881,43.0782383],[141.410679,43.0783199],[141.4107724,43.0783598],[141.411724,43.0788096],[141.4130973,43.0795423],[141.4139824,43.0800987],[141.4146798,43.0805728],[141.4158975,43.0814308],[141.4168555,43.0821038],[141.4171245,43.082294],[141.4172504,43.0823207],[141.4173796,43.0823225],[141.4175176,43.0822889],[141.4176996,43.0821105],[141.417692,43.0819976],[141.4176267,43.0818742],[141.4172177,43.0815899],[141.4171909,43.081549],[141.417186,43.0814495]]}},{"type":"Feature","id":118914803,"properties":{"osm_id":118914803,"bicycle":"yes","highway":"cycleway"},"geometry":{"type":"LineString","coordinates":[[141.3538315,43.0171298],[141.353856,43.0167634],[141.3538655,43.0162243],[141.3538672,43.015703],[141.3538512,43.0154826],[141.3538318,43.0152637]]}},{"type":"Feature","id":151201108,"properties":{"osm_id":151201108,"bicycle":"designated","foot":"designated","highway":"cycleway"},"geometry":{"type":"LineString","coordinates":[[141.5616894,42.9784108],[141.5616935,42.9783773],[141.5618456,42.9783874],[141.5618735,42.9781513],[141.5616184,42.9781345],[141.5615757,42.9781121]]}},{"type":"Feature","id":151201109,"properties":{"osm_id":151201109,"highway":"cycleway"},"geometry":{"type":"LineString","coordinates":[[141.5558488,42.9744042],[141.5561693,42.9744432],[141.5562141,42.9744523],[141.5562635,42.9744889],[141.556275,42.9746097],[141.556311,42.9747054],[141.5564542,42.9748689],[141.5567593,42.9751753],[141.5567687,42.9752022]]}},{"type":"Feature","id":183263649,"properties":{"osm_id":183263649,"bicycle":"designated","bridge":"yes","foot":"designated","highway":"cycleway","layer":"1","name":"エルフィンロード","name:en":"Elfin road","name:ja":"エルフィンロード","ref":"1148"},"geometry":{"type":"LineString","coordinates":[[141.560435,42.9878369],[141.5600001,42.9881525]]}},{"type":"Feature","id":198364353,"properties":{"osm_id":198364353,"highway":"cycleway","source":"Bing"},"geometry":{"type":"LineString","coordinates":[[141.4182814,43.0824579],[141.4183631,43.0825142],[141.4183885,43.0825719],[141.4182896,43.0828021],[141.4182887,43.0828936],[141.4183341,43.0829659],[141.4189394,43.0833889],[141.4190223,43.0834529],[141.4192269,43.0837239],[141.4194508,43.0838295],[141.4194717,43.083842],[141.4205451,43.0844844],[141.4205848,43.0845007],[141.4207869,43.0845835]]}},{"type":"Feature","id":198364357,"properties":{"osm_id":198364357,"highway":"cycleway","source":"Bing"},"geometry":{"type":"LineString","coordinates":[[141.4176996,43.0821105],[141.4180135,43.0823046]]}},{"type":"Feature","id":198364362,"properties":{"osm_id":198364362,"bridge":"yes","highway":"cycleway","source":"Bing"},"geometry":{"type":"LineString","coordinates":[[141.4180135,43.0823046],[141.4182814,43.0824579]]}},{"type":"Feature","id":202577760,"properties":{"osm_id":202577760,"bicycle":"designated","foot":"designated","highway":"cycleway","source":"Bing"},"geometry":{"type":"LineString","coordinates":[[141.4083572,43.157503],[141.4085492,43.1576705]]}},{"type":"Feature","id":207594014,"properties":{"osm_id":207594014,"highway":"cycleway","source":"Bing"},"geometry":{"type":"LineString","coordinates":[[141.3108894,43.1622575],[141.3097232,43.1614004],[141.3094864,43.1612264],[141.3087594,43.1606809],[141.3084122,43.1604109],[141.3082321,43.1602707],[141.3082239,43.1602644],[141.3082337,43.1596766],[141.3082545,43.159242]]}},{"type":"Feature","id":216490550,"properties":{"osm_id":216490550,"highway":"cycleway","name":"真駒内茨戸東雁来自転車道線","ref":"1053","source":"YahooJapan/ALPSMAP","yh:WIDTH":"1.5m〜3.0m"},"geometry":{"type":"LineString","coordinates":[[141.32785,43.1483691],[141.32694,43.148335]]}},{"type":"Feature","id":216490553,"properties":{"osm_id":216490553,"highway":"cycleway","name":"真駒内茨戸東雁来自転車道線","ref":"1053","source":"YahooJapan/ALPSMAP","yh:WIDTH":"1.5m〜3.0m"},"geometry":{"type":"LineString","coordinates":[[141.334821,43.151505],[141.3332088,43.1503701]]}},{"type":"Feature","id":216490555,"properties":{"osm_id":216490555,"highway":"cycleway","name":"真駒内茨戸東雁来自転車道線","ref":"1053","source":"YahooJapan/ALPSMAP","yh:WIDTH":"1.5m〜3.0m"},"geometry":{"type":"LineString","coordinates":[[141.3332088,43.1503701],[141.332476,43.15]]}},{"type":"Feature","id":216490558,"properties":{"osm_id":216490558,"highway":"cycleway","name":"真駒内茨戸東雁来自転車道線","ref":"1053","source":"YahooJapan/ALPSMAP","yh:WIDTH":"1.5m〜3.0m"},"geometry":{"type":"LineString","coordinates":[[141.332476,43.15],[141.331258,43.149211],[141.3306402,43.1489004]]}},{"type":"Feature","id":216490563,"properties":{"osm_id":216490563,"highway":"cycleway","name":"真駒内茨戸東雁来自転車道線","ref":"1053","source":"YahooJapan/ALPSMAP","yh:WIDTH":"1.5m〜3.0m"},"geometry":{"type":"LineString","coordinates":[[141.3382766,43.1537289],[141.3375514,43.1533323],[141.3369891,43.1529736],[141.334821,43.151505]]}},{"type":"Feature","id":216490565,"properties":{"osm_id":216490565,"highway":"cycleway","name":"真駒内茨戸東雁来自転車道線","ref":"1053","source":"YahooJapan/ALPSMAP","yh:WIDTH":"1.5m〜3.0m"},"geometry":{"type":"LineString","coordinates":[[141.32439,43.148182],[141.324777,43.14825],[141.325558,43.148297]]}},{"type":"Feature","id":216490568,"properties":{"osm_id":216490568,"highway":"cycleway","name":"真駒内茨戸東雁来自転車道線","ref":"1053","source":"YahooJapan/ALPSMAP","yh:WIDTH":"1.5m〜3.0m"},"geometry":{"type":"LineString","coordinates":[[141.3436786,43.1572353],[141.3434104,43.1570318],[141.342136,43.155744],[141.3421007,43.1557119],[141.342026,43.155644]]}},{"type":"Feature","id":216490571,"properties":{"osm_id":216490571,"highway":"cycleway","name":"真駒内茨戸東雁来自転車道線","ref":"1053","source":"YahooJapan/ALPSMAP","yh:WIDTH":"1.5m〜3.0m"},"geometry":{"type":"LineString","coordinates":[[141.3444511,43.1577048],[141.3441989,43.1575679],[141.3437751,43.1573057],[141.3436786,43.1572353]]}},{"type":"Feature","id":216490574,"properties":{"osm_id":216490574,"highway":"cycleway","name":"真駒内茨戸東雁来自転車道線","ref":"1053","source":"YahooJapan/ALPSMAP","yh:WIDTH":"1.5m〜3.0m"},"geometry":{"type":"LineString","coordinates":[[141.3167543,43.1468104],[141.318923,43.147266],[141.321271,43.147662],[141.324042,43.14812],[141.32439,43.148182]]}},{"type":"Feature","id":216491117,"properties":{"osm_id":216491117,"highway":"cycleway","source":"YahooJapan/ALPSMAP","yh:WIDTH":"1.5m〜3.0m"},"geometry":{"type":"LineString","coordinates":[[141.325558,43.148297],[141.3254044,43.1478212]]}},{"type":"Feature","id":216493255,"properties":{"osm_id":216493255,"highway":"cycleway","source":"YahooJapan/ALPSMAP","yh:WIDTH":"1.5m〜3.0m"},"geometry":{"type":"LineString","coordinates":[[141.32694,43.148335],[141.32686,43.148334],[141.326526,43.148313],[141.326292,43.148263],[141.326222,43.148222],[141.326178,43.148144],[141.326126,43.147961],[141.3259784,43.1474728]]}},{"type":"Feature","id":226171713,"properties":{"osm_id":226171713,"bridge":"yes","highway":"cycleway","lanes":"2","layer":"1","name":"わんぱく翔橋","name:en":"Wanpakukake bridge","name:ja":"わんぱく翔橋","name:ja-Hira":"わんぱくかけはし","source":"YahooJapan/ALPSMAP","start_date":"1993-11","surface":"asphalt"},"geometry":{"type":"LineString","coordinates":[[141.3513047,43.0218204],[141.351025,43.0219771]]}},{"type":"Feature","id":236387705,"properties":{"osm_id":236387705,"bicycle":"designated","bridge":"yes","foot":"designated","highway":"cycleway","layer":"2","name":"陽だまりロード","name:en":"Hidamari road","name:ja":"陽だまりロード","name:ja-Latn":"Hidamari rōdo","ref":"1148"},"geometry":{"type":"LineString","coordinates":[[141.450488,43.0266315],[141.4502746,43.0265927]]}},{"type":"Feature","id":236387706,"properties":{"osm_id":236387706,"bicycle":"designated","bridge":"yes","foot":"designated","highway":"cycleway","layer":"2","name":"白石こころーど","name:en":"Shiroishi koko-road","name:ja":"白石こころーど","name:ja-Latn":"Shiroishi kokorōdo","ref":"1148"},"geometry":{"type":"LineString","coordinates":[[141.4443015,43.0256796],[141.4432977,43.0257093]]}},{"type":"Feature","id":236387721,"properties":{"osm_id":236387721,"foot":"yes","highway":"cycleway"},"geometry":{"type":"LineString","coordinates":[[141.3509465,43.0220223],[141.351025,43.0219771]]}},{"type":"Feature","id":304773396,"properties":{"osm_id":304773396,"bicycle":"designated","foot":"designated","highway":"cycleway","segregated":"yes"},"geometry":{"type":"LineString","coordinates":[[141.550357,42.9631491],[141.5494111,42.9627283],[141.547315,42.9618185],[141.5470097,42.961686],[141.5467133,42.9615601],[141.5466393,42.9615094]]}},{"type":"Feature","id":304773397,"properties":{"osm_id":304773397,"bicycle":"designated","foot":"designated","highway":"cycleway","oneway":"no","segregated":"yes","surface":"asphalt"},"geometry":{"type":"LineString","coordinates":[[141.5609922,42.9780755],[141.5609775,42.9780748],[141.5605828,42.9780602],[141.5604536,42.9780558],[141.5600513,42.9780354],[141.559932,42.9780287],[141.5596682,42.9780113],[141.5593782,42.9779924],[141.5592225,42.9779798],[141.5591933,42.977971],[141.5591737,42.977958],[141.5591561,42.9779405],[141.559007,42.9776862],[141.5589475,42.9775915],[141.5589181,42.9775553],[141.5588508,42.977539],[141.5586271,42.9775161],[141.5585381,42.9775006],[141.5584898,42.9774774],[141.5584507,42.9774442],[141.558434,42.9774049],[141.5584322,42.9773473],[141.5584793,42.9769447],[141.5585002,42.976781],[141.5585557,42.9760586],[141.5586973,42.9748898],[141.5587091,42.9747624],[141.5587702,42.9741839],[141.5587949,42.9740599],[141.5588334,42.973875],[141.5588942,42.973583],[141.5589759,42.9734219],[141.5590792,42.9732521]]}},{"type":"Feature","id":304773399,"properties":{"osm_id":304773399,"bicycle":"designated","foot":"designated","highway":"cycleway","oneway":"no","segregated":"yes","surface":"asphalt"},"geometry":{"type":"LineString","coordinates":[[141.5527808,42.9721134],[141.552971,42.9722638],[141.5530274,42.9722976],[141.5531106,42.9723365],[141.5532554,42.9723867],[141.5533354,42.9724155],[141.553482,42.9725279],[141.5539921,42.9729376],[141.5547355,42.9735165],[141.5549067,42.9736105],[141.5549738,42.9736388],[141.5550452,42.9736584],[141.5551809,42.9736823],[141.5552584,42.9736979],[141.5553191,42.9737322],[141.5553425,42.9737621],[141.5553521,42.9737987],[141.5553245,42.9740896],[141.55534,42.9741067],[141.5558488,42.9744042],[141.5559935,42.9745066],[141.5560797,42.9745859],[141.5565301,42.97505],[141.5565548,42.9750679],[141.5567687,42.9752022],[141.5573002,42.975735],[141.5574985,42.9759631],[141.5582366,42.976707],[141.5584793,42.9769447]]}},{"type":"Feature","id":304773400,"properties":{"osm_id":304773400,"bicycle":"designated","bridge":"yes","foot":"designated","highway":"cycleway","layer":"1"},"geometry":{"type":"LineString","coordinates":[[141.5511401,42.9640757],[141.5504899,42.9632451]]}},{"type":"Feature","id":304773402,"properties":{"osm_id":304773402,"bicycle":"designated","bridge":"yes","foot":"designated","highway":"cycleway","layer":"1"},"geometry":{"type":"LineString","coordinates":[[141.5590792,42.9732521],[141.5591843,42.973101],[141.5593912,42.9727932],[141.5595648,42.9725116]]}},{"type":"Feature","id":304773406,"properties":{"osm_id":304773406,"bicycle":"designated","bridge":"yes","foot":"designated","highway":"cycleway","layer":"1"},"geometry":{"type":"LineString","coordinates":[[141.5440074,42.9634554],[141.5438907,42.9638536]]}},{"type":"Feature","id":304773407,"properties":{"osm_id":304773407,"bicycle":"designated","bridge":"yes","foot":"designated","highway":"cycleway","layer":"1"},"geometry":{"type":"LineString","coordinates":[[141.5615757,42.9781121],[141.5615453,42.9781102],[141.5609922,42.9780755]]}},{"type":"Feature","id":304773409,"properties":{"osm_id":304773409,"bicycle":"designated","foot":"designated","highway":"cycleway"},"geometry":{"type":"LineString","coordinates":[[141.5516142,42.9643173],[141.551557,42.9642858],[141.5514362,42.9642231],[141.5512916,42.9641481],[141.5511401,42.9640757]]}},{"type":"Feature","id":304773412,"properties":{"osm_id":304773412,"bicycle":"designated","bridge":"yes","foot":"designated","highway":"cycleway","layer":"1"},"geometry":{"type":"LineString","coordinates":[[141.5523745,42.9717819],[141.5527808,42.9721134]]}},{"type":"Feature","id":304773417,"properties":{"osm_id":304773417,"bicycle":"designated","foot":"designated","highway":"cycleway","oneway":"no","segregated":"no","surface":"asphalt"},"geometry":{"type":"LineString","coordinates":[[141.5438907,42.9638536],[141.5438769,42.9638996],[141.5439274,42.9640917],[141.5439435,42.9646],[141.5439223,42.9654862],[141.5439263,42.9655347],[141.5439805,42.9655688],[141.5441489,42.965575],[141.5441764,42.9656048],[141.5441867,42.9656338],[141.5441868,42.9661223],[141.5441869,42.9664982],[141.544201,42.9665883],[141.5443583,42.9667016],[141.544412,42.966782],[141.544401,42.96704],[141.5443852,42.9674101],[141.5444062,42.9674681],[141.5444894,42.967515],[141.5446864,42.9675452],[141.5448492,42.9675828],[141.5451117,42.9676524],[141.5455495,42.9678815],[141.5459491,42.9680992],[141.5465534,42.9684632],[141.5467122,42.9685589],[141.5467706,42.9685922],[141.5469039,42.9686363],[141.5470262,42.9686364],[141.5471147,42.9686181],[141.5472021,42.9685851],[141.5472797,42.9685267],[141.5473836,42.9684282],[141.5475223,42.968347],[141.5476917,42.9682888],[141.5478318,42.9682667],[141.5488939,42.9682756],[141.5490101,42.9682937],[141.5491707,42.9683384],[141.5492843,42.968386],[141.5494062,42.9684695],[141.5494586,42.9685269],[141.5495115,42.968601],[141.5495422,42.9686797],[141.5496743,42.9691501],[141.5497086,42.9692727],[141.5499165,42.9700162],[141.549948,42.9701042],[141.5499717,42.9701239],[141.5500065,42.9701254],[141.5502057,42.9700977],[141.550248,42.9701039],[141.5502877,42.9701219],[141.5503254,42.9701583],[141.550441,42.970246],[141.5505962,42.9703703],[141.5510833,42.9707556],[141.5513653,42.9709886],[141.5514641,42.9710583],[141.5522143,42.9716572],[141.5523745,42.9717819]]}},{"type":"Feature","id":304773424,"properties":{"osm_id":304773424,"bicycle":"designated","bridge":"yes","foot":"designated","highway":"cycleway","layer":"1"},"geometry":{"type":"LineString","coordinates":[[141.5538597,42.9651574],[141.552945,42.9646589],[141.5524005,42.9647237],[141.5520068,42.9645202],[141.5516142,42.9643173]]}},{"type":"Feature","id":327030175,"properties":{"osm_id":327030175,"bicycle":"designated","crossing":"traffic_signals","crossing:island":"no","crossing:markings":"zebra","cycleway":"crossing","foot":"designated","highway":"cycleway","motor_vehicle":"no","name":"滝野上野幌自転車道線","ref":"814","segregated":"no","surface":"asphalt","tactile_paving":"yes"},"geometry":{"type":"LineString","coordinates":[[141.4845274,43.060629],[141.4843934,43.060651],[141.4842543,43.0606739]]}},{"type":"Feature","id":345048292,"properties":{"osm_id":345048292,"highway":"cycleway"},"geometry":{"type":"LineString","coordinates":[[141.3300515,43.1486993],[141.3295799,43.1485974],[141.3287581,43.148462],[141.3281484,43.1483976],[141.32785,43.1483691]]}},{"type":"Feature","id":345048479,"properties":{"osm_id":345048479,"highway":"cycleway"},"geometry":{"type":"LineString","coordinates":[[141.3300515,43.1486993],[141.3306402,43.1489004]]}},{"type":"Feature","id":345048649,"properties":{"osm_id":345048649,"highway":"cycleway"},"geometry":{"type":"LineString","coordinates":[[141.3254044,43.1478212],[141.3253347,43.1476529],[141.3253615,43.1475433],[141.3256655,43.1474891]]}},{"type":"Feature","id":345048948,"properties":{"osm_id":345048948,"highway":"cycleway"},"geometry":{"type":"LineString","coordinates":[[141.3382766,43.1537289],[141.3385824,43.1538737],[141.3386924,43.1539207],[141.3388023,43.1539676],[141.3392637,43.154175],[141.3398647,43.1544604],[141.3408354,43.1548286],[141.3411358,43.1549812],[141.3414577,43.1551847],[141.3421007,43.1557119]]}},{"type":"Feature","id":345049534,"properties":{"osm_id":345049534,"highway":"cycleway"},"geometry":{"type":"LineString","coordinates":[[141.3444511,43.1577048],[141.34657,43.1585618],[141.3475034,43.1588436],[141.3476484,43.1589286],[141.3480238,43.1591488],[141.3482276,43.1591723],[141.34841,43.1592975],[141.3485387,43.1595088]]}},{"type":"Feature","id":345049535,"properties":{"osm_id":345049535,"highway":"cycleway"},"geometry":{"type":"LineString","coordinates":[[141.3485387,43.1595088],[141.351339,43.1620483],[141.3516662,43.1623418],[141.3517949,43.1624318],[141.3522724,43.1627722]]}},{"type":"Feature","id":345049579,"properties":{"osm_id":345049579,"highway":"cycleway"},"geometry":{"type":"LineString","coordinates":[[141.3386867,43.1536549],[141.3383785,43.1535528],[141.3375514,43.1533323]]}},{"type":"Feature","id":346562446,"properties":{"osm_id":346562446,"highway":"cycleway"},"geometry":{"type":"LineString","coordinates":[[141.3617633,43.1745235],[141.3633686,43.1740765],[141.3661005,43.1731172],[141.3695381,43.1719381],[141.3713377,43.1714539],[141.3753269,43.1706155],[141.3760977,43.1704573]]}},{"type":"Feature","id":352838823,"properties":{"osm_id":352838823,"bicycle":"designated","bridge":"yes","foot":"designated","highway":"cycleway","oneway":"no","segregated":"no","source":"Bing","surface":"asphalt"},"geometry":{"type":"LineString","coordinates":[[141.5080084,43.077783],[141.5083695,43.0775061]]}},{"type":"Feature","id":352838824,"properties":{"osm_id":352838824,"bicycle":"designated","foot":"designated","highway":"cycleway","oneway":"no","segregated":"no","source":"Bing","surface":"asphalt"},"geometry":{"type":"LineString","coordinates":[[141.5080084,43.077783],[141.5075778,43.0781189],[141.5076275,43.0781556],[141.5076159,43.0781643]]}},{"type":"Feature","id":352839230,"properties":{"osm_id":352839230,"bicycle":"designated","crossing":"traffic_signals","cycleway":"crossing","foot":"designated","highway":"cycleway","surface":"asphalt","tactile_paving":"no"},"geometry":{"type":"LineString","coordinates":[[141.5082984,43.0773669],[141.5083472,43.0773294],[141.5084246,43.0772699],[141.5084846,43.0772238]]}},{"type":"Feature","id":352842660,"properties":{"osm_id":352842660,"bicycle":"designated","foot":"designated","highway":"cycleway","oneway":"no","segregated":"no","surface":"asphalt"},"geometry":{"type":"LineString","coordinates":[[141.5082984,43.0773669],[141.5084288,43.0774582],[141.5084125,43.0774715]]}},{"type":"Feature","id":352842661,"properties":{"osm_id":352842661,"bicycle":"designated","crossing":"traffic_signals","cycleway":"crossing","foot":"designated","highway":"cycleway","surface":"asphalt"},"geometry":{"type":"LineString","coordinates":[[141.50407,43.0744549],[141.5041183,43.0744176],[141.5041939,43.0743591],[141.504254,43.0743128]]}},{"type":"Feature","id":352842662,"properties":{"osm_id":352842662,"bicycle":"designated","foot":"designated","highway":"cycleway","oneway":"no","segregated":"no","surface":"asphalt"},"geometry":{"type":"LineString","coordinates":[[141.50407,43.0744549],[141.5036087,43.0741405],[141.5035425,43.0741035],[141.5033375,43.0739804],[141.5032343,43.0739175],[141.5030601,43.0738243],[141.5028744,43.0737327],[141.5026377,43.0736283],[141.5024278,43.0735453],[141.50217,43.0734581],[141.5019313,43.0733871],[141.501637,43.0733088],[141.5015683,43.0732954],[141.501418,43.0732563],[141.5010166,43.0731531],[141.4997088,43.0728031],[141.4992073,43.0726609],[141.4989312,43.0725865],[141.4989183,43.0725833],[141.4985147,43.0724845],[141.4983367,43.0724408],[141.4981069,43.0723845],[141.4973784,43.0722022],[141.4970463,43.0721206],[141.4968191,43.0720603],[141.4966799,43.0720219],[141.4965038,43.0719698],[141.4963311,43.0719141],[141.4962037,43.07187],[141.4960341,43.0718011]]}},{"type":"Feature","id":352842666,"properties":{"osm_id":352842666,"bicycle":"designated","crossing":"traffic_signals","cycleway":"crossing","foot":"designated","highway":"cycleway","surface":"asphalt"},"geometry":{"type":"LineString","coordinates":[[141.4973784,43.0722022],[141.4974247,43.0721067],[141.4974799,43.071993]]}},{"type":"Feature","id":352842667,"properties":{"osm_id":352842667,"bicycle":"designated","crossing":"traffic_signals","cycleway":"crossing","foot":"designated","highway":"cycleway","surface":"asphalt"},"geometry":{"type":"LineString","coordinates":[[141.497304,43.0719222],[141.4973635,43.0719386],[141.4974089,43.0719514]]}},{"type":"Feature","id":352842830,"properties":{"osm_id":352842830,"bicycle":"designated","crossing":"traffic_signals","crossing:island":"no","crossing:markings":"zebra","cycleway":"crossing","foot":"designated","highway":"cycleway","surface":"asphalt","tactile_paving":"yes"},"geometry":{"type":"LineString","coordinates":[[141.5011157,43.0729407],[141.5010671,43.0730448],[141.5010166,43.0731531]]}},{"type":"Feature","id":352842831,"properties":{"osm_id":352842831,"bicycle":"designated","crossing":"traffic_signals","crossing:island":"no","crossing:markings":"zebra","cycleway":"crossing","foot":"designated","highway":"cycleway","surface":"asphalt","tactile_paving":"yes"},"geometry":{"type":"LineString","coordinates":[[141.501418,43.0732563],[141.501445,43.0731978],[141.5014875,43.0731059],[141.5015131,43.0730505]]}},{"type":"Feature","id":352842832,"properties":{"osm_id":352842832,"bicycle":"designated","crossing":"traffic_signals","crossing:island":"no","crossing:markings":"zebra","cycleway":"crossing","foot":"designated","highway":"cycleway","surface":"asphalt","tactile_paving":"yes"},"geometry":{"type":"LineString","coordinates":[[141.5012367,43.0729459],[141.5013458,43.0729685],[141.5014353,43.0729871]]}},{"type":"Feature","id":362953938,"properties":{"osm_id":362953938,"foot":"yes","highway":"cycleway","layer":"-1","motor_vehicle":"no","name":"滝野上野幌自転車道線","ref":"814","segregated":"no","tunnel":"yes"},"geometry":{"type":"LineString","coordinates":[[141.4832947,43.0605011],[141.483059,43.0605695]]}},{"type":"Feature","id":362953941,"properties":{"osm_id":362953941,"foot":"yes","highway":"cycleway","motor_vehicle":"no","name":"滝野上野幌自転車道線","ref":"814","segregated":"no"},"geometry":{"type":"LineString","coordinates":[[141.483059,43.0605695],[141.482955,43.0606067]]}},{"type":"Feature","id":369863501,"properties":{"osm_id":369863501,"bicycle":"designated","foot":"designated","highway":"cycleway","ref":"814","segregated":"no"},"geometry":{"type":"LineString","coordinates":[[141.3453142,42.997641],[141.345329,42.9974757],[141.3456036,42.9970928],[141.346427,42.9960121],[141.3464917,42.9959107],[141.3465689,42.9957512],[141.3466242,42.9956686],[141.3467766,42.9955182],[141.3468682,42.9954343],[141.346985,42.9952507],[141.347103,42.9950105],[141.347259,42.9947685],[141.3473346,42.994642],[141.3474342,42.9945113],[141.3475379,42.9944245],[141.3475946,42.9943617],[141.3477134,42.994171],[141.3478431,42.9939419],[141.3479768,42.9936779],[141.3507277,42.9900615],[141.3509423,42.9896723],[141.351071,42.9892642],[141.351114,42.9885736],[141.351114,42.9883161]]}},{"type":"Feature","id":369863502,"properties":{"osm_id":369863502,"bicycle":"designated","foot":"designated","highway":"cycleway","layer":"-1","ref":"814","segregated":"no","tunnel":"yes"},"geometry":{"type":"LineString","coordinates":[[141.3454542,42.9987314],[141.3452775,42.9984731]]}},{"type":"Feature","id":385254167,"properties":{"osm_id":385254167,"bicycle":"yes","bridge":"yes","highway":"cycleway","name":"豊平川右岸CR"},"geometry":{"type":"LineString","coordinates":[[141.3593856,43.0405512],[141.3594799,43.0406764]]}},{"type":"Feature","id":385254168,"properties":{"osm_id":385254168,"bicycle":"yes","highway":"cycleway","name":"豊平川右岸CR"},"geometry":{"type":"LineString","coordinates":[[141.3538315,43.0171298],[141.3537999,43.0174958],[141.353732,43.0180163],[141.3535503,43.0189952],[141.3535467,43.019029],[141.3535478,43.0190614],[141.3535544,43.0191051],[141.3535767,43.0192034],[141.3535806,43.0192385],[141.3535709,43.0192968],[141.3535587,43.0193611],[141.3535325,43.0194961],[141.3535215,43.0195288],[141.3535058,43.019561],[141.3534194,43.0197008],[141.3534042,43.0197331],[141.3533837,43.0197893],[141.3533619,43.0198735],[141.3532307,43.0210824],[141.3532414,43.021757],[141.3533058,43.0220943],[141.3536598,43.023514],[141.3540085,43.0250984],[141.3540323,43.0251911],[141.3542446,43.02602],[141.3544578,43.0269518],[141.3544588,43.0269863],[141.3544553,43.0270413],[141.3544357,43.0273643],[141.3544372,43.0274082],[141.3544413,43.0274508],[141.3544507,43.0274937],[141.3544645,43.0275376],[141.3545989,43.0278431],[141.3547585,43.0281808],[141.3553282,43.0292827],[141.3559558,43.0304199],[141.3561478,43.0309274],[141.3562455,43.0313963],[141.3562869,43.0325622],[141.3562884,43.032604],[141.3563206,43.0335725],[141.3563477,43.0344599],[141.3563528,43.0346273],[141.3564332,43.0351763],[141.356621,43.0358193],[141.3568999,43.0364898],[141.3573506,43.0372975],[141.3579031,43.0383052],[141.3582677,43.0388591],[141.3586931,43.0395054],[141.3587238,43.039552],[141.3592692,43.0403476],[141.3593856,43.0405512]]}},{"type":"Feature","id":385346731,"properties":{"osm_id":385346731,"bicycle":"designated","foot":"designated","highway":"cycleway","segregated":"no","source":"Bing","surface":"asphalt"},"geometry":{"type":"LineString","coordinates":[[141.3637024,43.0499688],[141.3637099,43.0499299],[141.3637909,43.0494873],[141.3642875,43.0494655],[141.3644513,43.0490773]]}},{"type":"Feature","id":385346732,"properties":{"osm_id":385346732,"bicycle":"designated","foot":"designated","highway":"cycleway","segregated":"no","source":"Bing","surface":"asphalt"},"geometry":{"type":"LineString","coordinates":[[141.3650173,43.0512375],[141.3649813,43.0512408],[141.3649459,43.051244],[141.3649324,43.0512452],[141.3647661,43.0512602],[141.3646375,43.0511269],[141.3644188,43.0510421],[141.3643067,43.0509987],[141.3640128,43.0508044],[141.3638566,43.0506729],[141.3638037,43.0504315],[141.3637103,43.0500059],[141.3637024,43.0499688]]}},{"type":"Feature","id":389577066,"properties":{"osm_id":389577066,"bridge":"yes","highway":"cycleway","source":"Bing"},"geometry":{"type":"LineString","coordinates":[[141.3940339,43.044346],[141.3940657,43.0443843]]}},{"type":"Feature","id":389577071,"properties":{"osm_id":389577071,"bicycle":"designated","foot":"designated","highway":"cycleway","source":"Bing"},"geometry":{"type":"LineString","coordinates":[[141.3932562,43.0446577],[141.393413,43.0445558],[141.393804,43.0444144],[141.3941329,43.0442593],[141.3941608,43.04428],[141.3940339,43.044346]]}},{"type":"Feature","id":430958536,"properties":{"osm_id":430958536,"bicycle":"designated","bridge":"yes","foot":"designated","highway":"cycleway","name":"白石こころーど","name:en":"Shiroishi koko-road","name:ja":"白石こころーど","name:ja-Latn":"Shiroishi kokorōdo","ref":"1148","source":"GSImaps/std"},"geometry":{"type":"LineString","coordinates":[[141.4233805,43.0331448],[141.4231292,43.03324]]}},{"type":"Feature","id":431111536,"properties":{"osm_id":431111536,"bridge":"yes","highway":"cycleway"},"geometry":{"type":"LineString","coordinates":[[141.3515753,43.0219195],[141.3516299,43.0219542]]}},{"type":"Feature","id":439619948,"properties":{"osm_id":439619948,"bicycle":"designated","foot":"designated","highway":"cycleway","oneway":"no","segregated":"yes","surface":"asphalt"},"geometry":{"type":"LineString","coordinates":[[141.4974089,43.0719514],[141.4974799,43.071993],[141.4983803,43.0722256],[141.4990507,43.0723988],[141.4992677,43.0724577],[141.4997971,43.0725973],[141.5011157,43.0729407],[141.501175,43.0729548],[141.5012065,43.0729577],[141.5012367,43.0729459]]}},{"type":"Feature","id":445444431,"properties":{"osm_id":445444431,"bicycle":"designated","foot":"designated","highway":"cycleway","oneway":"no","segregated":"yes","surface":"asphalt"},"geometry":{"type":"LineString","coordinates":[[141.5245996,43.0938583],[141.5247868,43.0939908],[141.5255415,43.094515],[141.5255805,43.0945415],[141.5263417,43.0950791],[141.5263757,43.0951252],[141.5264093,43.0951484],[141.5264435,43.0951721],[141.5265322,43.0952122],[141.5269941,43.0955385],[141.5274538,43.09586],[141.5282982,43.0964507]]}},{"type":"Feature","id":453534470,"properties":{"osm_id":453534470,"bicycle":"designated","foot":"designated","highway":"cycleway","segregated":"no","source":"Bing","surface":"asphalt"},"geometry":{"type":"LineString","coordinates":[[141.4570765,43.015139],[141.4571824,43.0148958],[141.45757,43.0147703],[141.4576853,43.0146948],[141.4579951,43.0143506],[141.4582928,43.0140025],[141.4583211,43.0139449],[141.4583612,43.0138632],[141.4583995,43.0137814],[141.458415,43.0137205],[141.4584185,43.0135142]]}},{"type":"Feature","id":455311605,"properties":{"osm_id":455311605,"bicycle":"designated","bridge":"yes","foot":"designated","highway":"cycleway","layer":"1","name":"エルフィンロード","name:en":"Elfin road","name:ja":"エルフィンロード","ref":"1148"},"geometry":{"type":"LineString","coordinates":[[141.5449308,42.9947486],[141.5448577,42.9943891]]}},{"type":"Feature","id":455697309,"properties":{"osm_id":455697309,"highway":"cycleway","layer":"-1","source":"Bing","tunnel":"yes"},"geometry":{"type":"LineString","coordinates":[[141.4780949,43.0242113],[141.4779983,43.024228]]}},{"type":"Feature","id":455697313,"properties":{"osm_id":455697313,"bicycle":"designated","foot":"designated","highway":"cycleway","layer":"-1","name":"陽だまりロード","name:en":"Hidamari road","name:ja":"陽だまりロード","name:ja-Latn":"Hidamari rōdo","ref":"1148","tunnel":"yes"},"geometry":{"type":"LineString","coordinates":[[141.4775936,43.0247722],[141.4774511,43.0248525]]}},{"type":"Feature","id":455697314,"properties":{"osm_id":455697314,"bicycle":"designated","foot":"designated","highway":"cycleway","name":"陽だまりロード","name:en":"Hidamari road","name:ja":"陽だまりロード","name:ja-Latn":"Hidamari rōdo","ref":"1148"},"geometry":{"type":"LineString","coordinates":[[141.483912,43.01901],[141.4838359,43.019447],[141.483746,43.019775],[141.4835464,43.0201234],[141.4832909,43.020481],[141.4828989,43.020898],[141.482692,43.021057],[141.4817059,43.0222569],[141.481264,43.022666],[141.480481,43.0232007],[141.4799874,43.0235328],[141.4797899,43.0236497],[141.4794791,43.0237504],[141.4789701,43.0240225],[141.4788345,43.0240862],[141.478828,43.0241236],[141.4788411,43.0241719],[141.4788709,43.0242828],[141.4788658,43.0243114],[141.4788394,43.0243392],[141.4787459,43.0243959],[141.4787288,43.0244063],[141.4785804,43.0244943],[141.478461,43.0245507],[141.4783061,43.0246365],[141.4781065,43.024737],[141.4780342,43.0247834],[141.4779845,43.0247894],[141.4779369,43.0247803],[141.4777992,43.0247233],[141.4777645,43.0247131],[141.4777098,43.0247203],[141.4775936,43.0247722]]}},{"type":"Feature","id":455712675,"properties":{"osm_id":455712675,"bicycle":"designated","foot":"designated","highway":"cycleway","source":"Bing"},"geometry":{"type":"LineString","coordinates":[[141.4632655,43.0287764],[141.4633463,43.0288215],[141.4639029,43.0288743],[141.463983,43.0288785],[141.4643488,43.0288192],[141.4644259,43.0287826]]}},{"type":"Feature","id":461178182,"properties":{"osm_id":461178182,"bicycle":"designated","foot":"designated","highway":"cycleway","oneway":"no","segregated":"no","surface":"asphalt"},"geometry":{"type":"LineString","coordinates":[[141.5729191,42.9862706],[141.5727224,42.9856954],[141.5725679,42.9852434],[141.5724546,42.9849237],[141.5724141,42.9848094],[141.5723724,42.9846863],[141.5719368,42.9834013],[141.5717873,42.9829605]]}},{"type":"Feature","id":461178183,"properties":{"osm_id":461178183,"bicycle":"designated","foot":"designated","highway":"cycleway","oneway":"no","segregated":"no","surface":"asphalt"},"geometry":{"type":"LineString","coordinates":[[141.5717873,42.9829605],[141.5716293,42.982491],[141.5714178,42.9818623],[141.571355,42.9816759],[141.5711525,42.981074],[141.5709953,42.9806068]]}},{"type":"Feature","id":488868932,"properties":{"osm_id":488868932,"bicycle":"designated","foot":"designated","highway":"cycleway","name":"白石こころーど","name:en":"Shiroishi koko-road","name:ja":"白石こころーど","name:ja-Latn":"nihon romanchikku kaidou","oneway":"yes"},"geometry":{"type":"LineString","coordinates":[[141.4385095,43.0273463],[141.438302,43.0273973],[141.437678,43.0276375],[141.4376196,43.0276599],[141.437262,43.0277799],[141.4367265,43.0280066],[141.4359926,43.0282893],[141.435811,43.0283868]]}},{"type":"Feature","id":489039563,"properties":{"osm_id":489039563,"highway":"cycleway"},"geometry":{"type":"LineString","coordinates":[[141.3540323,43.0251911],[141.3535896,43.0245989],[141.3533308,43.0233781],[141.353222,43.0228079],[141.3531566,43.0221046],[141.3531473,43.0214059],[141.3532103,43.0206941],[141.3533619,43.0198735]]}},{"type":"Feature","id":489215178,"properties":{"osm_id":489215178,"highway":"cycleway"},"geometry":{"type":"LineString","coordinates":[[141.3531394,43.0117855],[141.3528267,43.0114758],[141.3523939,43.0110474],[141.3521407,43.0108071],[141.3519215,43.0106063],[141.3516986,43.0104194],[141.351528,43.0102883],[141.3511901,43.0100487],[141.3506541,43.0097158],[141.3504614,43.0095935],[141.3499355,43.0092476],[141.3493231,43.0088739],[141.3485911,43.0084234],[141.3482191,43.0081967],[141.3479689,43.0080422],[141.3477035,43.0078632],[141.347591,43.007797],[141.3474419,43.0077252]]}},{"type":"Feature","id":489215179,"properties":{"osm_id":489215179,"highway":"cycleway"},"geometry":{"type":"LineString","coordinates":[[141.3480804,43.0083205],[141.3480843,43.0082817],[141.3480917,43.0082518],[141.3481089,43.0082322],[141.3481495,43.0082113],[141.3482191,43.0081967]]}},{"type":"Feature","id":489860022,"properties":{"osm_id":489860022,"bicycle":"designated","foot":"designated","highway":"cycleway","ref":"814","segregated":"no"},"geometry":{"type":"LineString","coordinates":[[141.3452775,42.9984731],[141.3452295,42.9984025],[141.3452228,42.9983656],[141.3452293,42.9983196],[141.3452438,42.9982664],[141.3452793,42.9981974],[141.3453889,42.9980703],[141.3454245,42.9980416]]}},{"type":"Feature","id":489860043,"properties":{"osm_id":489860043,"bicycle":"designated","foot":"designated","highway":"cycleway","ref":"814","segregated":"no"},"geometry":{"type":"LineString","coordinates":[[141.3454245,42.9980416],[141.3454374,42.9979676],[141.3454319,42.997931],[141.3453735,42.997767],[141.3453142,42.997641]]}},{"type":"Feature","id":537023953,"properties":{"osm_id":537023953,"bicycle":"designated","crossing":"traffic_signals","crossing:island":"yes","cycleway":"crossing","foot":"designated","highway":"cycleway","surface":"asphalt","tactile_paving":"no","traffic_signals:sound":"yes"},"geometry":{"type":"LineString","coordinates":[[141.4695385,43.0398817],[141.4694535,43.0398344],[141.4693569,43.0397805],[141.4692777,43.0397364]]}},{"type":"Feature","id":625869830,"properties":{"osm_id":625869830,"bicycle":"designated","bridge":"yes","foot":"designated","highway":"cycleway","name":"陽だまりロード","name:en":"Hidamari road","name:ja":"陽だまりロード","name:ja-Latn":"Hidamari rōdo","ref":"1148"},"geometry":{"type":"LineString","coordinates":[[141.4595604,43.0282554],[141.4588663,43.0281264]]}},{"type":"Feature","id":625869831,"properties":{"osm_id":625869831,"bicycle":"designated","foot":"designated","highway":"cycleway","name":"陽だまりロード","name:en":"Hidamari road","name:ja":"陽だまりロード","name:ja-Latn":"Hidamari rōdo","ref":"1148"},"geometry":{"type":"LineString","coordinates":[[141.4618883,43.0286532],[141.4595604,43.0282554]]}},{"type":"Feature","id":625878521,"properties":{"osm_id":625878521,"bicycle":"designated","bicycle_road":"yes","highway":"cycleway","lanes":"2","maxspeed":"30","vehicle":"no"},"geometry":{"type":"LineString","coordinates":[[141.4754882,43.029108],[141.4758342,43.0291374],[141.475912,43.0289629],[141.4759925,43.0288374],[141.4760971,43.0287041],[141.4762554,43.0285492],[141.4764243,43.0284217],[141.4765638,43.0283296],[141.4767382,43.0282413],[141.4769447,43.028161],[141.4771324,43.0281002],[141.4772826,43.0280668],[141.4774489,43.0280374],[141.477465,43.0277923]]}},{"type":"Feature","id":637040639,"properties":{"osm_id":637040639,"bicycle":"yes","bridge":"yes","foot":"yes","highway":"cycleway","layer":"1","lit":"no","name":"精進川管理橋","surface":"asphalt"},"geometry":{"type":"LineString","coordinates":[[141.3538318,43.0152637],[141.3537993,43.015027]]}},{"type":"Feature","id":637040643,"properties":{"osm_id":637040643,"highway":"cycleway"},"geometry":{"type":"LineString","coordinates":[[141.3537993,43.015027],[141.3537442,43.0147199],[141.3537158,43.0143358],[141.3536395,43.0138731],[141.3535693,43.0134266],[141.3534979,43.0131166],[141.3533893,43.0127883],[141.3532837,43.0125216],[141.3531791,43.0122969],[141.3529932,43.0119608],[141.3528194,43.0116906],[141.3526099,43.0114154],[141.3523503,43.0111098],[141.3521481,43.0109013],[141.3519137,43.0106848],[141.3517003,43.0105032],[141.3514363,43.0102977],[141.3510099,43.010009],[141.3507747,43.0098711],[141.3484602,43.0085406],[141.3480804,43.0083205],[141.3480041,43.00826],[141.3479194,43.0081846],[141.3477409,43.0079818],[141.3476128,43.0078483],[141.3474419,43.0077252],[141.3472047,43.0076237],[141.3471362,43.0075723],[141.3469215,43.0073588],[141.3468206,43.0072461],[141.3467395,43.0071326],[141.346669,43.0070168],[141.3466006,43.0068755],[141.3463794,43.0062768],[141.3462464,43.005913],[141.3460998,43.0055246],[141.3460687,43.0054086],[141.3460639,43.0053385],[141.3461021,43.0050284],[141.3461292,43.0047777],[141.3461059,43.0044571],[141.3460935,43.0043811],[141.3460604,43.0042531],[141.3460082,43.0041126],[141.3459433,43.0039513],[141.345862,43.0037593],[141.3458078,43.0036602],[141.3457043,43.003488],[141.3456565,43.0033821],[141.3455865,43.0030813]]}},{"type":"Feature","id":663994068,"properties":{"osm_id":663994068,"bicycle":"designated","foot":"designated","highway":"cycleway","oneway":"no","segregated":"no","surface":"asphalt"},"geometry":{"type":"LineString","coordinates":[[141.5014353,43.0729871],[141.5014432,43.07301],[141.5014609,43.0730305],[141.5014808,43.0730421],[141.5015131,43.0730505],[141.5017472,43.0731112],[141.5019721,43.0731738],[141.5021492,43.0732283],[141.5022814,43.0732733],[141.5025906,43.0733871],[141.5027134,43.0734363],[141.5028563,43.0734949],[141.5030065,43.0735653],[141.5032074,43.0736639],[141.5034006,43.0737652],[141.5034909,43.0738091],[141.5036458,43.073902],[141.5037333,43.0739565],[141.5037971,43.0740035],[141.5041621,43.0742484],[141.504254,43.0743128]]}},{"type":"Feature","id":668583915,"properties":{"osm_id":668583915,"bicycle":"designated","foot":"designated","highway":"cycleway","oneway":"no","segregated":"yes","surface":"asphalt"},"geometry":{"type":"LineString","coordinates":[[141.4916561,43.0682927],[141.4930169,43.0694178],[141.4937885,43.070058],[141.4944352,43.0705894],[141.4946325,43.0707499],[141.494802,43.0708754],[141.4949594,43.0709833],[141.4951285,43.0710923],[141.495391,43.0712465],[141.4956666,43.0713871],[141.4958172,43.0714583],[141.4959631,43.0715217],[141.496112,43.071582]]}},{"type":"Feature","id":668583918,"properties":{"osm_id":668583918,"bicycle":"designated","foot":"designated","highway":"cycleway","oneway":"no","segregated":"no","surface":"asphalt"},"geometry":{"type":"LineString","coordinates":[[141.4968334,43.0718115],[141.4971625,43.0718951],[141.497304,43.0719222]]}},{"type":"Feature","id":670689414,"properties":{"osm_id":670689414,"bicycle":"designated","foot":"designated","highway":"cycleway","name":"白石こころーど","name:en":"Shiroishi koko-road","name:ja":"白石こころーど","name:ja-Latn":"Shiroishi kokorōdo","ref":"1148","source":"GSImaps/std"},"geometry":{"type":"LineString","coordinates":[[141.4239066,43.0329456],[141.4237545,43.0330032],[141.4235565,43.0330782],[141.4233805,43.0331448]]}},{"type":"Feature","id":670689417,"properties":{"osm_id":670689417,"bicycle":"designated","foot":"designated","highway":"cycleway","incline":"down","name":"白石こころーど","name:en":"Shiroishi koko-road","name:ja":"白石こころーど","name:ja-Latn":"Shiroishi kokorōdo","oneway":"yes"},"geometry":{"type":"LineString","coordinates":[[141.4239066,43.0329456],[141.4240187,43.032944],[141.4240807,43.0329311],[141.4244452,43.032794]]}},{"type":"Feature","id":670689418,"properties":{"osm_id":670689418,"bicycle":"designated","foot":"designated","highway":"cycleway","incline":"up","name":"白石こころーど","name:en":"Shiroishi koko-road","name:ja":"白石こころーど","name:ja-Latn":"Shiroishi kokorōdo","oneway":"yes"},"geometry":{"type":"LineString","coordinates":[[141.4244452,43.032794],[141.4248151,43.0326491],[141.4249531,43.0325495]]}},{"type":"Feature","id":670689420,"properties":{"osm_id":670689420,"bicycle":"designated","foot":"designated","highway":"cycleway","name":"白石こころーど","name:en":"Shiroishi koko-road","name:ja":"白石こころーど","name:ja-Latn":"Shiroishi kokorōdo","oneway":"yes","ref":"1148","source":"GSImaps/std"},"geometry":{"type":"LineString","coordinates":[[141.4249531,43.0325495],[141.4239659,43.0329232],[141.4239066,43.0329456]]}},{"type":"Feature","id":671063847,"properties":{"osm_id":671063847,"bicycle":"designated","foot":"designated","highway":"cycleway","name":"白石こころーど","name:en":"Shiroishi koko-road","name:ja":"白石こころーど","name:ja-Latn":"Shiroishi kokorōdo","oneway":"yes","ref":"1148"},"geometry":{"type":"LineString","coordinates":[[141.4183104,43.0350722],[141.4186507,43.0350089],[141.4198146,43.0345591],[141.4200376,43.0344143]]}},{"type":"Feature","id":671063849,"properties":{"osm_id":671063849,"bicycle":"designated","foot":"designated","highway":"cycleway","name":"白石こころーど","name:en":"Shiroishi koko-road","name:ja":"白石こころーど","name:ja-Latn":"Shiroishi kokorōdo","oneway":"yes","ref":"1148"},"geometry":{"type":"LineString","coordinates":[[141.4200376,43.0344143],[141.4193549,43.0346743],[141.4183104,43.0350722]]}},{"type":"Feature","id":671066875,"properties":{"osm_id":671066875,"bicycle":"designated","foot":"designated","highway":"cycleway","name":"白石こころーど","name:en":"Shiroishi koko-road","name:ja":"白石こころーど","name:ja-Latn":"Shiroishi kokorōdo","oneway":"yes","ref":"1148"},"geometry":{"type":"LineString","coordinates":[[141.4152657,43.0362363],[141.4154168,43.0362348],[141.4157263,43.0361291],[141.4161414,43.0359571],[141.4165602,43.0357945],[141.4166807,43.0357688],[141.4169402,43.0356685],[141.4170762,43.0355423]]}},{"type":"Feature","id":671066877,"properties":{"osm_id":671066877,"bicycle":"designated","foot":"designated","highway":"cycleway","name":"白石こころーど","name:en":"Shiroishi koko-road","name:ja":"白石こころーど","name:ja-Latn":"Shiroishi kokorōdo","oneway":"yes","ref":"1148"},"geometry":{"type":"LineString","coordinates":[[141.4170762,43.0355423],[141.4160923,43.0359195],[141.4152657,43.0362363]]}},{"type":"Feature","id":671066884,"properties":{"osm_id":671066884,"bicycle":"designated","foot":"designated","highway":"cycleway","name":"白石こころーど","name:en":"Shiroishi koko-road","name:ja":"白石こころーど","name:ja-Latn":"Shiroishi kokorōdo","oneway":"yes","ref":"1148"},"geometry":{"type":"LineString","coordinates":[[141.4117913,43.0375634],[141.4119717,43.0375594],[141.4122044,43.0374703],[141.4125195,43.0373496],[141.4128169,43.0372357],[141.413408,43.0370094],[141.4134714,43.0369192]]}},{"type":"Feature","id":671066885,"properties":{"osm_id":671066885,"bicycle":"designated","foot":"designated","highway":"cycleway","incline":"down","name":"白石こころーど","name:en":"Shiroishi kokorōdo","name:ja":"白石こころーど","name:ja-Latn":"Shiroishi koko","ref":"1148"},"geometry":{"type":"LineString","coordinates":[[141.4117913,43.0375634],[141.4111455,43.0378002],[141.4111089,43.0378141],[141.4105363,43.0380271]]}},{"type":"Feature","id":671066886,"properties":{"osm_id":671066886,"bicycle":"designated","foot":"designated","highway":"cycleway","name":"白石こころーど","name:en":"Shiroishi koko-road","name:ja":"白石こころーど","name:ja-Latn":"Shiroishi kokorōdo","oneway":"yes","ref":"1148"},"geometry":{"type":"LineString","coordinates":[[141.4134714,43.0369192],[141.4127848,43.0371793],[141.4121658,43.0374138],[141.4117913,43.0375634]]}},{"type":"Feature","id":671066896,"properties":{"osm_id":671066896,"bicycle":"designated","foot":"designated","highway":"cycleway","name":"白石こころーど","name:en":"Shiroishi koko-road","name:ja":"白石こころーど","name:ja-Latn":"Shiroishi kokorōdo","oneway":"yes","ref":"1148"},"geometry":{"type":"LineString","coordinates":[[141.4066667,43.0397026],[141.4070426,43.039511],[141.4070675,43.039496],[141.4072416,43.0393912],[141.4073444,43.0392536]]}},{"type":"Feature","id":671066897,"properties":{"osm_id":671066897,"bicycle":"designated","foot":"designated","highway":"cycleway","name":"白石こころーど","name:en":"Shiroishi koko-road","name:ja":"白石こころーど","name:ja-Latn":"Shiroishi kokorōdo","oneway":"yes","ref":"1148"},"geometry":{"type":"LineString","coordinates":[[141.4073444,43.0392536],[141.4069854,43.0393902],[141.4069469,43.0394049],[141.4068462,43.0395119],[141.4068358,43.0395229],[141.4066667,43.0397026]]}},{"type":"Feature","id":671066917,"properties":{"osm_id":671066917,"bicycle":"designated","foot":"designated","highway":"cycleway","name":"白石こころーど","name:en":"Shiroishi koko-road","name:ja":"白石こころーど","name:ja-Latn":"Shiroishi kokorōdo","ref":"1148"},"geometry":{"type":"LineString","coordinates":[[141.3994691,43.0422669],[141.3992324,43.0423573],[141.3985247,43.0426217],[141.3982902,43.0427406],[141.3981996,43.0427779],[141.3980913,43.0428198],[141.3979076,43.0428889],[141.3973178,43.0430886],[141.3954517,43.0438013]]}},{"type":"Feature","id":680284732,"properties":{"osm_id":680284732,"bicycle":"designated","crossing":"traffic_signals","crossing:island":"no","crossing:markings":"zebra","cycleway":"crossing","foot":"designated","highway":"cycleway","surface":"asphalt","tactile_paving":"yes"},"geometry":{"type":"LineString","coordinates":[[141.4730457,43.0422353],[141.4729452,43.0421526],[141.4728506,43.0420747],[141.4728143,43.0420448]]}},{"type":"Feature","id":680284733,"properties":{"osm_id":680284733,"bicycle":"designated","foot":"designated","highway":"cycleway","oneway":"no","segregated":"no","surface":"asphalt","tactile_paving":"yes"},"geometry":{"type":"LineString","coordinates":[[141.4724534,43.0417136],[141.4726552,43.0418785],[141.4727592,43.041959],[141.4727723,43.0420102],[141.4728143,43.0420448]]}},{"type":"Feature","id":680284734,"properties":{"osm_id":680284734,"bicycle":"designated","crossing":"traffic_signals","crossing:island":"no","crossing:markings":"zebra","cycleway":"crossing","foot":"designated","highway":"cycleway","surface":"asphalt","tactile_paving":"yes"},"geometry":{"type":"LineString","coordinates":[[141.4726855,43.0418361],[141.4727292,43.041771],[141.4727851,43.0416877]]}},{"type":"Feature","id":680284736,"properties":{"osm_id":680284736,"bicycle":"designated","crossing":"traffic_signals","crossing:island":"no","crossing:markings":"zebra","cycleway":"crossing","foot":"designated","highway":"cycleway","surface":"asphalt","tactile_paving":"yes"},"geometry":{"type":"LineString","coordinates":[[141.4729178,43.041688],[141.4730056,43.041757],[141.4731131,43.0418414],[141.4731699,43.041886]]}},{"type":"Feature","id":689521884,"properties":{"osm_id":689521884,"bicycle":"designated","bridge":"yes","foot":"designated","highway":"cycleway","layer":"1","ref":"814","segregated":"no","surface":"asphalt"},"geometry":{"type":"LineString","coordinates":[[141.3515753,43.0219195],[141.3516299,43.0219542]]}},{"type":"Feature","id":689521885,"properties":{"osm_id":689521885,"bicycle":"designated","foot":"designated","highway":"cycleway","lanes":"2","ref":"814","segregated":"no"},"geometry":{"type":"LineString","coordinates":[[141.3516299,43.0219542],[141.3517153,43.0220108],[141.3517531,43.0220313],[141.351792,43.0220467],[141.3518307,43.0220529],[141.3518699,43.0220497],[141.3519132,43.0220366],[141.3519472,43.0220134],[141.351968,43.0219928],[141.3519796,43.021963],[141.3519848,43.021934],[141.351988,43.0217608],[141.3519936,43.0214354],[141.3519871,43.0214121],[141.3519436,43.021329],[141.3519394,43.0213092],[141.3519379,43.0211717],[141.3519486,43.0211554],[141.3519832,43.0211392],[141.3520043,43.0211222],[141.3520128,43.021094],[141.3520859,43.0203356],[141.352092,43.0203185],[141.3521455,43.0202697],[141.3521549,43.0202448],[141.3521954,43.0199968],[141.3522873,43.0195472],[141.3525142,43.0185402],[141.3525709,43.0181924],[141.3525967,43.0179942],[141.3526174,43.0177317],[141.3526332,43.0172279],[141.352564,43.0152488],[141.3525304,43.0148893],[141.3525168,43.0148293],[141.352474,43.0147139],[141.3524123,43.0145264],[141.3523208,43.0142443],[141.3521643,43.0137456],[141.351995,43.0131978],[141.3519424,43.0130884],[141.3519152,43.013035],[141.3518595,43.0129284],[141.3518207,43.0128671],[141.3516901,43.012711],[141.3515727,43.0125619],[141.3514851,43.0124372],[141.3513029,43.0121628],[141.3510879,43.0118494],[141.3509432,43.0116603],[141.3507254,43.0114011],[141.3506144,43.0112848],[141.3504315,43.0111109],[141.3502835,43.0109655],[141.3499973,43.0106872],[141.3497627,43.0104769],[141.3496714,43.0104044],[141.3493795,43.01022],[141.3491862,43.010104],[141.3490234,43.0100175],[141.3486437,43.0098235],[141.3474355,43.0091802],[141.3472445,43.0090707],[141.3469982,43.0089034],[141.3468171,43.0087785],[141.3466478,43.008647],[141.3463633,43.0084232],[141.34606,43.0081831],[141.3459045,43.0080491],[141.3457803,43.0079234],[141.3456882,43.0078171],[141.3454542,43.0075021],[141.3453643,43.0073713],[141.3452712,43.0072079],[141.3449394,43.0065803],[141.3447355,43.0063369],[141.3445474,43.0061108],[141.3445303,43.0060838],[141.3444762,43.0059229]]}},{"type":"Feature","id":689521886,"properties":{"osm_id":689521886,"bicycle":"designated","foot":"designated","highway":"cycleway","lanes":"2","ref":"814","segregated":"no","surface":"asphalt"},"geometry":{"type":"LineString","coordinates":[[141.3504044,43.0209803],[141.3504501,43.0209575],[141.3505103,43.0210592],[141.3507489,43.0212678],[141.3510007,43.0215045],[141.3511286,43.0216057],[141.3513753,43.0217797],[141.3515753,43.0219195]]}},{"type":"Feature","id":689521887,"properties":{"osm_id":689521887,"bicycle":"designated","bridge":"yes","foot":"designated","highway":"cycleway","lanes":"2","layer":"1","name":"山鼻自転車橋","name:en":"Yamahana bicycle bridge","name:ja":"山鼻自転車橋","name:ja-Hira":"やまはな じてんしゃ ばし","ref":"814","segregated":"no","start_date":"1992-12","surface":"asphalt"},"geometry":{"type":"LineString","coordinates":[[141.3501829,43.0211158],[141.3504044,43.0209803]]}},{"type":"Feature","id":692240751,"properties":{"osm_id":692240751,"highway":"cycleway"},"geometry":{"type":"LineString","coordinates":[[141.4753891,43.0357712],[141.4765943,43.0339271],[141.4770575,43.0332182]]}},{"type":"Feature","id":708759667,"properties":{"osm_id":708759667,"bicycle":"designated","foot":"designated","highway":"cycleway","oneway":"no","segregated":"no","surface":"asphalt"},"geometry":{"type":"LineString","coordinates":[[141.504254,43.0743128],[141.5069866,43.0762162],[141.5083553,43.0771359],[141.5084846,43.0772238]]}},{"type":"Feature","id":708759669,"properties":{"osm_id":708759669,"bicycle":"designated","foot":"designated","highway":"cycleway","motor_vehicle":"no","name":"滝野上野幌自転車道線","oneway":"no","ref":"814","segregated":"no","surface":"asphalt"},"geometry":{"type":"LineString","coordinates":[[141.4842543,43.0606739],[141.4842585,43.0607097],[141.484136,43.0607233],[141.4839197,43.0607391],[141.4835938,43.0607527],[141.4835533,43.0607194],[141.4834167,43.0604791],[141.4832947,43.0605011]]}},{"type":"Feature","id":708759670,"properties":{"osm_id":708759670,"bicycle":"designated","foot":"designated","highway":"cycleway","oneway":"no","segregated":"no","surface":"asphalt"},"geometry":{"type":"LineString","coordinates":[[141.4842585,43.0607097],[141.4842845,43.0608807],[141.4843309,43.0610514],[141.4843876,43.061218],[141.4844374,43.0613829],[141.4844757,43.0614798],[141.4845194,43.0615906],[141.4846422,43.0618493],[141.4849369,43.0624634],[141.4851334,43.062785],[141.4853241,43.0630765],[141.4856809,43.063544],[141.4859821,43.0638778],[141.486361,43.0642522],[141.4865702,43.0644203],[141.487284,43.0650049],[141.4878662,43.06551],[141.4885268,43.0660523],[141.4888433,43.0663219],[141.48895,43.0663979],[141.4891317,43.0665323],[141.4892304,43.0666072],[141.4892579,43.0666433],[141.4892722,43.0666766],[141.4892774,43.0667044],[141.4892742,43.0667377],[141.489279,43.0667711],[141.4893028,43.066799],[141.4893284,43.066823],[141.4893597,43.06684],[141.4894393,43.0668508],[141.4894879,43.0668589],[141.4895294,43.0668802],[141.4898551,43.0671312]]}},{"type":"Feature","id":711259804,"properties":{"osm_id":711259804,"highway":"cycleway"},"geometry":{"type":"LineString","coordinates":[[141.4770575,43.0332182],[141.4770629,43.0331143],[141.4770173,43.0330182],[141.4769663,43.0329477],[141.4764325,43.032481],[141.476454,43.0322634],[141.4764191,43.0320458],[141.4763467,43.0318066]]}},{"type":"Feature","id":718019867,"properties":{"osm_id":718019867,"bicycle":"designated","foot":"designated","highway":"cycleway","oneway":"no","segregated":"yes","surface":"asphalt"},"geometry":{"type":"LineString","coordinates":[[141.4987725,43.0739028],[141.4989105,43.0739512],[141.4990217,43.073984],[141.4991942,43.074025],[141.4996231,43.0740918],[141.499921,43.0741374],[141.5000742,43.0741658],[141.5002047,43.0741958],[141.5002931,43.0742192],[141.5003732,43.0742403],[141.5005932,43.0743064],[141.5009808,43.0744237],[141.5015687,43.0746046],[141.5018676,43.0747049],[141.5022944,43.0748719],[141.5023849,43.0749109],[141.5026959,43.0750449],[141.5028449,43.0751199],[141.5030069,43.0752015],[141.5034043,43.0754243],[141.5037611,43.075644],[141.5038945,43.0757354],[141.5040985,43.0758749],[141.5061805,43.077318],[141.5073447,43.078125],[141.5073836,43.0781678]]}},{"type":"Feature","id":718019868,"properties":{"osm_id":718019868,"bicycle":"designated","bridge":"yes","foot":"designated","highway":"cycleway","layer":"1","oneway":"no","segregated":"yes","surface":"asphalt"},"geometry":{"type":"LineString","coordinates":[[141.4978598,43.0735613],[141.498586,43.0738365],[141.4987725,43.0739028]]}},{"type":"Feature","id":746958276,"properties":{"osm_id":746958276,"bicycle":"designated","foot":"designated","highway":"cycleway","name":"メイプル通"},"geometry":{"type":"LineString","coordinates":[[141.5635865,42.9788646],[141.5636132,42.9781228],[141.5636711,42.9777618],[141.5636132,42.9774453],[141.5636785,42.9760883],[141.5637952,42.9753323],[141.563879,42.9748663],[141.5640544,42.9741116],[141.5641277,42.9741076]]}},{"type":"Feature","id":749116603,"properties":{"osm_id":749116603,"bicycle":"designated","foot":"designated","highway":"cycleway","name":"エルフィンロード","name:en":"Elfin road","name:ja":"エルフィンロード","ref":"1148"},"geometry":{"type":"LineString","coordinates":[[141.5612395,42.9870385],[141.5611733,42.9871107],[141.5608555,42.9874637],[141.5606394,42.9876697],[141.560435,42.9878369]]}},{"type":"Feature","id":749116604,"properties":{"osm_id":749116604,"bicycle":"designated","bridge":"yes","foot":"designated","highway":"cycleway","layer":"1","name":"エルフィンロード","name:en":"Elfin road","name:ja":"エルフィンロード","ref":"1148"},"geometry":{"type":"LineString","coordinates":[[141.5613157,42.9869555],[141.5612395,42.9870385]]}},{"type":"Feature","id":755352622,"properties":{"osm_id":755352622,"bicycle":"designated","foot":"designated","highway":"cycleway","oneway":"no","segregated":"no","surface":"asphalt"},"geometry":{"type":"LineString","coordinates":[[141.5720506,42.9848764],[141.5724141,42.9848094]]}},{"type":"Feature","id":756190251,"properties":{"osm_id":756190251,"bicycle":"designated","foot":"designated","highway":"cycleway","lit":"no","motor_vehicle":"no","name":"エルフィンロード","name:en":"Elfin road","ref":"1148","surface":"asphalt"},"geometry":{"type":"LineString","coordinates":[[141.5611938,42.9622751],[141.5611731,42.9622589],[141.5610255,42.9621437],[141.5608557,42.9620345],[141.5606499,42.9619199],[141.5605185,42.9618591],[141.5597058,42.9611937],[141.5596388,42.9611288],[141.5596227,42.9610307],[141.5596379,42.9609556],[141.5596741,42.9608961],[141.5597202,42.9608355],[141.5597629,42.9607852],[141.5597807,42.9607025],[141.5597758,42.9606394],[141.5597394,42.960555],[141.5595133,42.9602447],[141.5594824,42.9601769],[141.5594841,42.9601149],[141.5595323,42.9594869],[141.5595543,42.9588661],[141.5596916,42.95635],[141.5597392,42.9550304],[141.5597819,42.9544736],[141.5598006,42.9542164],[141.5598017,42.9541014],[141.5597672,42.9540186],[141.5596745,42.9539366],[141.5595669,42.9538971],[141.5577904,42.9535988],[141.5552266,42.9531104],[141.5550105,42.9530691],[141.5549752,42.9530443],[141.554957,42.953007],[141.554973,42.9529097],[141.5552363,42.9513609],[141.5553352,42.9509444],[141.555381,42.9507639],[141.555406,42.9506918],[141.555689,42.9496453],[141.5557016,42.949626],[141.5557215,42.9496188],[141.5557609,42.9496186],[141.5558002,42.9496254],[141.5558471,42.9496335],[141.5562343,42.9497176],[141.5569324,42.9498852],[141.5574566,42.950012],[141.5579487,42.950136],[141.5582209,42.9502083],[141.5585,42.9502795],[141.5585184,42.9502739],[141.5585363,42.9502372],[141.5587145,42.9499107],[141.5590524,42.949282],[141.5591464,42.9491989],[141.5592288,42.9491242],[141.5593345,42.9490349],[141.5594774,42.948932],[141.5596565,42.948852],[141.5598642,42.9487797],[141.5600507,42.9487406],[141.5602229,42.9487279],[141.5604007,42.9487381],[141.5605751,42.948758],[141.5607255,42.9487876],[141.5610271,42.9488441],[141.5615903,42.9489468],[141.5617097,42.9489824],[141.5617785,42.949037],[141.5618416,42.9491603],[141.5618351,42.9492806],[141.56175,42.9493894],[141.5616931,42.9494756],[141.5616927,42.9495946],[141.5617593,42.9496978],[141.561873,42.9497675],[141.5619987,42.9498009],[141.5621189,42.9497919],[141.562242,42.9497815],[141.5624157,42.9497795],[141.5625826,42.9497943],[141.5628813,42.9498176],[141.563759,42.9499296],[141.5645924,42.9500749],[141.5647513,42.9501565],[141.564901,42.9502063],[141.5650639,42.9501987],[141.5651891,42.9501493],[141.5652969,42.9500622],[141.5653379,42.9499373],[141.5652975,42.9498241],[141.5652573,42.9497313],[141.5653659,42.9489156],[141.5654146,42.9488176],[141.5655001,42.9487461],[141.5655824,42.9487137],[141.5658119,42.9486694],[141.5664688,42.9485709],[141.5672582,42.9487124],[141.5674243,42.9487002],[141.5675684,42.9486167],[141.5676491,42.9484911],[141.5676266,42.9483334],[141.5675024,42.9481742],[141.5674553,42.9480335],[141.5674131,42.9478195],[141.5674523,42.9477185],[141.5675484,42.9476325],[141.5676736,42.947574],[141.5691686,42.9475789]]}},{"type":"Feature","id":756231585,"properties":{"osm_id":756231585,"bicycle":"designated","foot":"designated","highway":"cycleway"},"geometry":{"type":"LineString","coordinates":[[141.5629241,42.9787754],[141.5628684,42.9786959],[141.5628578,42.9786142],[141.5627997,42.9785827],[141.5625749,42.9785673]]}},{"type":"Feature","id":757491658,"properties":{"osm_id":757491658,"bicycle":"designated","foot":"designated","highway":"cycleway"},"geometry":{"type":"LineString","coordinates":[[141.5595648,42.9725116],[141.559695,42.9722511],[141.5598956,42.9718446],[141.5600684,42.9715399],[141.5601595,42.9713463],[141.5602245,42.9712083],[141.5598031,42.9708112],[141.559597,42.9705504],[141.5597762,42.9701661],[141.5597849,42.9701476],[141.5604105,42.9687864],[141.5603155,42.9686224],[141.5602218,42.9685741],[141.5600013,42.9684943],[141.5597356,42.968421],[141.5595119,42.9683187],[141.5593712,42.9682897],[141.5591805,42.9682877],[141.5589999,42.9683402],[141.5588821,42.9683745],[141.5587211,42.9684185],[141.5585935,42.9684374],[141.5583571,42.968451],[141.5582378,42.9684549],[141.5578793,42.9684348],[141.5576555,42.9683623],[141.5575432,42.9683039],[141.5572115,42.9682543],[141.5568818,42.968287],[141.556737,42.9682441],[141.5564248,42.9678463],[141.5563247,42.9677188],[141.5562294,42.9676571],[141.5558472,42.9674754],[141.5550001,42.9670747],[141.5548061,42.9669891],[141.5546357,42.9669205],[141.5546289,42.9669028],[141.5546951,42.9667449],[141.5548888,42.966353],[141.5549013,42.9663284],[141.5545108,42.9655258],[141.5541898,42.965344],[141.554071,42.9652767],[141.554035,42.9652563],[141.5539271,42.9651976],[141.5538597,42.9651574]]}},{"type":"Feature","id":771637765,"properties":{"osm_id":771637765,"bicycle":"designated","foot":"designated","highway":"cycleway"},"geometry":{"type":"LineString","coordinates":[[141.5640544,42.9741116],[141.5641143,42.9738808],[141.5641915,42.9738876]]}},{"type":"Feature","id":775117668,"properties":{"osm_id":775117668,"bicycle":"designated","foot":"designated","highway":"cycleway","oneway":"no","segregated":"no","surface":"asphalt"},"geometry":{"type":"LineString","coordinates":[[141.559356,42.9777053],[141.559007,42.9776862]]}},{"type":"Feature","id":807426794,"properties":{"osm_id":807426794,"bicycle":"designated","foot":"designated","highway":"cycleway"},"geometry":{"type":"LineString","coordinates":[[141.4085492,43.1576705],[141.4095344,43.1584792]]}},{"type":"Feature","id":807426795,"properties":{"osm_id":807426795,"bicycle":"designated","foot":"designated","highway":"cycleway"},"geometry":{"type":"LineString","coordinates":[[141.4081443,43.1594028],[141.4095344,43.1584792]]}},{"type":"Feature","id":807426796,"properties":{"osm_id":807426796,"bicycle":"designated","foot":"designated","highway":"cycleway"},"geometry":{"type":"LineString","coordinates":[[141.4095344,43.1584792],[141.4095954,43.1584321],[141.4110738,43.1596153]]}},{"type":"Feature","id":807426797,"properties":{"osm_id":807426797,"bicycle":"designated","foot":"designated","highway":"cycleway"},"geometry":{"type":"LineString","coordinates":[[141.4029756,43.1551481],[141.4028905,43.1551679],[141.400337,43.1552266],[141.3996396,43.1552892],[141.3988027,43.1553084]]}},{"type":"Feature","id":807426798,"properties":{"osm_id":807426798,"bicycle":"designated","foot":"designated","highway":"cycleway"},"geometry":{"type":"LineString","coordinates":[[141.397136,43.1553497],[141.3978159,43.1553338],[141.397903,43.1554483]]}},{"type":"Feature","id":822894522,"properties":{"osm_id":822894522,"bicycle":"designated","foot":"designated","highway":"cycleway","segregated":"no"},"geometry":{"type":"LineString","coordinates":[[141.3638899,43.0484896],[141.3639644,43.0484076],[141.3640618,43.0483162],[141.3640699,43.048279],[141.3640565,43.0482398],[141.3636413,43.0477713]]}},{"type":"Feature","id":860989130,"properties":{"osm_id":860989130,"bicycle":"designated","foot":"designated","highway":"cycleway","name":"エルフィンロード","name:en":"Elfin road","name:ja":"エルフィンロード","ref":"1148"},"geometry":{"type":"LineString","coordinates":[[141.5617744,42.9863353],[141.5616771,42.9864652],[141.5613694,42.986892],[141.5613157,42.9869555]]}},{"type":"Feature","id":945415930,"properties":{"osm_id":945415930,"bicycle":"designated","foot":"designated","highway":"cycleway","lanes":"2","ref":"814","segregated":"no","surface":"asphalt"},"geometry":{"type":"LineString","coordinates":[[141.3557943,43.0376783],[141.3556887,43.0375634],[141.3556423,43.0374969],[141.3556094,43.0374226],[141.3555872,43.0373481],[141.3555771,43.0372686],[141.3556029,43.0366287],[141.3555943,43.0364906],[141.3550965,43.0349913],[141.3550321,43.0347371],[141.3549677,43.0344831],[141.3548819,43.033862],[141.3548303,43.0322385],[141.3548083,43.0315804],[141.354812,43.031523],[141.3548211,43.0314754],[141.3548734,43.0313385],[141.3548901,43.0312677],[141.3548977,43.0312052],[141.3549002,43.031155],[141.3548933,43.0310853],[141.3548801,43.0310162],[141.3548598,43.030952],[141.3545391,43.0301066],[141.3544341,43.0298454],[141.3543906,43.0297505],[141.3543515,43.0296722],[141.3536061,43.0282707],[141.3531375,43.0269453],[141.3530041,43.026571],[141.3528971,43.0262666],[141.3528538,43.0261359],[141.3525778,43.025002],[141.3525596,43.02498],[141.3525376,43.0249665],[141.3525098,43.0249631],[141.3521195,43.0250147],[141.3520879,43.0250107],[141.3520607,43.025002],[141.3520305,43.0249858],[141.3520126,43.0249663],[141.3520035,43.0249504],[141.3519996,43.024906],[141.3519788,43.0246932],[141.3519478,43.0243609],[141.3519245,43.0241566],[141.3519097,43.0237681],[141.3518937,43.0236255],[141.3518582,43.0234435],[141.3518205,43.0232938],[141.3517514,43.0230973],[141.3516655,43.0229109],[141.3515301,43.0226671],[141.3514567,43.0225583],[141.3513551,43.0224257],[141.3513172,43.0223858],[141.3509465,43.0220223],[141.3500725,43.0211794],[141.3501829,43.0211158]]}},{"type":"Feature","id":945415931,"properties":{"osm_id":945415931,"bicycle":"designated","bridge":"yes","foot":"designated","highway":"cycleway","lanes":"2","layer":"1","ref":"814","segregated":"no","surface":"asphalt"},"geometry":{"type":"LineString","coordinates":[[141.3558535,43.0377444],[141.3557943,43.0376783]]}},{"type":"Feature","id":959771014,"properties":{"osm_id":959771014,"bicycle":"designated","foot":"designated","highway":"cycleway","source":"Bing","surface":"asphalt","width":"3"},"geometry":{"type":"LineString","coordinates":[[141.3628853,43.046667],[141.362885,43.0467264],[141.3629588,43.046898],[141.3630535,43.0470352],[141.3632871,43.0472657],[141.3634791,43.047465],[141.3635303,43.0474894],[141.3636148,43.0474951],[141.3637111,43.0475526],[141.3637621,43.0477644]]}},{"type":"Feature","id":964177839,"properties":{"osm_id":964177839,"bicycle":"designated","bridge":"yes","foot":"designated","highway":"cycleway","layer":"2","name":"陽だまりロード","name:en":"Hidamari road","name:ja":"陽だまりロード","name:ja-Latn":"Hidamari rōdo","ref":"1148"},"geometry":{"type":"LineString","coordinates":[[141.4447863,43.0256641],[141.4443015,43.0256796]]}},{"type":"Feature","id":964177840,"properties":{"osm_id":964177840,"bicycle":"designated","foot":"designated","highway":"cycleway","name":"陽だまりロード","name:en":"Hidamari road","name:ja":"陽だまりロード","name:ja-Latn":"Hidamari rōdo","ref":"1148"},"geometry":{"type":"LineString","coordinates":[[141.4516391,43.0268414],[141.4515141,43.0268175],[141.4513719,43.02674],[141.4513267,43.0267249],[141.4509269,43.0266531],[141.4508784,43.0266488],[141.4508301,43.0266492],[141.4507811,43.0266531],[141.450693,43.0266604],[141.4506383,43.0266564],[141.450502,43.0266338],[141.450488,43.0266315]]}},{"type":"Feature","id":964177841,"properties":{"osm_id":964177841,"bicycle":"designated","bridge":"yes","foot":"designated","highway":"cycleway","name":"陽だまりロード","name:en":"Hidamari road","name:ja":"陽だまりロード","name:ja-Latn":"Hidamari rōdo","ref":"1148"},"geometry":{"type":"LineString","coordinates":[[141.4518105,43.0268682],[141.4516391,43.0268414]]}},{"type":"Feature","id":964177842,"properties":{"osm_id":964177842,"bicycle":"designated","foot":"designated","highway":"cycleway","name":"陽だまりロード","name:en":"Hidamari road","name:ja":"陽だまりロード","name:ja-Latn":"Hidamari rōdo","ref":"1148"},"geometry":{"type":"LineString","coordinates":[[141.4468429,43.0259814],[141.4459942,43.0258449],[141.445075,43.0256882],[141.4449026,43.0256622],[141.4447863,43.0256641]]}},{"type":"Feature","id":964177843,"properties":{"osm_id":964177843,"bicycle":"designated","foot":"designated","highway":"cycleway","layer":"-1","name":"陽だまりロード","name:en":"Hidamari road","name:ja":"陽だまりロード","name:ja-Latn":"Hidamari rōdo","ref":"1148","tunnel":"yes"},"geometry":{"type":"LineString","coordinates":[[141.4471259,43.0260265],[141.4468429,43.0259814]]}},{"type":"Feature","id":964190963,"properties":{"osm_id":964190963,"bicycle":"designated","foot":"designated","highway":"cycleway","name":"白石こころーど","name:en":"Shiroishi koko-road","name:ja":"白石こころーど","name:ja-Latn":"Shiroishi kokorōdo","ref":"1148","source":"GSImaps/std","surface":"asphalt"},"geometry":{"type":"LineString","coordinates":[[141.435811,43.0283868],[141.4357541,43.028408],[141.4349169,43.0287289],[141.4347142,43.0288059],[141.4336198,43.0292208],[141.4319212,43.0298786],[141.431797,43.0299267],[141.4293598,43.0308548],[141.4289693,43.0310035],[141.4287845,43.0310755],[141.4286789,43.0311206]]}},{"type":"Feature","id":964190969,"properties":{"osm_id":964190969,"bicycle":"designated","foot":"designated","highway":"cycleway","name":"白石こころーど","name:en":"Shiroishi koko-road","name:ja":"白石こころーど","name:ja-Latn":"Shiroishi kokorōdo","ref":"1148"},"geometry":{"type":"LineString","coordinates":[[141.4183104,43.0350722],[141.4181709,43.0351253],[141.4177419,43.0352889],[141.4176208,43.035335],[141.4172306,43.0354835],[141.4170762,43.0355423]]}},{"type":"Feature","id":964190970,"properties":{"osm_id":964190970,"bicycle":"designated","foot":"designated","highway":"cycleway","name":"白石こころーど","name:en":"Shiroishi koko-road","name:ja":"白石こころーど","name:ja-Latn":"Shiroishi kokorōdo","ref":"1148"},"geometry":{"type":"LineString","coordinates":[[141.4152657,43.0362363],[141.4151378,43.0362853],[141.4149499,43.0363573],[141.4138196,43.0367874],[141.4134714,43.0369192]]}},{"type":"Feature","id":964190972,"properties":{"osm_id":964190972,"bicycle":"designated","foot":"designated","highway":"cycleway","incline":"up","layer":"-1","name":"白石こころーど","name:en":"Shiroishi koko-road","name:ja":"白石こころーど","name:ja-Latn":"Shiroishi kokorōdo","ref":"1148","tunnel":"yes"},"geometry":{"type":"LineString","coordinates":[[141.4105363,43.0380271],[141.4103495,43.038099]]}},{"type":"Feature","id":964190973,"properties":{"osm_id":964190973,"bicycle":"designated","foot":"designated","highway":"cycleway","name":"白石こころーど","name:en":"Shiroishi koko-road","name:ja":"白石こころーど","name:ja-Latn":"Shiroishi kokorōdo","ref":"1148"},"geometry":{"type":"LineString","coordinates":[[141.4083813,43.0388599],[141.4079051,43.0390401],[141.4073781,43.0392407],[141.4073444,43.0392536]]}},{"type":"Feature","id":964190974,"properties":{"osm_id":964190974,"bicycle":"designated","foot":"designated","highway":"cycleway","layer":"-1","name":"白石こころーど","name:en":"Shiroishi koko-road","name:ja":"白石こころーど","name:ja-Latn":"Shiroishi kokorōdo","ref":"1148","tunnel":"yes"},"geometry":{"type":"LineString","coordinates":[[141.4085059,43.0388128],[141.4083813,43.0388599]]}},{"type":"Feature","id":964190978,"properties":{"osm_id":964190978,"bicycle":"designated","foot":"designated","highway":"cycleway","name":"白石こころーど","name:en":"Shiroishi koko-road","name:ja":"白石こころーど","name:ja-Latn":"Shiroishi kokorōdo","oneway":"yes","ref":"1148"},"geometry":{"type":"LineString","coordinates":[[141.3994691,43.0422669],[141.4000249,43.0420547],[141.4001451,43.0420087],[141.4008405,43.0417432]]}},{"type":"Feature","id":964190979,"properties":{"osm_id":964190979,"bicycle":"designated","foot":"designated","highway":"cycleway","name":"白石こころーど","name:en":"Shiroishi koko-road","name:ja":"白石こころーど","name:ja-Latn":"Shiroishi kokorōdo","oneway":"yes","ref":"1148"},"geometry":{"type":"LineString","coordinates":[[141.4008405,43.0417432],[141.4006285,43.0417877],[141.400125,43.0419839],[141.400026,43.0420225],[141.3995443,43.0422103],[141.3994691,43.0422669]]}},{"type":"Feature","id":964207358,"properties":{"osm_id":964207358,"bicycle":"designated","foot":"designated","highway":"cycleway","name":"エルフィンロード","name:en":"Elfin road","name:ja":"エルフィンロード","ref":"1148"},"geometry":{"type":"LineString","coordinates":[[141.5451613,42.9942013],[141.5451996,42.9942871],[141.5451997,42.9943238],[141.5451893,42.9943559],[141.5451705,42.9943836],[141.5451507,42.9944032],[141.5451159,42.9944217],[141.5450796,42.9944325],[141.5447136,42.9944565],[141.544522,42.9944786],[141.5443451,42.9945018],[141.5441691,42.9945318],[141.5439219,42.9945699],[141.543768,42.9945939],[141.5422898,42.9947371],[141.5418602,42.9947777],[141.5412904,42.9948525],[141.5410106,42.9948988],[141.5409315,42.9948964],[141.5408653,42.994884],[141.5408119,42.9948677],[141.5407525,42.9948509],[141.5407159,42.9948385],[141.5406615,42.9948175],[141.5406211,42.9948074],[141.5405752,42.9947943],[141.5405479,42.9947886],[141.5404965,42.9947892],[141.540412,42.994795],[141.5399687,42.9948214],[141.5396072,42.9948503],[141.5394817,42.9948734],[141.538386,42.995243],[141.5377263,42.9955405],[141.53712,42.9957811],[141.5365087,42.9960553],[141.5353402,42.9965549],[141.5352376,42.9965953],[141.5351017,42.9966468],[141.5349648,42.996698],[141.53484,42.9967424],[141.5323436,42.9975262],[141.5322595,42.9975416],[141.532198,42.9975468],[141.5319075,42.9975499],[141.531758,42.9975925],[141.5316327,42.9976541],[141.5313715,42.9978104],[141.5303464,42.998141],[141.5298006,42.9983122],[141.5292344,42.9984837],[141.5292011,42.9984917],[141.5257967,42.9995439],[141.5254458,42.9996198],[141.5250456,42.9996912],[141.5245823,42.9997588],[141.524229,42.9997889],[141.5238009,42.999803],[141.5233653,42.9998072],[141.5230003,42.9997884],[141.5221884,42.9996816],[141.521621,42.9995726]]}},{"type":"Feature","id":964207359,"properties":{"osm_id":964207359,"bicycle":"designated","foot":"designated","highway":"cycleway","layer":"-1","name":"エルフィンロード","name:en":"Elfin road","name:ja":"エルフィンロード","ref":"1148","tunnel":"yes"},"geometry":{"type":"LineString","coordinates":[[141.521621,42.9995726],[141.5209721,42.9993952]]}},{"type":"Feature","id":964252768,"properties":{"osm_id":964252768,"bicycle":"designated","foot":"designated","highway":"cycleway"},"geometry":{"type":"LineString","coordinates":[[141.4435115,43.0257957],[141.4432943,43.0258031],[141.4432097,43.0258092],[141.4428135,43.0258746],[141.4424371,43.0259623],[141.4420937,43.0260548],[141.4418999,43.0260718]]}},{"type":"Feature","id":964252770,"properties":{"osm_id":964252770,"bicycle":"designated","foot":"designated","highway":"cycleway"},"geometry":{"type":"LineString","coordinates":[[141.435811,43.0283868],[141.4357541,43.028408],[141.4356682,43.0283853],[141.4348187,43.0286481]]}},{"type":"Feature","id":964252771,"properties":{"osm_id":964252771,"bicycle":"destination","foot":"destination","highway":"cycleway"},"geometry":{"type":"LineString","coordinates":[[141.437262,43.0277799],[141.437292,43.027815],[141.4372876,43.0279563]]}},{"type":"Feature","id":964252772,"properties":{"osm_id":964252772,"bicycle":"destination","foot":"destination","highway":"cycleway"},"geometry":{"type":"LineString","coordinates":[[141.4372876,43.0279563],[141.4373461,43.0280402]]}},{"type":"Feature","id":964252775,"properties":{"osm_id":964252775,"bicycle":"designated","foot":"designated","highway":"cycleway","name":"白石こころーど","name:en":"Shiroishi koko-road","name:ja":"白石こころーど","name:ja-Latn":"Shiroishi kokorōdo","oneway":"yes","ref":"1148","source":"GSImaps/std"},"geometry":{"type":"LineString","coordinates":[[141.435811,43.0283868],[141.4367341,43.0280349],[141.436742,43.0280319],[141.4368046,43.0280079],[141.437292,43.027815],[141.4376394,43.027686],[141.438325,43.0274226],[141.4385095,43.0273463]]}},{"type":"Feature","id":964262165,"properties":{"osm_id":964262165,"bicycle":"use_sidepath","foot":"designated","highway":"cycleway"},"geometry":{"type":"LineString","coordinates":[[141.4445733,43.0257538],[141.4449495,43.0257648],[141.4454011,43.0258118],[141.4458897,43.0258679],[141.4459942,43.0258449]]}},{"type":"Feature","id":966633735,"properties":{"osm_id":966633735,"bicycle":"designated","crossing":"traffic_signals","crossing:island":"no","crossing:markings":"zebra","cycleway":"crossing","foot":"designated","highway":"cycleway","surface":"asphalt","tactile_paving":"yes","traffic_signals:sound":"yes"},"geometry":{"type":"LineString","coordinates":[[141.4696724,43.039679],[141.4696761,43.0397981],[141.4696791,43.0398722]]}},{"type":"Feature","id":966633736,"properties":{"osm_id":966633736,"bicycle":"designated","crossing":"traffic_signals","cycleway":"crossing","foot":"designated","highway":"cycleway","surface":"asphalt"},"geometry":{"type":"LineString","coordinates":[[141.4693069,43.0394175],[141.4694244,43.0394794],[141.4695246,43.0395312],[141.4695778,43.0395593]]}},{"type":"Feature","id":966633737,"properties":{"osm_id":966633737,"bicycle":"designated","crossing":"traffic_signals","crossing:island":"no","crossing:markings":"zebra","cycleway":"crossing","foot":"designated","highway":"cycleway","surface":"asphalt","tactile_paving":"yes"},"geometry":{"type":"LineString","coordinates":[[141.4692168,43.0396178],[141.4691963,43.0395215],[141.469175,43.0394096]]}},{"type":"Feature","id":966633739,"properties":{"osm_id":966633739,"bicycle":"designated","foot":"designated","highway":"cycleway","oneway":"no","segregated":"no","surface":"asphalt","tactile_paving":"yes"},"geometry":{"type":"LineString","coordinates":[[141.4695385,43.0398817],[141.4695806,43.0399047],[141.4696806,43.0399065],[141.4698129,43.0399802],[141.4698779,43.0400294],[141.470127,43.0401694],[141.4702198,43.0402125],[141.4702777,43.0402463]]}},{"type":"Feature","id":971649822,"properties":{"osm_id":971649822,"bicycle":"designated","foot":"designated","highway":"cycleway","oneway":"no","segregated":"no","surface":"asphalt"},"geometry":{"type":"LineString","coordinates":[[141.4692777,43.0397364],[141.4692703,43.0397108],[141.469257,43.0396868],[141.4692271,43.039666],[141.4691662,43.0396342]]}},{"type":"Feature","id":971649825,"properties":{"osm_id":971649825,"bicycle":"designated","crossing":"traffic_signals","crossing:island":"no","crossing:markings":"zebra","cycleway":"crossing","foot":"designated","highway":"cycleway","surface":"asphalt","tactile_paving":"yes"},"geometry":{"type":"LineString","coordinates":[[141.4654928,43.037612],[141.4654938,43.0375204],[141.4654948,43.0374235]]}},{"type":"Feature","id":971649826,"properties":{"osm_id":971649826,"bicycle":"designated","crossing":"traffic_signals","cycleway":"crossing","foot":"designated","highway":"cycleway","surface":"asphalt"},"geometry":{"type":"LineString","coordinates":[[141.4652469,43.0375397],[141.4653877,43.037624]]}},{"type":"Feature","id":971649827,"properties":{"osm_id":971649827,"bicycle":"designated","foot":"designated","highway":"cycleway","oneway":"no","segregated":"no","surface":"asphalt"},"geometry":{"type":"LineString","coordinates":[[141.4674736,43.0387338],[141.4675599,43.0387705],[141.4676293,43.038807]]}},{"type":"Feature","id":971649833,"properties":{"osm_id":971649833,"bicycle":"designated","crossing":"traffic_signals","crossing:island":"no","crossing:markings":"zebra","cycleway":"crossing","foot":"designated","highway":"cycleway","surface":"asphalt","tactile_paving":"yes"},"geometry":{"type":"LineString","coordinates":[[141.4675894,43.0387368],[141.4676379,43.0386815],[141.4676977,43.0386134]]}},{"type":"Feature","id":971649834,"properties":{"osm_id":971649834,"bicycle":"designated","foot":"designated","highway":"cycleway","oneway":"no","segregated":"no","surface":"asphalt"},"geometry":{"type":"LineString","coordinates":[[141.4674954,43.0384354],[141.4674679,43.0384402],[141.467427,43.038433],[141.4673788,43.0384084],[141.4672508,43.0383348]]}},{"type":"Feature","id":971649835,"properties":{"osm_id":971649835,"bicycle":"designated","crossing":"traffic_signals","crossing:island":"no","crossing:markings":"zebra","cycleway":"crossing","foot":"designated","highway":"cycleway","surface":"asphalt","tactile_paving":"yes"},"geometry":{"type":"LineString","coordinates":[[141.4672851,43.0385729],[141.4673176,43.0385159],[141.4673651,43.0384323]]}},{"type":"Feature","id":971649838,"properties":{"osm_id":971649838,"bicycle":"designated","crossing":"traffic_signals","cycleway":"crossing","foot":"designated","highway":"cycleway","surface":"asphalt"},"geometry":{"type":"LineString","coordinates":[[141.4653471,43.0372622],[141.4652637,43.0372175]]}},{"type":"Feature","id":974503756,"properties":{"osm_id":974503756,"bicycle":"designated","foot":"designated","highway":"cycleway"},"geometry":{"type":"LineString","coordinates":[[141.4538241,43.0272714],[141.4549131,43.0274476],[141.4550122,43.0274203]]}},{"type":"Feature","id":977755523,"properties":{"osm_id":977755523,"bicycle":"designated","foot":"designated","highway":"cycleway","ref":"814","segregated":"no"},"geometry":{"type":"LineString","coordinates":[[141.3456035,42.9988564],[141.3455656,42.9988331],[141.3454967,42.9987909],[141.3454542,42.9987314]]}},{"type":"Feature","id":978102415,"properties":{"osm_id":978102415,"bicycle":"designated","foot":"designated","highway":"cycleway","ref":"814","segregated":"no"},"geometry":{"type":"LineString","coordinates":[[141.3446397,43.0009216],[141.3446119,43.0008712],[141.3445578,43.0007952],[141.344487,43.0007078],[141.3444003,43.0006212],[141.3443632,43.0005524],[141.3443091,43.0004057],[141.3442732,43.0003194],[141.3442392,43.0002188],[141.3442058,43.0001403],[141.3441985,43.0000836],[141.3442029,43.0000166],[141.3442179,42.999924],[141.3442466,42.9997799],[141.3442613,42.9996299],[141.3442863,42.9994826],[141.3443296,42.9993717],[141.3444538,42.9991102],[141.3445051,42.9990311],[141.3445407,42.9990031],[141.3445845,42.9989872],[141.3451399,42.99893],[141.34519,42.998911],[141.3452309,42.998886],[141.3452607,42.9988808],[141.3453119,42.9988809],[141.3454745,42.9989262],[141.3455262,42.9989248],[141.3455567,42.9989097],[141.3456035,42.9988564]]}},{"type":"Feature","id":978102416,"properties":{"osm_id":978102416,"bicycle":"designated","foot":"designated","highway":"cycleway","layer":"-1","ref":"814","segregated":"no","tunnel":"yes"},"geometry":{"type":"LineString","coordinates":[[141.3446672,43.000984],[141.3446397,43.0009216]]}},{"type":"Feature","id":978102417,"properties":{"osm_id":978102417,"highway":"cycleway"},"geometry":{"type":"LineString","coordinates":[[141.3445899,43.0009614],[141.3445647,43.00092],[141.3445375,43.0008753],[141.3444833,43.000787],[141.3444415,43.0007069],[141.3444003,43.0006212]]}},{"type":"Feature","id":985091247,"properties":{"osm_id":985091247,"bicycle":"designated","foot":"designated","highway":"cycleway","oneway":"no","segregated":"no","surface":"asphalt"},"geometry":{"type":"LineString","coordinates":[[141.4672664,43.0386059],[141.4673414,43.0386634]]}},{"type":"Feature","id":985091248,"properties":{"osm_id":985091248,"foot":"no","highway":"cycleway","oneway":"no","surface":"asphalt"},"geometry":{"type":"LineString","coordinates":[[141.4654924,43.0376487],[141.4655436,43.0376676],[141.4659525,43.0378878],[141.4659705,43.0378975],[141.4659872,43.0379065],[141.466534,43.0382008]]}},{"type":"Feature","id":985091249,"properties":{"osm_id":985091249,"highway":"cycleway","surface":"asphalt"},"geometry":{"type":"LineString","coordinates":[[141.4691662,43.0396342],[141.4691259,43.0395981],[141.468909,43.0394813],[141.467685,43.038822],[141.4676293,43.038807]]}},{"type":"Feature","id":986537345,"properties":{"osm_id":986537345,"highway":"cycleway","oneway":"no","surface":"paved"},"geometry":{"type":"LineString","coordinates":[[141.4664607,43.0379164],[141.4672115,43.0383213],[141.4672508,43.0383348]]}},{"type":"Feature","id":1040692378,"properties":{"osm_id":1040692378,"highway":"cycleway"},"geometry":{"type":"LineString","coordinates":[[141.3398647,43.1544604],[141.3389918,43.1538005]]}},{"type":"Feature","id":1040692379,"properties":{"osm_id":1040692379,"highway":"cycleway","layer":"-1","tunnel":"yes"},"geometry":{"type":"LineString","coordinates":[[141.3389918,43.1538005],[141.3386867,43.1536549]]}},{"type":"Feature","id":1058722243,"properties":{"osm_id":1058722243,"bicycle":"designated","foot":"designated","highway":"cycleway","segregated":"yes"},"geometry":{"type":"LineString","coordinates":[[141.5445951,42.961716],[141.5444736,42.9619513],[141.5443025,42.9623221],[141.5440074,42.9634554]]}},{"type":"Feature","id":1058722244,"properties":{"osm_id":1058722244,"bicycle":"designated","foot":"designated","highway":"cycleway","segregated":"no"},"geometry":{"type":"LineString","coordinates":[[141.5466393,42.9615094],[141.5457039,42.9617412],[141.5453499,42.9618247],[141.5451975,42.9618556],[141.545055,42.961853],[141.5445951,42.961716]]}},{"type":"Feature","id":1058722245,"properties":{"osm_id":1058722245,"bicycle":"designated","foot":"designated","highway":"cycleway","segregated":"no"},"geometry":{"type":"LineString","coordinates":[[141.5504899,42.9632451],[141.5504444,42.9631919],[141.550357,42.9631491]]}},{"type":"Feature","id":1083143303,"properties":{"osm_id":1083143303,"bicycle":"designated","foot":"designated","highway":"cycleway","lanes":"2","ref":"814","segregated":"no","surface":"asphalt"},"geometry":{"type":"LineString","coordinates":[[141.3610233,43.05363],[141.3608021,43.0533251],[141.3607006,43.0530723],[141.3601495,43.0515377],[141.360057,43.05128],[141.3600138,43.0511598],[141.3599134,43.0508906],[141.3598649,43.0507559],[141.3597664,43.0504824],[141.3595818,43.0499699],[141.3595767,43.0499561],[141.3594766,43.0496863],[141.359439,43.0496008],[141.3592556,43.0492568],[141.3592344,43.049217],[141.359239,43.0491619],[141.3592637,43.0490713],[141.3592928,43.0490292],[141.3593533,43.0489663],[141.3597284,43.0487558],[141.3599021,43.0486574],[141.3599924,43.0485979],[141.3600324,43.0485564],[141.3600458,43.048535],[141.3600601,43.0485122],[141.3600719,43.0484769],[141.3600753,43.0483966],[141.3600523,43.0483259],[141.3598086,43.0475938],[141.3595511,43.0470293],[141.3594567,43.0464961],[141.3594138,43.0463079],[141.3590312,43.0457145],[141.3589245,43.045549],[141.3589233,43.0455126],[141.3589182,43.0453601],[141.3589466,43.0450593],[141.3589292,43.0448621],[141.3588652,43.0444335],[141.3588178,43.044379],[141.3588122,43.0443233],[141.3587647,43.0439674],[141.3587572,43.0438656],[141.3587644,43.0438085],[141.3587937,43.0437559],[141.3588454,43.0436916],[141.3588606,43.0436726],[141.3589208,43.0436134],[141.3590085,43.0435243],[141.3590382,43.0434654],[141.3590339,43.0434049],[141.3590285,43.0433746],[141.3590191,43.0433201],[141.3589324,43.0428028],[141.3588629,43.0425752],[141.3586754,43.0421987],[141.3583136,43.0414992],[141.3580807,43.0410488],[141.3580117,43.0409319],[141.3579324,43.0408667],[141.357906,43.0408554],[141.3577259,43.0407785],[141.3576665,43.0407331],[141.3576009,43.0406608],[141.3573614,43.0401568],[141.3571746,43.0397639],[141.3570589,43.0395098],[141.3569526,43.0392853],[141.3568802,43.0391345],[141.3567128,43.0388249],[141.3565129,43.0385249],[141.3563757,43.0383445],[141.3562812,43.0382258],[141.356075,43.0379837],[141.3558535,43.0377444]]}},{"type":"Feature","id":1096445630,"properties":{"osm_id":1096445630,"highway":"cycleway"},"geometry":{"type":"LineString","coordinates":[[141.4468504,43.1506949],[141.4468983,43.1507434],[141.4469825,43.1507828]]}},{"type":"Feature","id":1118324077,"properties":{"osm_id":1118324077,"highway":"cycleway","name":"真駒内茨戸東雁来自転車道線"},"geometry":{"type":"LineString","coordinates":[[141.2891422,43.1364846],[141.2896948,43.1368099],[141.2948339,43.1384617],[141.2955956,43.1387514],[141.296116,43.1390332],[141.2974785,43.1397848],[141.2978514,43.1399282],[141.2981437,43.140094],[141.2984441,43.1401762],[141.2987821,43.1401684],[141.2999891,43.1400588],[141.3004665,43.1400862],[141.30096,43.1402075],[141.3013624,43.1404228],[141.3022291,43.1408769],[141.3025333,43.1409957]]}},{"type":"Feature","id":1120747050,"properties":{"osm_id":1120747050,"highway":"cycleway"},"geometry":{"type":"LineString","coordinates":[[141.3257736,43.1474698],[141.3258443,43.1474572],[141.3259784,43.1474728]]}},{"type":"Feature","id":1120747051,"properties":{"osm_id":1120747051,"bridge":"yes","highway":"cycleway","layer":"1"},"geometry":{"type":"LineString","coordinates":[[141.3256655,43.1474891],[141.3257736,43.1474698]]}},{"type":"Feature","id":1138381302,"properties":{"osm_id":1138381302,"bicycle":"designated","foot":"designated","highway":"cycleway","ref":"814","segregated":"no"},"geometry":{"type":"LineString","coordinates":[[141.3508856,42.9876063],[141.3508779,42.987518],[141.3508383,42.9874131],[141.3506959,42.9872268],[141.3504782,42.9872806],[141.3503877,42.987203],[141.3502287,42.9870573],[141.3501087,42.9869658],[141.3499955,42.9868764],[141.3498013,42.9867473],[141.3495287,42.9865773],[141.3494074,42.986496],[141.3492743,42.9863557],[141.349168,42.9862052],[141.3490904,42.9860708],[141.3490054,42.9859021],[141.348758,42.9851686],[141.3484512,42.9844325],[141.3484021,42.9842728],[141.3483941,42.9840772],[141.3484268,42.9839188],[141.3485115,42.9837551],[141.3489353,42.9832728],[141.3489876,42.9832229],[141.3490738,42.9831673],[141.3491142,42.9830852],[141.3492156,42.9829515],[141.3494188,42.9826879],[141.3494956,42.9825796],[141.3495512,42.9824824],[141.3496039,42.9823748],[141.3496348,42.9822849],[141.3496673,42.9821836],[141.3496859,42.9820886],[141.3496861,42.9820142],[141.3496831,42.9819392],[141.3496656,42.9818507],[141.3496399,42.9817696],[141.3496085,42.9816957],[141.3494975,42.9815836],[141.3493677,42.9814911],[141.3493119,42.9814445],[141.34925,42.9813862],[141.3481157,42.9804148],[141.3480361,42.9803163],[141.347934,42.9801961],[141.3478136,42.9800734],[141.347694,42.9799571],[141.3475982,42.9798481],[141.3475229,42.9797705],[141.3474378,42.9796536],[141.3473899,42.9795618],[141.347344,42.979434],[141.34731,42.9793259],[141.3472943,42.9792523],[141.3472903,42.9791771],[141.3472805,42.979074],[141.3472899,42.9789795],[141.3473181,42.9788002],[141.3473438,42.9785513],[141.3473443,42.9784909],[141.3473165,42.9784076],[141.3472795,42.9783394],[141.3472169,42.9782528],[141.3471713,42.9781823],[141.3471175,42.9781203],[141.3470619,42.9780648],[141.3468588,42.9778753],[141.3468047,42.9778244],[141.3467727,42.9777946],[141.3467381,42.9777576],[141.3467075,42.9776733],[141.3464525,42.9770432],[141.346325,42.9767221],[141.3462721,42.9765786],[141.3462009,42.9764197],[141.3461645,42.9763461],[141.3461461,42.9762984],[141.3461134,42.9761896],[141.3460962,42.9761336],[141.3460779,42.9760574],[141.3459846,42.9754855],[141.3459713,42.9753262]]}},{"type":"Feature","id":1138381305,"properties":{"osm_id":1138381305,"bicycle":"designated","foot":"designated","highway":"cycleway","ref":"814","segregated":"no"},"geometry":{"type":"LineString","coordinates":[[141.345967,42.9751657],[141.3459667,42.9751277],[141.3459732,42.9750926],[141.3460152,42.975023],[141.3460656,42.974959],[141.3461502,42.9748746],[141.3462197,42.9747915],[141.3462672,42.9747094],[141.3462587,42.9746233],[141.3462212,42.9745579],[141.3461662,42.9744794],[141.3460785,42.974331]]}},{"type":"Feature","id":1138381307,"properties":{"osm_id":1138381307,"bicycle":"designated","foot":"designated","highway":"cycleway","layer":"-1","ref":"814","segregated":"no","tunnel":"yes"},"geometry":{"type":"LineString","coordinates":[[141.3459713,42.9753262],[141.345967,42.9751657]]}},{"type":"Feature","id":1138535682,"properties":{"osm_id":1138535682,"bicycle":"designated","foot":"designated","highway":"cycleway","ref":"814","segregated":"no"},"geometry":{"type":"LineString","coordinates":[[141.5003119,43.0229235],[141.4997648,43.0230619],[141.4990566,43.0232449],[141.4982368,43.0234152],[141.49787,43.0234531],[141.4975032,43.0234909],[141.4966575,43.0235162],[141.4960448,43.0235729],[141.4955721,43.0236514]]}},{"type":"Feature","id":1138535684,"properties":{"osm_id":1138535684,"foot":"yes","highway":"cycleway"},"geometry":{"type":"LineString","coordinates":[[141.502159,43.0283751],[141.5022532,43.0282019]]}},{"type":"Feature","id":1138535686,"properties":{"osm_id":1138535686,"bicycle":"designated","foot":"designated","highway":"cycleway","oneway":"no","segregated":"yes","surface":"asphalt"},"geometry":{"type":"LineString","coordinates":[[141.4845274,43.060629],[141.4844868,43.0604234],[141.4844356,43.0600956],[141.4844238,43.0600603],[141.4843826,43.0596112],[141.4843756,43.0595235],[141.4843685,43.0593626],[141.4843779,43.0589849],[141.4844014,43.0586924],[141.4844054,43.058663],[141.4844191,43.0585637],[141.4844462,43.0584962],[141.4844674,43.0583439],[141.4844686,43.0583155],[141.4844832,43.0582438],[141.4845122,43.0581052],[141.4845817,43.0578691],[141.4848103,43.0571999],[141.4849308,43.0568577],[141.4850646,43.0565003],[141.4851775,43.0561812],[141.4852619,43.055955],[141.4853845,43.0555968],[141.4855022,43.0552738],[141.4855402,43.0551539],[141.4855693,43.055034],[141.4856145,43.0548251],[141.4856455,43.0547371],[141.4856606,43.0546577],[141.4856651,43.0546228],[141.4856673,43.0545971]]}},{"type":"Feature","id":1138535693,"properties":{"osm_id":1138535693,"bicycle":"yes","foot":"yes","highway":"cycleway","lanes":"2","surface":"asphalt"},"geometry":{"type":"LineString","coordinates":[[141.4423397,43.100799],[141.4418278,43.1001964],[141.4416616,43.1000595],[141.4413097,43.0999405],[141.4411724,43.0998841],[141.4410093,43.0997525],[141.4402883,43.0989001],[141.4401682,43.0987623],[141.4399965,43.0985053],[141.4398077,43.0983674],[141.4376877,43.0960046]]}},{"type":"Feature","id":1138535694,"properties":{"osm_id":1138535694,"bicycle":"designated","foot":"designated","highway":"cycleway"},"geometry":{"type":"LineString","coordinates":[[141.3452228,42.9983656],[141.3451744,42.9983552],[141.3451045,42.9983175],[141.3450606,42.9982683],[141.3450396,42.9982214],[141.3450298,42.9981827],[141.3450374,42.9981282],[141.3452606,42.9978006],[141.3453032,42.9977202],[141.3453142,42.997641]]}},{"type":"Feature","id":1158480216,"properties":{"osm_id":1158480216,"bicycle":"designated","crossing":"uncontrolled","crossing:island":"no","crossing:markings":"yes","cycleway":"crossing","foot":"designated","highway":"cycleway","surface":"asphalt","tactile_paving":"yes"},"geometry":{"type":"LineString","coordinates":[[141.4964449,43.0729379],[141.4965894,43.0729767],[141.4966566,43.0729947]]}},{"type":"Feature","id":1158480217,"properties":{"osm_id":1158480217,"bicycle":"designated","foot":"designated","highway":"cycleway","oneway":"no","segregated":"yes","surface":"asphalt"},"geometry":{"type":"LineString","coordinates":[[141.4966566,43.0729947],[141.4966926,43.0730154],[141.4970126,43.0731135]]}},{"type":"Feature","id":1158480218,"properties":{"osm_id":1158480218,"bicycle":"designated","crossing":"uncontrolled","crossing:island":"no","crossing:markings":"yes","cycleway":"crossing","foot":"designated","highway":"cycleway","surface":"asphalt","tactile_paving":"yes"},"geometry":{"type":"LineString","coordinates":[[141.4970126,43.0731135],[141.4970896,43.0731409],[141.4971581,43.0731654]]}},{"type":"Feature","id":1158480219,"properties":{"osm_id":1158480219,"bicycle":"designated","crossing":"traffic_signals","crossing:island":"no","crossing:markings":"yes","cycleway":"crossing","foot":"designated","highway":"cycleway","surface":"asphalt","tactile_paving":"yes"},"geometry":{"type":"LineString","coordinates":[[141.4962875,43.073027],[141.4963212,43.0729712],[141.4963561,43.0729134]]}},{"type":"Feature","id":1158480220,"properties":{"osm_id":1158480220,"bicycle":"designated","crossing":"uncontrolled","crossing:island":"no","crossing:markings":"yes","cycleway":"crossing","foot":"designated","highway":"cycleway","surface":"asphalt","tactile_paving":"yes"},"geometry":{"type":"LineString","coordinates":[[141.497147,43.0733049],[141.49718,43.0732521],[141.4972183,43.0731911]]}},{"type":"Feature","id":1158480221,"properties":{"osm_id":1158480221,"bicycle":"designated","foot":"designated","highway":"cycleway","oneway":"no","segregated":"yes","surface":"asphalt"},"geometry":{"type":"LineString","coordinates":[[141.4971581,43.0731654],[141.4972183,43.0731911],[141.4975743,43.0733172],[141.4979255,43.0734484]]}},{"type":"Feature","id":1162733645,"properties":{"osm_id":1162733645,"bicycle":"designated","foot":"designated","highway":"cycleway","name":"白石こころーど","name:en":"Shiroishi koko-road","name:ja":"白石こころーど","name:ja-Latn":"Shiroishi kokorōdo","ref":"1148","source":"GSImaps/std","surface":"asphalt"},"geometry":{"type":"LineString","coordinates":[[141.4283526,43.0312588],[141.4266049,43.0319241],[141.4261407,43.0320999],[141.4259654,43.0321667],[141.4255432,43.0323261],[141.4249531,43.0325495]]}},{"type":"Feature","id":1162733646,"properties":{"osm_id":1162733646,"bicycle":"designated","foot":"designated","highway":"cycleway","layer":"-1","name":"白石こころーど","name:en":"Shiroishi koko-road","name:ja":"白石こころーど","name:ja-Latn":"Shiroishi kokorōdo","ref":"1148","source":"GSImaps/std","surface":"asphalt","tunnel":"yes"},"geometry":{"type":"LineString","coordinates":[[141.4286789,43.0311206],[141.4283526,43.0312588]]}},{"type":"Feature","id":1175795282,"properties":{"osm_id":1175795282,"bicycle":"designated","bridge":"yes","foot":"designated","highway":"cycleway","incline":"down","layer":"1","surface":"asphalt"},"geometry":{"type":"LineString","coordinates":[[141.3954517,43.0438013],[141.3953831,43.0438668],[141.395021,43.0440089]]}},{"type":"Feature","id":1175795283,"properties":{"osm_id":1175795283,"bicycle":"designated","foot":"designated","highway":"cycleway","incline":"down","segregated":"no","surface":"asphalt"},"geometry":{"type":"LineString","coordinates":[[141.395021,43.0440089],[141.3946443,43.04417]]}},{"type":"Feature","id":1215196033,"properties":{"osm_id":1215196033,"bicycle":"designated","foot":"designated","highway":"cycleway","oneway":"no","segregated":"yes","surface":"asphalt"},"geometry":{"type":"LineString","coordinates":[[141.5691844,42.9806459],[141.5691209,42.9806624],[141.5687172,42.9806526],[141.5683471,42.9806251],[141.5680091,42.9805859],[141.5677704,42.9805506],[141.5673673,42.9804861],[141.565748,42.9802268]]}},{"type":"Feature","id":1233455056,"properties":{"osm_id":1233455056,"bicycle":"designated","foot":"designated","highway":"cycleway","oneway":"no","segregated":"yes","surface":"asphalt"},"geometry":{"type":"LineString","coordinates":[[141.5656959,42.9803391],[141.5673512,42.9806036],[141.5679873,42.9807071],[141.5683352,42.9807433],[141.5687469,42.9807678],[141.5689501,42.9807742],[141.5691342,42.9807747],[141.5691766,42.9808102]]}},{"type":"Feature","id":1233467038,"properties":{"osm_id":1233467038,"bicycle":"designated","crossing":"traffic_signals","cycleway":"crossing","foot":"designated","highway":"cycleway","surface":"asphalt"},"geometry":{"type":"LineString","coordinates":[[141.5691342,42.9807747],[141.5691278,42.980721],[141.5691209,42.9806624]]}},{"type":"Feature","id":1233467039,"properties":{"osm_id":1233467039,"bicycle":"designated","crossing":"traffic_signals","cycleway":"crossing","foot":"designated","highway":"cycleway","surface":"asphalt"},"geometry":{"type":"LineString","coordinates":[[141.5691766,42.9808102],[141.569241,42.9808083],[141.5693116,42.9808063]]}},{"type":"Feature","id":1233467040,"properties":{"osm_id":1233467040,"bicycle":"designated","crossing":"traffic_signals","cycleway":"crossing","foot":"designated","highway":"cycleway","surface":"asphalt"},"geometry":{"type":"LineString","coordinates":[[141.5691844,42.9806459],[141.5692268,42.9806448],[141.5692972,42.9806431]]}},{"type":"Feature","id":1273743972,"properties":{"osm_id":1273743972,"bicycle":"designated","foot":"designated","highway":"cycleway","name":"エルフィンロード","name:en":"Elfin road","name:ja":"エルフィンロード","ref":"1148"},"geometry":{"type":"LineString","coordinates":[[141.5448577,42.9943891],[141.5448428,42.9942986]]}},{"type":"Feature","id":1273743973,"properties":{"osm_id":1273743973,"highway":"cycleway","name":"エルフィンロード"},"geometry":{"type":"LineString","coordinates":[[141.5451613,42.9942013],[141.5450676,42.9940536],[141.5450333,42.9940089],[141.5450103,42.9939924],[141.5449688,42.9939748],[141.5449176,42.9939629],[141.5448724,42.9939619],[141.544818,42.9939722],[141.5447715,42.9939925],[141.5447335,42.9940203],[141.5447126,42.9940474]]}},{"type":"Feature","id":1273743974,"properties":{"osm_id":1273743974,"highway":"cycleway","name":"エルフィンロード"},"geometry":{"type":"LineString","coordinates":[[141.5447126,42.9940474],[141.5447042,42.9940799],[141.5447069,42.994105],[141.5447125,42.9941402],[141.544729,42.9941688],[141.5447671,42.9942027],[141.5448117,42.9942361],[141.5448335,42.9942674],[141.5448428,42.9942986]]}},{"type":"Feature","id":1285071327,"properties":{"osm_id":1285071327,"access":"no","bicycle":"designated","foot":"designated","highway":"cycleway","length":"150","motor_vehicle":"no","operator":"札幌市","ref":"814","surface":"asphalt","width":"3"},"geometry":{"type":"LineString","coordinates":[[141.3444762,43.0059229],[141.3445359,43.0059115]]}},{"type":"Feature","id":1303234228,"properties":{"osm_id":1303234228,"bicycle":"designated","foot":"designated","highway":"cycleway","name":"陽だまりロード","name:en":"Hidamari road","name:ja":"陽だまりロード","name:ja-Latn":"Hidamari rōdo","ref":"1148"},"geometry":{"type":"LineString","coordinates":[[141.4502746,43.0265927],[141.4502518,43.0265889],[141.4502188,43.0265833]]}},{"type":"Feature","id":1327566004,"properties":{"osm_id":1327566004,"bicycle":"designated","foot":"designated","highway":"cycleway","oneway":"no","segregated":"no","surface":"asphalt","tactile_paving":"yes"},"geometry":{"type":"LineString","coordinates":[[141.4250556,43.1012715],[141.4250492,43.1012633],[141.425038,43.1012491],[141.4249487,43.1011359],[141.4249237,43.1011105],[141.4248405,43.1010504],[141.4247147,43.1008733],[141.4247064,43.100835],[141.424703,43.1008191],[141.4245202,43.1005988],[141.4244674,43.100547],[141.4244263,43.1005067],[141.4243818,43.1004607],[141.4243243,43.1003867],[141.4242342,43.1002709],[141.424134,43.100142],[141.4240641,43.1000548],[141.4239883,43.0999603],[141.4239714,43.0999182],[141.4239482,43.0998607],[141.4238812,43.0997677],[141.4238777,43.0997043]]}},{"type":"Feature","id":1327566005,"properties":{"osm_id":1327566005,"bicycle":"designated","crossing":"unmarked","crossing:markings":"yes","cycleway":"crossing","foot":"designated","highway":"cycleway","surface":"asphalt"},"geometry":{"type":"LineString","coordinates":[[141.4238777,43.0997043],[141.4238316,43.0996489],[141.4237748,43.0995805]]}},{"type":"Feature","id":1327566007,"properties":{"osm_id":1327566007,"bicycle":"designated","foot":"designated","highway":"cycleway","oneway":"no","segregated":"no","surface":"asphalt"},"geometry":{"type":"LineString","coordinates":[[141.4237748,43.0995805],[141.4237047,43.0995451],[141.423537,43.0993287],[141.423521,43.0993073]]}},{"type":"Feature","id":1327566008,"properties":{"osm_id":1327566008,"bicycle":"designated","foot":"designated","highway":"cycleway","oneway":"no","segregated":"no","surface":"asphalt"},"geometry":{"type":"LineString","coordinates":[[141.4227076,43.0982615],[141.4226984,43.0982475],[141.4226596,43.0982015],[141.4226362,43.0981854],[141.4226066,43.0981694],[141.4225816,43.0981547],[141.42256,43.0981358],[141.4224771,43.0980283],[141.4223692,43.0978885],[141.4224327,43.0978623],[141.4224554,43.097853]]}},{"type":"Feature","id":1327566009,"properties":{"osm_id":1327566009,"bicycle":"designated","crossing":"unmarked","crossing:markings":"yes","cycleway":"crossing","foot":"designated","highway":"cycleway","surface":"asphalt"},"geometry":{"type":"LineString","coordinates":[[141.4227457,43.0983141],[141.4227294,43.0982924],[141.4227076,43.0982615]]}},{"type":"Feature","id":1327566011,"properties":{"osm_id":1327566011,"bicycle":"designated","crossing":"unmarked","crossing:markings":"yes","cycleway":"crossing","foot":"designated","highway":"cycleway","surface":"asphalt"},"geometry":{"type":"LineString","coordinates":[[141.423521,43.0993073],[141.4235003,43.0992799],[141.4234779,43.099253]]}},{"type":"Feature","id":1327566012,"properties":{"osm_id":1327566012,"bicycle":"designated","crossing":"unmarked","crossing:island":"no","crossing:markings":"yes","cycleway":"crossing","foot":"designated","highway":"cycleway","surface":"asphalt","tactile_paving":"no"},"geometry":{"type":"LineString","coordinates":[[141.4225228,43.0978256],[141.4224992,43.097835],[141.4224554,43.097853]]}},{"type":"Feature","id":1327566013,"properties":{"osm_id":1327566013,"bicycle":"designated","foot":"designated","highway":"cycleway","oneway":"no","segregated":"no","surface":"asphalt"},"geometry":{"type":"LineString","coordinates":[[141.4241803,43.0971469],[141.4241351,43.097174],[141.4238292,43.0972976],[141.4238009,43.0973091]]}},{"type":"Feature","id":1327566014,"properties":{"osm_id":1327566014,"bicycle":"designated","crossing":"unmarked","crossing:island":"no","crossing:markings":"yes","cycleway":"crossing","foot":"designated","highway":"cycleway","surface":"asphalt","tactile_paving":"no"},"geometry":{"type":"LineString","coordinates":[[141.4238009,43.0973091],[141.4237677,43.0973225],[141.4237356,43.0973354]]}},{"type":"Feature","id":1327566016,"properties":{"osm_id":1327566016,"bicycle":"designated","button_operated":"yes","crossing":"unmarked","crossing:island":"no","crossing:markings":"yes","cycleway":"crossing","foot":"designated","highway":"cycleway","surface":"asphalt","tactile_paving":"no","traffic_signals:sound":"no","traffic_signals:vibration":"no"},"geometry":{"type":"LineString","coordinates":[[141.4241803,43.0971469],[141.4242788,43.0971117],[141.424369,43.0970794]]}},{"type":"Feature","id":1327566017,"properties":{"osm_id":1327566017,"bicycle":"designated","foot":"designated","highway":"cycleway","oneway":"no","segregated":"no","surface":"asphalt"},"geometry":{"type":"LineString","coordinates":[[141.424369,43.0970794],[141.4243862,43.0970725],[141.4244672,43.0970398],[141.4247155,43.0969394],[141.4247731,43.0969161]]}},{"type":"Feature","id":1327566019,"properties":{"osm_id":1327566019,"bicycle":"designated","crossing":"unmarked","crossing:island":"no","crossing:markings":"yes","cycleway":"crossing","foot":"designated","highway":"cycleway","surface":"asphalt","tactile_paving":"no"},"geometry":{"type":"LineString","coordinates":[[141.4247731,43.0969161],[141.4248018,43.0969045],[141.4248295,43.0968933]]}},{"type":"Feature","id":1327566020,"properties":{"osm_id":1327566020,"bicycle":"designated","crossing":"unmarked","crossing:island":"no","crossing:markings":"yes","cycleway":"crossing","foot":"designated","highway":"cycleway","surface":"asphalt","tactile_paving":"no"},"geometry":{"type":"LineString","coordinates":[[141.4252401,43.0967274],[141.4252671,43.0967165],[141.4252984,43.0967039]]}},{"type":"Feature","id":1327566021,"properties":{"osm_id":1327566021,"bicycle":"designated","foot":"designated","highway":"cycleway","oneway":"no","segregated":"no","surface":"asphalt"},"geometry":{"type":"LineString","coordinates":[[141.4252984,43.0967039],[141.4253435,43.0966642],[141.4254101,43.0966356],[141.4254642,43.09661],[141.4255275,43.0965869],[141.4256059,43.0965741],[141.4256797,43.0965515],[141.4257244,43.0965333],[141.4257671,43.0965108],[141.4258437,43.0964621],[141.4259224,43.0964226],[141.4259975,43.0963966],[141.4260687,43.0963689],[141.4261373,43.0963671]]}},{"type":"Feature","id":1327566024,"properties":{"osm_id":1327566024,"bicycle":"designated","crossing":"unmarked","crossing:markings":"yes","cycleway":"crossing","foot":"designated","highway":"cycleway","surface":"asphalt"},"geometry":{"type":"LineString","coordinates":[[141.4261373,43.0963671],[141.426161,43.0963575],[141.4261957,43.0963435]]}},{"type":"Feature","id":1327566026,"properties":{"osm_id":1327566026,"foot":"yes","highway":"cycleway","surface":"asphalt"},"geometry":{"type":"LineString","coordinates":[[141.4273368,43.0958788],[141.4273898,43.0958556],[141.4274447,43.0958288]]}},{"type":"Feature","id":1327566029,"properties":{"osm_id":1327566029,"bicycle":"designated","crossing":"unmarked","crossing:markings":"yes","cycleway":"crossing","foot":"designated","highway":"cycleway","surface":"asphalt"},"geometry":{"type":"LineString","coordinates":[[141.4272672,43.0959095],[141.427301,43.0958946],[141.4273368,43.0958788]]}},{"type":"Feature","id":1327566030,"properties":{"osm_id":1327566030,"bicycle":"designated","crossing":"unmarked","crossing:markings":"no","cycleway":"crossing","foot":"designated","highway":"cycleway","surface":"asphalt"},"geometry":{"type":"LineString","coordinates":[[141.4250902,43.1013158],[141.4250709,43.101291],[141.4250556,43.1012715]]}},{"type":"Feature","id":1327566032,"properties":{"osm_id":1327566032,"bicycle":"designated","foot":"designated","highway":"cycleway","oneway":"no","segregated":"no","surface":"asphalt","tactile_paving":"no"},"geometry":{"type":"LineString","coordinates":[[141.4255183,43.1018642],[141.4254974,43.1018375],[141.4251104,43.1013417],[141.4250902,43.1013158]]}},{"type":"Feature","id":1327566034,"properties":{"osm_id":1327566034,"bicycle":"designated","crossing":"unmarked","crossing:markings":"yes","cycleway":"crossing","foot":"designated","highway":"cycleway","surface":"asphalt"},"geometry":{"type":"LineString","coordinates":[[141.4255506,43.1019057],[141.4255377,43.101889],[141.4255183,43.1018642]]}},{"type":"Feature","id":1327566035,"properties":{"osm_id":1327566035,"bicycle":"designated","crossing":"unmarked","crossing:markings":"yes","cycleway":"crossing","foot":"designated","highway":"cycleway","surface":"asphalt"},"geometry":{"type":"LineString","coordinates":[[141.4260591,43.1025571],[141.4260387,43.1025309],[141.4260194,43.1025062]]}},{"type":"Feature","id":1327566046,"properties":{"osm_id":1327566046,"bicycle":"designated","foot":"designated","highway":"cycleway","oneway":"no","segregated":"no","surface":"asphalt"},"geometry":{"type":"LineString","coordinates":[[141.4273483,43.1020756],[141.4273917,43.1020557],[141.4276341,43.1019545],[141.4277318,43.1019266],[141.4277694,43.1019159]]}},{"type":"Feature","id":1327566047,"properties":{"osm_id":1327566047,"bicycle":"designated","crossing":"unmarked","crossing:markings":"yes","cycleway":"crossing","foot":"designated","highway":"cycleway","surface":"asphalt"},"geometry":{"type":"LineString","coordinates":[[141.4273483,43.1020756],[141.427306,43.1020923],[141.4272688,43.102107]]}},{"type":"Feature","id":1327566050,"properties":{"osm_id":1327566050,"bicycle":"designated","foot":"designated","highway":"cycleway","oneway":"no","segregated":"no","surface":"asphalt"},"geometry":{"type":"LineString","coordinates":[[141.4283681,43.1016544],[141.428394,43.1016437],[141.4295373,43.1011711],[141.4295691,43.1011579]]}},{"type":"Feature","id":1327566051,"properties":{"osm_id":1327566051,"bicycle":"designated","bridge":"yes","foot":"designated","highway":"cycleway","layer":"1","oneway":"no","segregated":"no","surface":"asphalt"},"geometry":{"type":"LineString","coordinates":[[141.4314392,43.1003517],[141.4316793,43.1002514]]}},{"type":"Feature","id":1327566052,"properties":{"osm_id":1327566052,"bicycle":"designated","foot":"designated","highway":"cycleway","oneway":"no","segregated":"no","surface":"asphalt"},"geometry":{"type":"LineString","coordinates":[[141.4313173,43.1004145],[141.4313943,43.1003704],[141.4314392,43.1003517]]}},{"type":"Feature","id":1327566053,"properties":{"osm_id":1327566053,"bicycle":"designated","crossing":"unmarked","crossing:island":"no","crossing:markings":"no","cycleway":"crossing","foot":"designated","highway":"cycleway","oneway":"no","surface":"asphalt","tactile_paving":"yes"},"geometry":{"type":"LineString","coordinates":[[141.4313173,43.1004145],[141.4312715,43.1003644],[141.4312245,43.1003132],[141.4311697,43.1003364],[141.4311171,43.1003588],[141.4311618,43.1004098],[141.4312066,43.1004609],[141.431259,43.100439],[141.4313173,43.1004145]]}},{"type":"Feature","id":1327566054,"properties":{"osm_id":1327566054,"bicycle":"designated","foot":"designated","highway":"cycleway","oneway":"no","segregated":"no","surface":"asphalt","tactile_paving":"yes"},"geometry":{"type":"LineString","coordinates":[[141.430835,43.1006346],[141.4308661,43.1006217],[141.4311378,43.1005094],[141.4312066,43.1004609]]}},{"type":"Feature","id":1327566057,"properties":{"osm_id":1327566057,"bicycle":"designated","foot":"designated","highway":"cycleway","oneway":"no","segregated":"no","surface":"asphalt"},"geometry":{"type":"LineString","coordinates":[[141.4296483,43.1011252],[141.4296657,43.101118],[141.4296935,43.1011065],[141.4299603,43.1009962],[141.4307343,43.1006762],[141.4307689,43.1006619]]}},{"type":"Feature","id":1327566058,"properties":{"osm_id":1327566058,"bicycle":"designated","crossing":"unmarked","crossing:markings":"yes","cycleway":"crossing","foot":"designated","highway":"cycleway","surface":"asphalt"},"geometry":{"type":"LineString","coordinates":[[141.4307689,43.1006619],[141.4308016,43.1006484],[141.430835,43.1006346]]}},{"type":"Feature","id":1327566061,"properties":{"osm_id":1327566061,"bicycle":"designated","crossing":"unmarked","crossing:markings":"yes","cycleway":"crossing","foot":"designated","highway":"cycleway","surface":"asphalt"},"geometry":{"type":"LineString","coordinates":[[141.4295691,43.1011579],[141.429606,43.1011427],[141.4296483,43.1011252]]}},{"type":"Feature","id":1327566073,"properties":{"osm_id":1327566073,"bicycle":"designated","bridge":"yes","foot":"designated","highway":"cycleway","layer":"1","oneway":"no","segregated":"no","surface":"asphalt"},"geometry":{"type":"LineString","coordinates":[[141.4313702,43.100268],[141.4316088,43.1001696]]}},{"type":"Feature","id":1327566076,"properties":{"osm_id":1327566076,"bicycle":"designated","button_operated":"yes","crossing":"traffic_signals","crossing:island":"no","crossing:markings":"yes","cycleway":"crossing","foot":"designated","highway":"cycleway","surface":"asphalt","tactile_paving":"no","traffic_signals:vibration":"no"},"geometry":{"type":"LineString","coordinates":[[141.4277694,43.1019159],[141.4278227,43.1018961],[141.4278909,43.1018699]]}},{"type":"Feature","id":1327566077,"properties":{"osm_id":1327566077,"bicycle":"designated","foot":"designated","highway":"cycleway","oneway":"no","segregated":"no","surface":"asphalt"},"geometry":{"type":"LineString","coordinates":[[141.4278909,43.1018699],[141.4279258,43.101848],[141.427975,43.101817],[141.4282691,43.1016954],[141.4283027,43.1016815]]}},{"type":"Feature","id":1327566082,"properties":{"osm_id":1327566082,"bicycle":"designated","crossing":"unmarked","crossing:markings":"yes","cycleway":"crossing","foot":"designated","highway":"cycleway","surface":"asphalt"},"geometry":{"type":"LineString","coordinates":[[141.4283027,43.1016815],[141.4283282,43.101671],[141.4283681,43.1016544]]}},{"type":"Feature","id":1327716173,"properties":{"osm_id":1327716173,"bicycle":"designated","crossing":"traffic_signals","crossing:island":"no","crossing:markings":"zebra","cycleway":"crossing","foot":"designated","highway":"cycleway","surface":"asphalt","tactile_paving":"yes"},"geometry":{"type":"LineString","coordinates":[[141.524398,43.0933615],[141.5244388,43.093406],[141.5244932,43.0934655]]}},{"type":"Feature","id":1327716174,"properties":{"osm_id":1327716174,"bicycle":"designated","foot":"designated","highway":"cycleway","oneway":"no","segregated":"no","surface":"asphalt"},"geometry":{"type":"LineString","coordinates":[[141.5242337,43.0933398],[141.5242404,43.0933346],[141.5243333,43.0933502],[141.5243837,43.0933459],[141.524398,43.0933615]]}},{"type":"Feature","id":1327716175,"properties":{"osm_id":1327716175,"bicycle":"designated","crossing":"traffic_signals","crossing:island":"no","crossing:markings":"zebra","cycleway":"crossing","foot":"designated","highway":"cycleway","surface":"asphalt","tactile_paving":"yes"},"geometry":{"type":"LineString","coordinates":[[141.5240764,43.0934667],[141.5241385,43.0934117],[141.5242337,43.0933398]]}},{"type":"Feature","id":1327716176,"properties":{"osm_id":1327716176,"bicycle":"designated","foot":"designated","highway":"cycleway","oneway":"no","segregated":"no","surface":"asphalt"},"geometry":{"type":"LineString","coordinates":[[141.5240756,43.093519],[141.5240626,43.0934789],[141.5240764,43.0934667]]}},{"type":"Feature","id":1327716177,"properties":{"osm_id":1327716177,"bicycle":"designated","button_operated":"no","crossing":"traffic_signals","crossing:island":"no","crossing:markings":"zebra","cycleway":"crossing","foot":"designated","highway":"cycleway","surface":"asphalt","tactile_paving":"yes","traffic_signals:vibration":"no"},"geometry":{"type":"LineString","coordinates":[[141.5241443,43.0935983],[141.5241151,43.0935645],[141.5240756,43.093519]]}},{"type":"Feature","id":1328472894,"properties":{"osm_id":1328472894,"bicycle":"designated","foot":"designated","highway":"cycleway","source":"Bing"},"geometry":{"type":"LineString","coordinates":[[141.3530822,43.175439],[141.353716,43.1754963],[141.3539896,43.1755276],[141.3542036,43.1755655],[141.3543973,43.1756371],[141.354577,43.1757447],[141.355888,43.1767528],[141.3563311,43.1771041],[141.3565243,43.177288],[141.356999,43.1781486],[141.3574577,43.1790933],[141.3580746,43.1803569]]}},{"type":"Feature","id":1350320243,"properties":{"osm_id":1350320243,"bicycle":"designated","foot":"designated","highway":"cycleway","oneway":"no","segregated":"no","source":"GSImaps/seamless","surface":"asphalt"},"geometry":{"type":"LineString","coordinates":[[141.4206456,43.0881727],[141.4206879,43.0881975],[141.4209267,43.0883811],[141.4211762,43.088528],[141.4213532,43.0886789],[141.4215007,43.0888258],[141.4221069,43.0894722],[141.4230886,43.0905231],[141.4232522,43.09067],[141.4232728,43.0906856]]}},{"type":"Feature","id":1350320244,"properties":{"osm_id":1350320244,"bicycle":"designated","foot":"designated","highway":"cycleway","oneway":"no","segregated":"no","source":"GSImaps/seamless","surface":"asphalt"},"geometry":{"type":"LineString","coordinates":[[141.4178781,43.0865484],[141.418026,43.0866489],[141.418098,43.0866932],[141.4182289,43.086765],[141.418562,43.0869604],[141.418895,43.0871602],[141.4198055,43.0876926],[141.420448,43.0880579],[141.4204826,43.0880779]]}},{"type":"Feature","id":1350320245,"properties":{"osm_id":1350320245,"bicycle":"designated","foot":"designated","highway":"cycleway","oneway":"no","segregated":"no","source":"GSImaps/seamless","surface":"asphalt"},"geometry":{"type":"LineString","coordinates":[[141.4176511,43.0866923],[141.4176766,43.0867048],[141.4179023,43.0868001],[141.4180222,43.0868622],[141.4181926,43.0869596],[141.4183395,43.0870474],[141.4188128,43.0873348],[141.4194277,43.0876998],[141.4201623,43.0881804],[141.4201998,43.0882049]]}},{"type":"Feature","id":1350320246,"properties":{"osm_id":1350320246,"bicycle":"designated","foot":"designated","highway":"cycleway","oneway":"no","segregated":"no","source":"GSImaps/seamless","surface":"asphalt"},"geometry":{"type":"LineString","coordinates":[[141.4230258,43.0908059],[141.423046,43.0908303],[141.4232106,43.0909794],[141.4235795,43.0913712],[141.4239764,43.091806],[141.4243546,43.0922428],[141.4251083,43.0931154],[141.42517,43.0931928],[141.4252371,43.0932545],[141.4253309,43.093418],[141.4253859,43.093465],[141.4254731,43.0935708],[141.4255136,43.0936321],[141.425517,43.093654]]}},{"type":"Feature","id":1350320247,"properties":{"osm_id":1350320247,"bicycle":"designated","foot":"designated","highway":"cycleway","oneway":"no","segregated":"no","source":"GSImaps/seamless","surface":"asphalt"},"geometry":{"type":"LineString","coordinates":[[141.4233716,43.0907843],[141.4233887,43.090811],[141.4235017,43.0909922],[141.4237498,43.0912556],[141.4241306,43.0916532],[141.4243399,43.0919167],[141.4247422,43.0923721],[141.4250426,43.0926923],[141.4253309,43.0930194],[141.4254677,43.0931673],[141.4255509,43.093231],[141.4256179,43.0932976],[141.4256595,43.0933642],[141.4257292,43.0934425],[141.4259653,43.0937098],[141.4260422,43.0938033]]}},{"type":"Feature","id":1350320248,"properties":{"osm_id":1350320248,"bicycle":"designated","foot":"designated","highway":"cycleway","oneway":"no","segregated":"no","source":"GSImaps/seamless","surface":"asphalt"},"geometry":{"type":"LineString","coordinates":[[141.4203455,43.0882889],[141.4203958,43.0883138],[141.4205164,43.0883733],[141.4208087,43.0885339],[141.4210314,43.088675],[141.4211977,43.0888199],[141.4215651,43.0891921],[141.4228553,43.0905985],[141.4229162,43.0906833],[141.4229369,43.0907057]]}},{"type":"Feature","id":1350510050,"properties":{"osm_id":1350510050,"bicycle":"designated","foot":"designated","highway":"cycleway","oneway":"no","segregated":"no","surface":"asphalt"},"geometry":{"type":"LineString","coordinates":[[141.4656646,43.0374833],[141.4654951,43.037391],[141.4654061,43.0373413],[141.4653837,43.0373247],[141.4653702,43.037303],[141.4653706,43.0372748]]}},{"type":"Feature","id":1350510051,"properties":{"osm_id":1350510051,"bicycle":"designated","foot":"designated","highway":"cycleway","oneway":"no","segregated":"no","surface":"asphalt"},"geometry":{"type":"LineString","coordinates":[[141.4653877,43.037624],[141.4654239,43.0376456],[141.4654582,43.0376425],[141.4654924,43.0376487]]}},{"type":"Feature","id":1350510052,"properties":{"osm_id":1350510052,"bicycle":"designated","crossing:island":"no","foot":"designated","highway":"cycleway","oneway":"no","segregated":"no","surface":"asphalt","tactile_paving":"no"},"geometry":{"type":"LineString","coordinates":[[141.4654948,43.0374235],[141.4654951,43.037391]]}},{"type":"Feature","id":1350510053,"properties":{"osm_id":1350510053,"bicycle":"designated","crossing:island":"no","foot":"designated","highway":"cycleway","oneway":"no","segregated":"no","surface":"asphalt","tactile_paving":"no"},"geometry":{"type":"LineString","coordinates":[[141.4654924,43.0376487],[141.4654928,43.037612]]}},{"type":"Feature","id":1350510054,"properties":{"osm_id":1350510054,"bicycle":"designated","foot":"designated","highway":"cycleway","oneway":"no","segregated":"no","surface":"asphalt"},"geometry":{"type":"LineString","coordinates":[[141.4653706,43.0372748],[141.4653471,43.0372622]]}},{"type":"Feature","id":1350510059,"properties":{"osm_id":1350510059,"foot":"no","highway":"cycleway","oneway":"no","surface":"asphalt"},"geometry":{"type":"LineString","coordinates":[[141.4665973,43.0382348],[141.4672083,43.0385638],[141.4672664,43.0386059]]}},{"type":"Feature","id":1350510060,"properties":{"osm_id":1350510060,"crossing":"unmarked","crossing:markings":"no","cycleway":"crossing","foot":"no","highway":"cycleway","oneway":"no","surface":"asphalt"},"geometry":{"type":"LineString","coordinates":[[141.466534,43.0382008],[141.4665587,43.0382141],[141.4665973,43.0382348]]}},{"type":"Feature","id":1350510061,"properties":{"osm_id":1350510061,"highway":"cycleway","oneway":"no","surface":"paved"},"geometry":{"type":"LineString","coordinates":[[141.4656646,43.0374833],[141.4656996,43.0375059],[141.4663878,43.037877]]}},{"type":"Feature","id":1350510062,"properties":{"osm_id":1350510062,"crossing":"unmarked","crossing:markings":"no","cycleway":"crossing","highway":"cycleway","oneway":"no","surface":"paved"},"geometry":{"type":"LineString","coordinates":[[141.4663878,43.037877],[141.4664268,43.0378981],[141.4664607,43.0379164]]}},{"type":"Feature","id":1350510063,"properties":{"osm_id":1350510063,"bicycle":"designated","foot":"designated","highway":"cycleway","oneway":"no","segregated":"no","surface":"asphalt"},"geometry":{"type":"LineString","coordinates":[[141.4675219,43.0384498],[141.4674954,43.0384354]]}},{"type":"Feature","id":1350510064,"properties":{"osm_id":1350510064,"bicycle":"designated","foot":"designated","highway":"cycleway","oneway":"no","segregated":"no","surface":"asphalt"},"geometry":{"type":"LineString","coordinates":[[141.4676547,43.0385219],[141.4676351,43.0385113]]}},{"type":"Feature","id":1350510065,"properties":{"osm_id":1350510065,"bicycle":"designated","foot":"designated","highway":"cycleway","oneway":"no","segregated":"no","surface":"asphalt"},"geometry":{"type":"LineString","coordinates":[[141.4673651,43.0384323],[141.4673788,43.0384084]]}},{"type":"Feature","id":1350510066,"properties":{"osm_id":1350510066,"bicycle":"designated","foot":"designated","highway":"cycleway","oneway":"no","segregated":"no","surface":"asphalt"},"geometry":{"type":"LineString","coordinates":[[141.4672664,43.0386059],[141.4672851,43.0385729]]}},{"type":"Feature","id":1350510067,"properties":{"osm_id":1350510067,"bicycle":"designated","foot":"designated","highway":"cycleway","oneway":"no","segregated":"no","surface":"asphalt"},"geometry":{"type":"LineString","coordinates":[[141.4675599,43.0387705],[141.4675894,43.0387368]]}},{"type":"Feature","id":1350510068,"properties":{"osm_id":1350510068,"bicycle":"designated","foot":"designated","highway":"cycleway","oneway":"no","segregated":"no","surface":"asphalt"},"geometry":{"type":"LineString","coordinates":[[141.4676977,43.0386134],[141.4677179,43.0385903]]}},{"type":"Feature","id":1350510069,"properties":{"osm_id":1350510069,"bicycle":"designated","foot":"designated","footway:surface":"asphalt","highway":"cycleway","oneway":"no","segregated":"no","surface":"asphalt"},"geometry":{"type":"LineString","coordinates":[[141.4676547,43.0385219],[141.4676649,43.0385477],[141.4676786,43.0385684],[141.4677179,43.0385903]]}},{"type":"Feature","id":1350510071,"properties":{"osm_id":1350510071,"footway:surface":"asphalt","highway":"cycleway","oneway":"no","surface":"asphalt"},"geometry":{"type":"LineString","coordinates":[[141.4677179,43.0385903],[141.4677593,43.0386189],[141.4685154,43.0390265],[141.4685604,43.0390433]]}},{"type":"Feature","id":1350510072,"properties":{"osm_id":1350510072,"bicycle":"designated","foot":"designated","footway:surface":"asphalt","highway":"cycleway","oneway":"no","segregated":"no","surface":"asphalt"},"geometry":{"type":"LineString","coordinates":[[141.4685604,43.0390433],[141.4687143,43.0391203],[141.468971,43.0392578],[141.46905,43.0393118],[141.4691682,43.0393741],[141.4692025,43.0393891],[141.4692367,43.0393953],[141.4692563,43.0393954],[141.469265,43.0393954],[141.4693069,43.0394175]]}},{"type":"Feature","id":1350510073,"properties":{"osm_id":1350510073,"bicycle":"designated","foot":"designated","highway":"cycleway","oneway":"no","segregated":"no","surface":"asphalt"},"geometry":{"type":"LineString","coordinates":[[141.469175,43.0394096],[141.4691682,43.0393741]]}},{"type":"Feature","id":1350510074,"properties":{"osm_id":1350510074,"bicycle":"designated","foot":"designated","highway":"cycleway","oneway":"no","segregated":"no","surface":"asphalt"},"geometry":{"type":"LineString","coordinates":[[141.4695778,43.0395593],[141.4695921,43.0395668],[141.4696035,43.0395976],[141.4696436,43.03963],[141.4696714,43.039648],[141.4697552,43.0396935]]}},{"type":"Feature","id":1350510075,"properties":{"osm_id":1350510075,"highway":"cycleway","oneway":"no","surface":"asphalt"},"geometry":{"type":"LineString","coordinates":[[141.4697552,43.0396935],[141.469793,43.039721],[141.4699741,43.0398216],[141.4701457,43.0399182],[141.4703184,43.040019],[141.4708375,43.0403292],[141.4710601,43.0404688],[141.4713151,43.0406298]]}},{"type":"Feature","id":1350510076,"properties":{"osm_id":1350510076,"highway":"cycleway","oneway":"no","surface":"asphalt"},"geometry":{"type":"LineString","coordinates":[[141.4702777,43.0402463],[141.4703268,43.040269],[141.470586,43.0404247],[141.4708008,43.0405587],[141.4710874,43.0407413],[141.471187,43.0408073],[141.4715287,43.0410336],[141.4719992,43.0413621],[141.4721908,43.0415042]]}},{"type":"Feature","id":1350510077,"properties":{"osm_id":1350510077,"highway":"cycleway","oneway":"no","surface":"asphalt"},"geometry":{"type":"LineString","coordinates":[[141.4714182,43.0406976],[141.4715554,43.040788],[141.4719953,43.0410915],[141.4723451,43.0413406],[141.472587,43.0415188],[141.472631,43.0415464]]}},{"type":"Feature","id":1350510078,"properties":{"osm_id":1350510078,"crossing":"unmarked","crossing:markings":"no","cycleway":"crossing","highway":"cycleway","oneway":"no","surface":"asphalt"},"geometry":{"type":"LineString","coordinates":[[141.4713151,43.0406298],[141.4713625,43.040661],[141.4714182,43.0406976]]}},{"type":"Feature","id":1350510081,"properties":{"osm_id":1350510081,"bicycle":"designated","foot":"designated","highway":"cycleway","oneway":"no","segregated":"no","surface":"asphalt"},"geometry":{"type":"LineString","coordinates":[[141.4692271,43.039666],[141.4692168,43.0396178]]}},{"type":"Feature","id":1350510083,"properties":{"osm_id":1350510083,"bicycle":"designated","foot":"designated","highway":"cycleway","oneway":"no","segregated":"no","surface":"asphalt"},"geometry":{"type":"LineString","coordinates":[[141.4696714,43.039648],[141.4696724,43.039679]]}},{"type":"Feature","id":1350510084,"properties":{"osm_id":1350510084,"bicycle":"designated","foot":"designated","highway":"cycleway","oneway":"no","segregated":"no","surface":"asphalt"},"geometry":{"type":"LineString","coordinates":[[141.4696791,43.0398722],[141.4696806,43.0399065]]}},{"type":"Feature","id":1350510085,"properties":{"osm_id":1350510085,"bicycle":"designated","foot":"designated","highway":"cycleway","oneway":"no","segregated":"no","surface":"asphalt"},"geometry":{"type":"LineString","coordinates":[[141.4727851,43.0416877],[141.4727981,43.0416684]]}},{"type":"Feature","id":1350510086,"properties":{"osm_id":1350510086,"bicycle":"designated","foot":"designated","highway":"cycleway","oneway":"no","segregated":"no","surface":"asphalt","tactile_paving":"yes"},"geometry":{"type":"LineString","coordinates":[[141.472631,43.0415464],[141.4727837,43.0416644],[141.4727981,43.0416684],[141.4728479,43.0416727],[141.4728926,43.0416682],[141.4729178,43.041688]]}},{"type":"Feature","id":1350510089,"properties":{"osm_id":1350510089,"bicycle":"designated","foot":"designated","highway":"cycleway","oneway":"no","segregated":"no","surface":"asphalt","tactile_paving":"yes"},"geometry":{"type":"LineString","coordinates":[[141.4726552,43.0418785],[141.4726855,43.0418361]]}},{"type":"Feature","id":1350510090,"properties":{"osm_id":1350510090,"highway":"cycleway","oneway":"no","surface":"asphalt"},"geometry":{"type":"LineString","coordinates":[[141.4722535,43.0415507],[141.4724207,43.0416748],[141.4724534,43.0417136]]}},{"type":"Feature","id":1350510091,"properties":{"osm_id":1350510091,"crossing":"unmarked","crossing:island":"no","crossing:markings":"no","cycleway":"crossing","highway":"cycleway","oneway":"no","surface":"asphalt","tactile_paving":"no"},"geometry":{"type":"LineString","coordinates":[[141.4721908,43.0415042],[141.472224,43.0415288],[141.4722485,43.0415471],[141.4722535,43.0415507]]}},{"type":"Feature","id":1350578969,"properties":{"osm_id":1350578969,"highway":"cycleway","oneway":"no","surface":"asphalt"},"geometry":{"type":"LineString","coordinates":[[141.4960341,43.0718011],[141.4959926,43.0717699],[141.4958043,43.0716903],[141.4956568,43.0716245],[141.4954558,43.0715305],[141.4952955,43.0714467],[141.4950086,43.0712846],[141.4948395,43.0711816],[141.4946774,43.071073],[141.4945357,43.0709732],[141.4943835,43.0708564],[141.4941459,43.070664],[141.4898916,43.0671447],[141.4898551,43.0671312]]}},{"type":"Feature","id":1350578971,"properties":{"osm_id":1350578971,"bicycle":"designated","foot":"designated","highway":"cycleway","oneway":"no","segregated":"yes","surface":"paved"},"geometry":{"type":"LineString","coordinates":[[141.4818937,43.05573],[141.482211,43.0553995],[141.4822512,43.0553577],[141.4827203,43.0548693],[141.4828625,43.054744],[141.4830679,43.0546043],[141.4833144,43.0544854],[141.4835206,43.0544074],[141.4837276,43.0543538],[141.4839378,43.0543151],[141.4841337,43.0542966],[141.4842956,43.0542922],[141.4843889,43.0542897],[141.4846409,43.0543099],[141.4850097,43.05436],[141.485364,43.0544081],[141.4853596,43.0544335]]}},{"type":"Feature","id":1350578972,"properties":{"osm_id":1350578972,"bicycle":"designated","foot":"designated","highway":"cycleway","oneway":"no","segregated":"yes","surface":"paved"},"geometry":{"type":"LineString","coordinates":[[141.4853393,43.0545504],[141.4853338,43.054582],[141.4850875,43.0545492],[141.4846907,43.0544963],[141.4844218,43.0544674],[141.4842372,43.0544643],[141.4841773,43.0544662],[141.4839954,43.0544856],[141.4837191,43.0545382],[141.4834804,43.0546167],[141.4832313,43.0547378],[141.4830394,43.0548726],[141.4829112,43.0549869],[141.4827747,43.0551232],[141.4824468,43.0554592],[141.4824059,43.055501],[141.4820773,43.0558377]]}},{"type":"Feature","id":1350578973,"properties":{"osm_id":1350578973,"bicycle":"designated","crossing":"traffic_signals","crossing:island":"no","crossing:markings":"zebra","cycleway":"crossing","foot":"designated","highway":"cycleway","oneway":"no","surface":"paved","tactile_paving":"yes"},"geometry":{"type":"LineString","coordinates":[[141.4853596,43.0544335],[141.4853491,43.0544938],[141.4853393,43.0545504]]}},{"type":"Feature","id":1350578974,"properties":{"osm_id":1350578974,"bicycle":"designated","crossing":"traffic_signals","crossing:island":"no","crossing:markings":"zebra","cycleway":"crossing","foot":"designated","highway":"cycleway","oneway":"no","surface":"asphalt","tactile_paving":"yes"},"geometry":{"type":"LineString","coordinates":[[141.4854122,43.0546562],[141.4855091,43.0546565],[141.4856095,43.0546569]]}},{"type":"Feature","id":1350578975,"properties":{"osm_id":1350578975,"bicycle":"designated","foot":"designated","highway":"cycleway","oneway":"no","segregated":"no","surface":"asphalt"},"geometry":{"type":"LineString","coordinates":[[141.4853338,43.054582],[141.4853786,43.0546561],[141.4854122,43.0546562]]}},{"type":"Feature","id":1350578976,"properties":{"osm_id":1350578976,"bicycle":"designated","foot":"designated","highway":"cycleway","oneway":"no","segregated":"no","surface":"asphalt"},"geometry":{"type":"LineString","coordinates":[[141.4856095,43.0546569],[141.4856606,43.0546577]]}},{"type":"Feature","id":1350578977,"properties":{"osm_id":1350578977,"bicycle":"designated","crossing":"traffic_signals","crossing:island":"no","crossing:markings":"zebra","cycleway":"crossing","foot":"designated","highway":"cycleway","segregated":"no","surface":"asphalt","tactile_paving":"yes"},"geometry":{"type":"LineString","coordinates":[[141.4856673,43.0545971],[141.4856729,43.0545322],[141.4856788,43.054464]]}},{"type":"Feature","id":1350578979,"properties":{"osm_id":1350578979,"highway":"cycleway","oneway":"no","surface":"asphalt"},"geometry":{"type":"LineString","coordinates":[[141.4900575,43.0669908],[141.4900788,43.0670226],[141.4901716,43.0670998],[141.490286,43.0671933],[141.4910777,43.0678453],[141.4915401,43.06823]]}},{"type":"Feature","id":1350578980,"properties":{"osm_id":1350578980,"crossing":"unmarked","crossing:markings":"no","cycleway":"crossing","highway":"cycleway","oneway":"no","surface":"asphalt"},"geometry":{"type":"LineString","coordinates":[[141.4915401,43.06823],[141.4916024,43.0682636],[141.4916561,43.0682927]]}},{"type":"Feature","id":1350578983,"properties":{"osm_id":1350578983,"bicycle":"designated","foot":"designated","highway":"cycleway","oneway":"no","segregated":"yes","surface":"asphalt"},"geometry":{"type":"LineString","coordinates":[[141.4954899,43.0728896],[141.4955493,43.0728557],[141.4955979,43.0728459],[141.4956075,43.072846],[141.4956504,43.0728464],[141.4957309,43.0728683],[141.4960088,43.072953],[141.4961301,43.0729785],[141.4962875,43.073027],[141.4964123,43.0730648],[141.496443,43.0730744],[141.497147,43.0733049],[141.49723,43.0733316],[141.497306,43.073359],[141.4973347,43.0733683],[141.4975973,43.073462],[141.4978598,43.0735613]]}},{"type":"Feature","id":1350578984,"properties":{"osm_id":1350578984,"bicycle":"designated","crossing":"traffic_signals","crossing:island":"no","crossing:markings":"zebra","cycleway":"crossing","foot":"designated","highway":"cycleway","oneway":"no","surface":"asphalt","tactile_paving":"yes"},"geometry":{"type":"LineString","coordinates":[[141.4954674,43.0728794],[141.4954108,43.0728538],[141.4953215,43.0728132]]}},{"type":"Feature","id":1350578985,"properties":{"osm_id":1350578985,"bicycle":"designated","foot":"designated","highway":"cycleway","oneway":"no","segregated":"no","surface":"asphalt"},"geometry":{"type":"LineString","coordinates":[[141.4954899,43.0728896],[141.4954674,43.0728794]]}},{"type":"Feature","id":1350578986,"properties":{"osm_id":1350578986,"bicycle":"designated","foot":"designated","highway":"cycleway","name:en":"Oasa Eki Footpath","oneway":"no","segregated":"yes","surface":"asphalt"},"geometry":{"type":"LineString","coordinates":[[141.4964449,43.0729379],[141.4963561,43.0729134],[141.4956845,43.0727118],[141.4953428,43.0726093]]}},{"type":"Feature","id":1350578987,"properties":{"osm_id":1350578987,"bicycle":"designated","crossing":"traffic_signals","crossing:island":"no","crossing:markings":"zebra","cycleway":"crossing","foot":"designated","highway":"cycleway","oneway":"no","surface":"asphalt","tactile_paving":"yes"},"geometry":{"type":"LineString","coordinates":[[141.4952685,43.0727415],[141.4952983,43.0726885],[141.4953354,43.0726225]]}},{"type":"Feature","id":1350578988,"properties":{"osm_id":1350578988,"bicycle":"designated","foot":"designated","highway":"cycleway","oneway":"no","segregated":"no","surface":"asphalt"},"geometry":{"type":"LineString","coordinates":[[141.4953215,43.0728132],[141.4952595,43.0727576],[141.4952685,43.0727415]]}},{"type":"Feature","id":1350578989,"properties":{"osm_id":1350578989,"bicycle":"designated","foot":"designated","highway":"cycleway","oneway":"no","segregated":"no","surface":"asphalt"},"geometry":{"type":"LineString","coordinates":[[141.4953354,43.0726225],[141.4953428,43.0726093]]}},{"type":"Feature","id":1350578990,"properties":{"osm_id":1350578990,"bicycle":"designated","crossing":"traffic_signals","crossing:island":"no","crossing:markings":"zebra","cycleway":"crossing","foot":"designated","highway":"cycleway","oneway":"no","surface":"asphalt","tactile_paving":"yes"},"geometry":{"type":"LineString","coordinates":[[141.4956205,43.0728234],[141.4956421,43.0727857],[141.4956739,43.0727302]]}},{"type":"Feature","id":1350578991,"properties":{"osm_id":1350578991,"bicycle":"designated","foot":"designated","highway":"cycleway","oneway":"no","segregated":"no","surface":"asphalt"},"geometry":{"type":"LineString","coordinates":[[141.4956075,43.072846],[141.4956205,43.0728234]]}},{"type":"Feature","id":1350578992,"properties":{"osm_id":1350578992,"bicycle":"designated","foot":"designated","highway":"cycleway","oneway":"no","segregated":"no","surface":"asphalt"},"geometry":{"type":"LineString","coordinates":[[141.4956739,43.0727302],[141.4956845,43.0727118]]}},{"type":"Feature","id":1350578993,"properties":{"osm_id":1350578993,"bicycle":"designated","crossing":"unmarked","cycleway":"crossing","foot":"designated","highway":"cycleway","oneway":"no","surface":"asphalt"},"geometry":{"type":"LineString","coordinates":[[141.5073836,43.0781678],[141.5074362,43.0782043],[141.5074726,43.0782296]]}},{"type":"Feature","id":1350578994,"properties":{"osm_id":1350578994,"bicycle":"designated","foot":"designated","highway":"cycleway","oneway":"no","segregated":"no","source":"Bing","surface":"asphalt"},"geometry":{"type":"LineString","coordinates":[[141.5074726,43.0782296],[141.5074879,43.0782402],[141.5075251,43.0782326],[141.5075468,43.0782162]]}},{"type":"Feature","id":1350578995,"properties":{"osm_id":1350578995,"bicycle":"designated","crossing":"uncontrolled","cycleway":"crossing","foot":"designated","highway":"cycleway","oneway":"no","source":"Bing","surface":"asphalt"},"geometry":{"type":"LineString","coordinates":[[141.5076159,43.0781643],[141.5075835,43.0781886],[141.5075468,43.0782162]]}},{"type":"Feature","id":1350589310,"properties":{"osm_id":1350589310,"bicycle":"designated","foot":"designated","highway":"cycleway","oneway":"no","segregated":"yes","surface":"asphalt"},"geometry":{"type":"LineString","coordinates":[[141.516064,43.087141],[141.516082,43.0871794],[141.5160976,43.0872128],[141.5161077,43.0872598],[141.5161949,43.0874175],[141.5163008,43.0875757],[141.5164758,43.0877897],[141.5166817,43.0879973],[141.5168634,43.0881525],[141.5169647,43.0882333],[141.5170498,43.0882784],[141.5173187,43.0884694],[141.517477,43.0885913],[141.5175046,43.0886107],[141.5177559,43.0887872],[141.518335,43.0891948],[141.5190734,43.0897144],[141.5199811,43.0903532],[141.5201159,43.0904481],[141.5206281,43.0908086],[141.5207405,43.0908772],[141.5208838,43.0909756],[141.5209844,43.0910583],[141.5210694,43.0911187],[141.5215357,43.0914493],[141.5215643,43.0914621],[141.5215953,43.091466],[141.5216245,43.0914617],[141.5217157,43.0915283],[141.521858,43.0916322],[141.5218772,43.0916864],[141.5228432,43.0923664],[141.5237412,43.0929985],[141.5237908,43.0930198],[141.5238387,43.0930517],[141.5238778,43.0930778],[141.5242404,43.0933346]]}},{"type":"Feature","id":1350589311,"properties":{"osm_id":1350589311,"bicycle":"designated","foot":"designated","highway":"cycleway","oneway":"no","segregated":"yes","surface":"asphalt"},"geometry":{"type":"LineString","coordinates":[[141.5157674,43.0872735],[141.5157954,43.0873235],[141.5158346,43.0873937],[141.5158683,43.0873976],[141.5158886,43.0874111],[141.5159665,43.0875352],[141.5161594,43.0877956],[141.5163868,43.0880437],[141.516638,43.0882557],[141.5172707,43.0887035],[141.5175416,43.0888917],[141.5176523,43.0889837],[141.5179198,43.0891732],[141.5180023,43.0892183],[141.5188574,43.0898198],[141.5198043,43.0904858],[141.5205077,43.0909805],[141.520611,43.0910623],[141.520737,43.0911514],[141.5208651,43.0912303],[141.5212938,43.0915343],[141.5213059,43.09162],[141.5213964,43.0916822],[141.5215084,43.091759],[141.5216566,43.0917899],[141.5220945,43.0920972],[141.5230742,43.0927846],[141.5231622,43.0928463],[141.5232521,43.0929239],[141.5235206,43.0931141],[141.5236041,43.0931588],[141.5240626,43.0934789]]}},{"type":"Feature","id":1350589315,"properties":{"osm_id":1350589315,"bicycle":"designated","foot":"designated","highway":"cycleway","layer":"-1","oneway":"no","segregated":"no","surface":"asphalt","tactile_paving":"yes"},"geometry":{"type":"LineString","coordinates":[[141.5244932,43.0934655],[141.5245042,43.0934775],[141.5245243,43.0935388],[141.5246964,43.0936574],[141.5247066,43.0936644],[141.5249369,43.09383]]}},{"type":"Feature","id":1350589316,"properties":{"osm_id":1350589316,"bicycle":"designated","foot":"designated","highway":"cycleway","layer":"1","oneway":"no","segregated":"yes","surface":"asphalt"},"geometry":{"type":"LineString","coordinates":[[141.528558,43.0963312],[141.5284681,43.0963121],[141.5274942,43.0956311],[141.5265959,43.0950012],[141.5259707,43.0945629],[141.5257548,43.094411],[141.5251968,43.0940184],[141.5250178,43.0938886],[141.5249369,43.09383]]}},{"type":"Feature","id":1350589319,"properties":{"osm_id":1350589319,"bicycle":"designated","crossing":"traffic_signals","cycleway":"crossing","foot":"designated","highway":"cycleway","surface":"asphalt"},"geometry":{"type":"LineString","coordinates":[[141.5287076,43.0964406],[141.5286301,43.0963839],[141.528558,43.0963312]]}},{"type":"Feature","id":1350589320,"properties":{"osm_id":1350589320,"bicycle":"designated","crossing":"traffic_signals","cycleway":"crossing","foot":"designated","highway":"cycleway","surface":"asphalt"},"geometry":{"type":"LineString","coordinates":[[141.5284681,43.0963121],[141.528378,43.0963856],[141.5282982,43.0964507]]}},{"type":"Feature","id":1350589321,"properties":{"osm_id":1350589321,"bicycle":"designated","foot":"designated","highway":"cycleway","oneway":"no","segregated":"yes","surface":"asphalt"},"geometry":{"type":"LineString","coordinates":[[141.5282982,43.0964507],[141.5285108,43.096599],[141.5285861,43.0966516],[141.5286654,43.0967069],[141.5288454,43.0968333],[141.5294613,43.0972656],[141.5295278,43.0973204],[141.5295529,43.097341],[141.5298448,43.0975456],[141.5299283,43.0975912],[141.530096,43.0977093],[141.5303059,43.0978572],[141.5313055,43.0985604],[141.5320075,43.0990542],[141.5320324,43.099074],[141.5320931,43.0991222],[141.5321702,43.0991765],[141.5322374,43.0992239],[141.5323005,43.0992625],[141.5323284,43.0992795],[141.5333225,43.0999783],[141.5343652,43.1007112],[141.5353611,43.1014112],[141.5362279,43.1020204],[141.5369982,43.1025619],[141.537053,43.1026004],[141.5371333,43.1026569],[141.5372734,43.1027553],[141.5377267,43.1030739],[141.5378167,43.1031485],[141.5380939,43.1033436],[141.538166,43.1033817],[141.5382319,43.1034284],[141.5382363,43.1034839],[141.5382884,43.1035218],[141.5383281,43.1035506],[141.5384168,43.1035587],[141.5389923,43.1039632],[141.5393621,43.1042236],[141.5406915,43.1051597],[141.540697,43.1051823],[141.5407065,43.1052219],[141.5407149,43.1052569],[141.5407996,43.1053164],[141.5408852,43.1053764],[141.5409203,43.1053805],[141.5410254,43.1053927],[141.5410698,43.1054243],[141.5413597,43.1056304],[141.5414549,43.105708],[141.541721,43.1058955],[141.5418407,43.1059659],[141.541871,43.1059872],[141.5419573,43.1060479],[141.5422138,43.1062283],[141.5429968,43.1067792],[141.5430092,43.1067924],[141.5430418,43.1068269],[141.5430789,43.106854],[141.5431083,43.1068755],[141.5431652,43.1068994],[141.5431854,43.1069079],[141.5439511,43.1074474],[141.5449743,43.1081684],[141.5450057,43.1082337],[141.5450526,43.1082611],[141.5451044,43.1082915],[141.5451241,43.1082949],[141.5451641,43.1083018],[141.5452296,43.1083476],[141.5453199,43.1084107],[141.5454214,43.1084946],[141.5456841,43.1086804],[141.545774,43.108729],[141.5458462,43.1087791],[141.5466049,43.1093058],[141.5468938,43.1095063],[141.5475726,43.1099774],[141.5477608,43.1101081],[141.5478681,43.1101987],[141.5480244,43.1103044],[141.5481518,43.1103823],[141.5482884,43.1104779],[141.5486115,43.1107039],[141.5490819,43.1110329],[141.5490958,43.111111],[141.5491158,43.1112226],[141.5491625,43.1112691],[141.5492089,43.1113153]]}},{"type":"Feature","id":1350589322,"properties":{"osm_id":1350589322,"bicycle":"designated","foot":"designated","highway":"cycleway","oneway":"no","segregated":"yes","surface":"asphalt"},"geometry":{"type":"LineString","coordinates":[[141.5490958,43.111111],[141.5492348,43.1110253],[141.5493415,43.1109595],[141.5488719,43.1106279],[141.5488277,43.1105968],[141.5484136,43.1103064],[141.5482902,43.110206],[141.5480703,43.1100484],[141.5479764,43.1100004],[141.5477886,43.1098699],[141.5472015,43.1094618],[141.547069,43.1093696],[141.546788,43.1091744],[141.5462294,43.108786],[141.5454085,43.1082154],[141.5453842,43.1081534],[141.5453405,43.1081194],[141.5452949,43.1080874],[141.5452592,43.1080741],[141.5451552,43.1080354],[141.545077,43.1079819],[141.5444507,43.1075425],[141.5440157,43.1072375],[141.5439171,43.1071561],[141.5436492,43.1069664],[141.5435622,43.1069153],[141.5433435,43.1067614],[141.5433196,43.1067291],[141.5433125,43.1067194],[141.5432758,43.106695],[141.5432426,43.1066729],[141.543223,43.1066641],[141.543194,43.1066512],[141.5431719,43.1066413],[141.5421805,43.1059446],[141.5412583,43.1052965],[141.5412558,43.1052823],[141.5412491,43.1052431],[141.5412454,43.1052214],[141.5412426,43.1052049],[141.5411837,43.1051426],[141.5410989,43.1050529],[141.5410587,43.1050676],[141.54101,43.1050695],[141.5409638,43.1050642],[141.5409138,43.1050419],[141.5409039,43.105035],[141.5406084,43.1048292],[141.5404806,43.1047562],[141.5404521,43.1047361],[141.5399049,43.1043505],[141.5395364,43.1040908],[141.5385,43.1033605],[141.5383314,43.1032417],[141.5373815,43.1025739],[141.5364027,43.1018857],[141.536218,43.1017559],[141.5361126,43.1016693],[141.5358508,43.1014848],[141.5357711,43.1014424],[141.5356657,43.1013683]]}},{"type":"Feature","id":1350589323,"properties":{"osm_id":1350589323,"bicycle":"designated","crossing":"traffic_signals","cycleway":"crossing","foot":"designated","highway":"cycleway","surface":"asphalt"},"geometry":{"type":"LineString","coordinates":[[141.5285861,43.0966516],[141.5286725,43.0965926],[141.5287708,43.0965255]]}},{"type":"Feature","id":1350589324,"properties":{"osm_id":1350589324,"bicycle":"designated","crossing":"traffic_signals","cycleway":"crossing","foot":"designated","highway":"cycleway","surface":"asphalt"},"geometry":{"type":"LineString","coordinates":[[141.5320324,43.099074],[141.532132,43.0990005],[141.5322129,43.0989408]]}},{"type":"Feature","id":1350589325,"properties":{"osm_id":1350589325,"bicycle":"designated","crossing":"traffic_signals","cycleway":"crossing","foot":"designated","highway":"cycleway","surface":"asphalt"},"geometry":{"type":"LineString","coordinates":[[141.5323005,43.0992625],[141.5324008,43.0991885],[141.532481,43.0991293]]}},{"type":"Feature","id":1350589327,"properties":{"osm_id":1350589327,"bicycle":"designated","foot":"designated","highway":"cycleway","oneway":"no","segregated":"yes","surface":"asphalt"},"geometry":{"type":"LineString","coordinates":[[141.5356657,43.1013683],[141.5355747,43.1013043],[141.5344298,43.1004994],[141.5334962,43.099843],[141.532481,43.0991293],[141.5323806,43.0990586],[141.5322129,43.0989408],[141.5314998,43.0984394],[141.5310154,43.0980988],[141.5310019,43.0980894],[141.5309,43.0980056],[141.5306419,43.0978225],[141.5305564,43.0977766],[141.5303119,43.0976053],[141.5297061,43.0971808],[141.5291374,43.0967823],[141.5290066,43.0966907],[141.5287708,43.0965255],[141.5287385,43.096497],[141.5287113,43.0964663],[141.5287076,43.0964406]]}},{"type":"Feature","id":1350589328,"properties":{"osm_id":1350589328,"bicycle":"designated","crossing":"traffic_signals","cycleway":"crossing","foot":"designated","highway":"cycleway","surface":"asphalt"},"geometry":{"type":"LineString","coordinates":[[141.5452296,43.1083476],[141.5453137,43.1082855],[141.5454085,43.1082154]]}},{"type":"Feature","id":1350589329,"properties":{"osm_id":1350589329,"bicycle":"designated","crossing":"traffic_signals","cycleway":"crossing","foot":"designated","highway":"cycleway","surface":"asphalt"},"geometry":{"type":"LineString","coordinates":[[141.5449743,43.1081684],[141.5450615,43.1081043],[141.5451552,43.1080354]]}},{"type":"Feature","id":1350589330,"properties":{"osm_id":1350589330,"bicycle":"designated","crossing":"traffic_signals","cycleway":"crossing","foot":"designated","highway":"cycleway","surface":"asphalt"},"geometry":{"type":"LineString","coordinates":[[141.5431652,43.1068994],[141.5432534,43.1068311],[141.5433435,43.1067614]]}},{"type":"Feature","id":1350589331,"properties":{"osm_id":1350589331,"bicycle":"designated","crossing":"traffic_signals","cycleway":"crossing","foot":"designated","highway":"cycleway","surface":"asphalt"},"geometry":{"type":"LineString","coordinates":[[141.5430092,43.1067924],[141.5431,43.106723],[141.543194,43.1066512]]}},{"type":"Feature","id":1350589332,"properties":{"osm_id":1350589332,"bicycle":"designated","crossing":"traffic_signals","cycleway":"crossing","foot":"designated","highway":"cycleway","surface":"asphalt"},"geometry":{"type":"LineString","coordinates":[[141.5412558,43.1052823],[141.5411521,43.1053615],[141.5410698,43.1054243]]}},{"type":"Feature","id":1350589333,"properties":{"osm_id":1350589333,"bicycle":"designated","crossing":"traffic_signals","cycleway":"crossing","foot":"designated","highway":"cycleway","surface":"asphalt"},"geometry":{"type":"LineString","coordinates":[[141.540697,43.1051823],[141.5407987,43.1051098],[141.5409039,43.105035]]}},{"type":"Feature","id":1350589334,"properties":{"osm_id":1350589334,"bicycle":"designated","foot":"designated","highway":"cycleway","oneway":"no","segregated":"yes","surface":"asphalt"},"geometry":{"type":"LineString","coordinates":[[141.5391291,43.1063033],[141.5391456,43.1062705],[141.5391577,43.1062466],[141.53974,43.1059605],[141.5403275,43.1056718],[141.5409203,43.1053805]]}},{"type":"Feature","id":1350589335,"properties":{"osm_id":1350589335,"bicycle":"designated","foot":"designated","highway":"cycleway","oneway":"no","segregated":"yes","surface":"asphalt"},"geometry":{"type":"LineString","coordinates":[[141.5407065,43.1052219],[141.540662,43.1052682],[141.5401272,43.1055313],[141.5395395,43.1058204],[141.5389166,43.1061269],[141.5388722,43.1061013],[141.5388602,43.1061081]]}},{"type":"Feature","id":1350589336,"properties":{"osm_id":1350589336,"bicycle":"designated","crossing":"traffic_signals","cycleway":"crossing","foot":"designated","highway":"cycleway","oneway":"no","surface":"asphalt"},"geometry":{"type":"LineString","coordinates":[[141.5388602,43.1061081],[141.5388251,43.1061277],[141.5388003,43.1061416]]}},{"type":"Feature","id":1350589337,"properties":{"osm_id":1350589337,"bicycle":"designated","foot":"designated","highway":"cycleway","oneway":"no","segregated":"yes","surface":"asphalt"},"geometry":{"type":"LineString","coordinates":[[141.5388003,43.1061416],[141.5387695,43.1061588],[141.5388022,43.1061946]]}},{"type":"Feature","id":1350589338,"properties":{"osm_id":1350589338,"bicycle":"designated","crossing":"traffic_signals","cycleway":"crossing","foot":"designated","highway":"cycleway","oneway":"no","surface":"asphalt"},"geometry":{"type":"LineString","coordinates":[[141.5388022,43.1061946],[141.5388856,43.1062574],[141.5389694,43.1063205]]}},{"type":"Feature","id":1350589339,"properties":{"osm_id":1350589339,"bicycle":"designated","crossing":"traffic_signals","cycleway":"crossing","foot":"designated","highway":"cycleway","oneway":"no","surface":"asphalt"},"geometry":{"type":"LineString","coordinates":[[141.5389449,43.1061446],[141.539019,43.1061911],[141.53912,43.1062545]]}},{"type":"Feature","id":1350589340,"properties":{"osm_id":1350589340,"bicycle":"designated","foot":"designated","highway":"cycleway","oneway":"no","segregated":"yes","surface":"asphalt"},"geometry":{"type":"LineString","coordinates":[[141.5389166,43.1061269],[141.5389449,43.1061446]]}},{"type":"Feature","id":1350589341,"properties":{"osm_id":1350589341,"bicycle":"designated","foot":"designated","highway":"cycleway","oneway":"no","segregated":"yes","surface":"asphalt"},"geometry":{"type":"LineString","coordinates":[[141.53912,43.1062545],[141.5391456,43.1062705]]}},{"type":"Feature","id":1350589342,"properties":{"osm_id":1350589342,"bicycle":"designated","foot":"designated","highway":"cycleway","oneway":"no","segregated":"yes","surface":"asphalt"},"geometry":{"type":"LineString","coordinates":[[141.5389694,43.1063205],[141.5389913,43.106337],[141.5390625,43.1063349]]}},{"type":"Feature","id":1350589343,"properties":{"osm_id":1350589343,"bicycle":"designated","crossing":"traffic_signals","cycleway":"crossing","foot":"designated","highway":"cycleway","oneway":"no","surface":"asphalt"},"geometry":{"type":"LineString","coordinates":[[141.5390625,43.1063349],[141.5390722,43.1063303],[141.5390897,43.106322],[141.5391291,43.1063033]]}},{"type":"Feature","id":1350589344,"properties":{"osm_id":1350589344,"bicycle":"designated","foot":"designated","highway":"cycleway","oneway":"no","segregated":"yes","surface":"asphalt"},"geometry":{"type":"LineString","coordinates":[[141.5389913,43.106337],[141.5390273,43.1063655],[141.539306,43.106561],[141.5402509,43.1072238],[141.5408629,43.1076532],[141.5414605,43.1080723],[141.5420987,43.10852],[141.5424708,43.1087811],[141.5430955,43.1092193],[141.5431587,43.1092637],[141.5438154,43.1097244],[141.5446098,43.1102816],[141.544853,43.1104522],[141.546005,43.1112603],[141.5471104,43.1120358],[141.5472308,43.1121265],[141.5472326,43.1121568],[141.5472496,43.1121748]]}},{"type":"Feature","id":1350589345,"properties":{"osm_id":1350589345,"bicycle":"designated","crossing":"traffic_signals","cycleway":"crossing","foot":"designated","highway":"cycleway","oneway":"no","surface":"asphalt"},"geometry":{"type":"LineString","coordinates":[[141.5472496,43.1121748],[141.5472817,43.1122088],[141.5473126,43.1122416]]}},{"type":"Feature","id":1350589346,"properties":{"osm_id":1350589346,"bicycle":"designated","crossing":"traffic_signals","cycleway":"crossing","foot":"designated","highway":"cycleway","oneway":"no","surface":"asphalt"},"geometry":{"type":"LineString","coordinates":[[141.5472639,43.1121068],[141.5473031,43.1120834],[141.5473394,43.1120617]]}},{"type":"Feature","id":1350589347,"properties":{"osm_id":1350589347,"bicycle":"designated","foot":"designated","highway":"cycleway","oneway":"no","segregated":"yes","surface":"asphalt"},"geometry":{"type":"LineString","coordinates":[[141.5472308,43.1121265],[141.5472639,43.1121068]]}},{"type":"Feature","id":1350589348,"properties":{"osm_id":1350589348,"bicycle":"designated","foot":"designated","highway":"cycleway","oneway":"no","segregated":"yes","surface":"asphalt"},"geometry":{"type":"LineString","coordinates":[[141.5412454,43.1052214],[141.5413239,43.1051782],[141.541843,43.1049227]]}},{"type":"Feature","id":1350605364,"properties":{"osm_id":1350605364,"bicycle":"designated","foot":"designated","highway":"cycleway","oneway":"no","segregated":"no","surface":"asphalt"},"geometry":{"type":"LineString","coordinates":[[141.5241515,43.0936066],[141.5241683,43.0936011],[141.524227,43.0936097],[141.5242902,43.093651],[141.5245996,43.0938583]]}},{"type":"Feature","id":1350607196,"properties":{"osm_id":1350607196,"bicycle":"designated","foot":"designated","highway":"cycleway","oneway":"no","segregated":"no","surface":"asphalt"},"geometry":{"type":"LineString","coordinates":[[141.4277512,43.0956847],[141.4277136,43.0956546],[141.4275743,43.0955351],[141.4274971,43.0954557],[141.427192,43.0951218],[141.4270889,43.095009],[141.4269918,43.0948902],[141.4268278,43.0946917],[141.4265613,43.0943969],[141.4264886,43.0943197],[141.4264266,43.0942406],[141.4263265,43.0940918]]}},{"type":"Feature","id":1350607199,"properties":{"osm_id":1350607199,"bicycle":"designated","foot":"designated","highway":"cycleway","oneway":"no","segregated":"no","surface":"asphalt"},"geometry":{"type":"LineString","coordinates":[[141.4316088,43.1001696],[141.431685,43.1001381]]}},{"type":"Feature","id":1350607200,"properties":{"osm_id":1350607200,"bicycle":"designated","foot":"designated","highway":"cycleway","oneway":"no","segregated":"no","surface":"asphalt"},"geometry":{"type":"LineString","coordinates":[[141.4316793,43.1002514],[141.4317535,43.1002205]]}},{"type":"Feature","id":1350607201,"properties":{"osm_id":1350607201,"bicycle":"designated","foot":"designated","highway":"cycleway","oneway":"no","segregated":"no","surface":"asphalt"},"geometry":{"type":"LineString","coordinates":[[141.4312245,43.1003132],[141.4312885,43.1002973],[141.4313156,43.1002905],[141.4313702,43.100268]]}},{"type":"Feature","id":1350607202,"properties":{"osm_id":1350607202,"bicycle":"designated","foot":"designated","highway":"cycleway","oneway":"no","segregated":"no","surface":"asphalt"},"geometry":{"type":"LineString","coordinates":[[141.4325744,43.1018409],[141.4326783,43.1018836],[141.4329911,43.1023035],[141.4331019,43.1024193],[141.4332604,43.102561],[141.4333865,43.102679],[141.4334718,43.1027755],[141.4335684,43.1029106],[141.43373,43.1031503],[141.433978,43.1034345],[141.4340603,43.1035176],[141.4342011,43.1036367],[141.4342864,43.1037249],[141.4343768,43.1038311],[141.4345287,43.1040224],[141.434413,43.104068]]}},{"type":"Feature","id":1350607203,"properties":{"osm_id":1350607203,"bicycle":"designated","crossing":"traffic_signals","cycleway":"crossing","foot":"designated","highway":"cycleway","oneway":"no","surface":"asphalt","tactile_paving":"yes"},"geometry":{"type":"LineString","coordinates":[[141.4354841,43.1055544],[141.4354394,43.1055856],[141.4353862,43.1056221]]}},{"type":"Feature","id":1350607205,"properties":{"osm_id":1350607205,"bicycle":"designated","foot":"designated","highway":"cycleway","oneway":"no","segregated":"no","surface":"asphalt"},"geometry":{"type":"LineString","coordinates":[[141.4345287,43.1040224],[141.4346128,43.1039895]]}},{"type":"Feature","id":1350607206,"properties":{"osm_id":1350607206,"bicycle":"designated","bridge":"yes","foot":"designated","highway":"cycleway","layer":"1","oneway":"no","segregated":"no","surface":"asphalt"},"geometry":{"type":"LineString","coordinates":[[141.4346128,43.1039895],[141.4348773,43.1038862]]}},{"type":"Feature","id":1350607207,"properties":{"osm_id":1350607207,"bicycle":"designated","bridge":"yes","foot":"designated","highway":"cycleway","layer":"1","oneway":"no","segregated":"no","surface":"asphalt"},"geometry":{"type":"LineString","coordinates":[[141.4352944,43.1052758],[141.4354886,43.1055438]]}},{"type":"Feature","id":1350607208,"properties":{"osm_id":1350607208,"bicycle":"designated","foot":"designated","highway":"cycleway","oneway":"no","segregated":"no","surface":"asphalt"},"geometry":{"type":"LineString","coordinates":[[141.4354886,43.1055438],[141.4354922,43.1055488],[141.4354841,43.1055544]]}},{"type":"Feature","id":1350607477,"properties":{"osm_id":1350607477,"bicycle":"designated","foot":"designated","highway":"cycleway","oneway":"no","segregated":"no","surface":"asphalt"},"geometry":{"type":"LineString","coordinates":[[141.4175592,43.0866422],[141.4175427,43.0866321],[141.4174986,43.0866052],[141.4173916,43.0865354],[141.417104,43.0863997],[141.4169163,43.0863508]]}},{"type":"Feature","id":1350607478,"properties":{"osm_id":1350607478,"bicycle":"designated","foot":"designated","highway":"cycleway","oneway":"no","segregated":"no","surface":"asphalt"},"geometry":{"type":"LineString","coordinates":[[141.4177437,43.0864779],[141.4175455,43.0864017],[141.4172296,43.0862518],[141.417204,43.0862343],[141.4171757,43.0862097],[141.4171589,43.0861988],[141.4170885,43.0861632]]}},{"type":"Feature","id":1350609212,"properties":{"osm_id":1350609212,"bicycle":"designated","foot":"designated","highway":"cycleway","oneway":"no","segregated":"yes","surface":"asphalt"},"geometry":{"type":"LineString","coordinates":[[141.5693116,42.9808063],[141.5693744,42.9807717],[141.569671,42.9807553],[141.570003,42.980726],[141.570365,42.9806815],[141.5705991,42.9806538],[141.5709953,42.9806068],[141.5725281,42.9804251],[141.5730188,42.9803669],[141.5730795,42.9803691],[141.5730532,42.9803004],[141.573024,42.9802239],[141.5729645,42.9802529],[141.5725768,42.9802994],[141.5705603,42.9805409],[141.5699873,42.9806095],[141.5697586,42.980633],[141.5695688,42.9806433],[141.569367,42.9806527],[141.5692972,42.9806431]]}},{"type":"Feature","id":1350609213,"properties":{"osm_id":1350609213,"bicycle":"designated","crossing":"traffic_signals","cycleway":"crossing","foot":"designated","highway":"cycleway","surface":"asphalt","tactile_paving":"yes"},"geometry":{"type":"LineString","coordinates":[[141.569367,42.9806527],[141.5693713,42.9807212],[141.5693744,42.9807717]]}},{"type":"Feature","id":1350609214,"properties":{"osm_id":1350609214,"bicycle":"designated","foot":"designated","highway":"cycleway","oneway":"no","segregated":"no","surface":"asphalt"},"geometry":{"type":"LineString","coordinates":[[141.5724546,42.9849237],[141.572535,42.9849084]]}},{"type":"Feature","id":1350609215,"properties":{"osm_id":1350609215,"bicycle":"designated","foot":"designated","highway":"cycleway","oneway":"no","segregated":"no","surface":"asphalt"},"geometry":{"type":"LineString","coordinates":[[141.5723724,42.9846863],[141.5724537,42.9846718]]}},{"type":"Feature","id":1350609216,"properties":{"osm_id":1350609216,"bicycle":"designated","foot":"designated","highway":"cycleway","oneway":"no","segregated":"no","surface":"asphalt"},"geometry":{"type":"LineString","coordinates":[[141.5719368,42.9834013],[141.5720117,42.9833864]]}},{"type":"Feature","id":1350609217,"properties":{"osm_id":1350609217,"bicycle":"designated","foot":"designated","highway":"cycleway","oneway":"no","segregated":"no","surface":"asphalt"},"geometry":{"type":"LineString","coordinates":[[141.5716293,42.982491],[141.5717198,42.982474]]}},{"type":"Feature","id":1350609218,"properties":{"osm_id":1350609218,"bicycle":"designated","foot":"designated","highway":"cycleway","oneway":"no","segregated":"no","surface":"asphalt"},"geometry":{"type":"LineString","coordinates":[[141.5714178,42.9818623],[141.5715032,42.9818468]]}},{"type":"Feature","id":1350609219,"properties":{"osm_id":1350609219,"bicycle":"designated","foot":"designated","highway":"cycleway","oneway":"no","segregated":"no","surface":"asphalt"},"geometry":{"type":"LineString","coordinates":[[141.571355,42.9816759],[141.5714392,42.9816608]]}},{"type":"Feature","id":1350609220,"properties":{"osm_id":1350609220,"bicycle":"designated","foot":"designated","highway":"cycleway","oneway":"no","segregated":"no","surface":"asphalt"},"geometry":{"type":"LineString","coordinates":[[141.5711525,42.981074],[141.5712314,42.9810597]]}},{"type":"Feature","id":1377624725,"properties":{"osm_id":1377624725,"bicycle":"designated","foot":"designated","highway":"cycleway","name":"札幌恵庭自転車道線","oneway":"no"},"geometry":{"type":"LineString","coordinates":[[141.5635087,42.9706196],[141.5638777,42.9698674],[141.5645865,42.968293]]}},{"type":"Feature","id":1390729367,"properties":{"osm_id":1390729367,"highway":"cycleway"},"geometry":{"type":"LineString","coordinates":[[141.4175709,43.0629902],[141.4172081,43.0635456],[141.4170517,43.0637869],[141.4170193,43.0638588],[141.4169944,43.0639459],[141.4169888,43.0639939],[141.4169804,43.0641744],[141.4169822,43.064298],[141.4169991,43.0644204],[141.4170301,43.0645488],[141.4170789,43.0646525],[141.4174918,43.0653335],[141.4177619,43.0657813],[141.4177736,43.0658127],[141.4177849,43.0658803],[141.417788,43.0658926],[141.4179358,43.0661248]]}},{"type":"Feature","id":1390729369,"properties":{"osm_id":1390729369,"highway":"cycleway"},"geometry":{"type":"LineString","coordinates":[[141.4176515,43.0628069],[141.4180481,43.0621945]]}},{"type":"Feature","id":1459809354,"properties":{"osm_id":1459809354,"bicycle":"designated","foot":"designated","highway":"cycleway"},"geometry":{"type":"LineString","coordinates":[[141.4018333,43.0738997],[141.402471,43.0751873],[141.4024716,43.0752084],[141.4024728,43.0752442]]}},{"type":"Feature","id":1459809358,"properties":{"osm_id":1459809358,"bicycle":"designated","foot":"designated","highway":"cycleway"},"geometry":{"type":"LineString","coordinates":[[141.4026443,43.0754605],[141.4027358,43.0755358],[141.402901,43.0756717],[141.4029934,43.0756879],[141.4040329,43.0765232],[141.4041831,43.0765905]]}},{"type":"Feature","id":1463640104,"properties":{"osm_id":1463640104,"highway":"cycleway"},"geometry":{"type":"LineString","coordinates":[[141.4179557,43.0662065],[141.4179596,43.0662367],[141.4179772,43.0665668],[141.4179349,43.0671513],[141.4179315,43.0671789],[141.4179343,43.0672363],[141.4179335,43.0672727],[141.4178784,43.0674059],[141.4178541,43.0674475]]}},{"type":"Feature","id":1464273382,"properties":{"osm_id":1464273382,"highway":"cycleway","name":"真駒内茨戸東雁来自転車道線"},"geometry":{"type":"LineString","coordinates":[[141.3026817,43.1411073],[141.3028867,43.1413051],[141.3034706,43.1417615],[141.3048761,43.1426657],[141.3059328,43.1432215],[141.3079767,43.1443331],[141.3090549,43.1449124],[141.309269,43.1450178],[141.3099025,43.1453781],[141.3101922,43.1455112],[141.3105826,43.1456174]]}},{"type":"Feature","id":1464273383,"properties":{"osm_id":1464273383,"crossing":"unmarked","crossing:markings":"no","cycleway":"crossing","highway":"cycleway","name":"真駒内茨戸東雁来自転車道線"},"geometry":{"type":"LineString","coordinates":[[141.3025333,43.1409957],[141.3026164,43.1410581],[141.3026817,43.1411073]]}},{"type":"Feature","id":1473749819,"properties":{"osm_id":1473749819,"bicycle":"designated","foot":"designated","highway":"cycleway","oneway":"no","segregated":"no","surface":"asphalt"},"geometry":{"type":"LineString","coordinates":[[141.4289768,43.0976575],[141.4290511,43.0977118],[141.4293838,43.0980722],[141.4294531,43.0981627],[141.4295586,43.0983134],[141.4296575,43.0984612],[141.429751,43.0985771],[141.4298324,43.0986617],[141.4301692,43.0989679],[141.4305119,43.0994491],[141.4309776,43.099879],[141.4312352,43.1002299],[141.4312885,43.1002973]]}},{"type":"Feature","id":1474085815,"properties":{"osm_id":1474085815,"bicycle":"designated","foot":"designated","highway":"cycleway","oneway":"no","segregated":"no","surface":"asphalt"},"geometry":{"type":"LineString","coordinates":[[141.4344755,43.1041529],[141.4346459,43.1041541],[141.4352745,43.1049261],[141.4352994,43.1049718],[141.4352999,43.105013],[141.4352826,43.1050564],[141.4352542,43.1050872],[141.4351923,43.1051349],[141.4352944,43.1052758]]}},{"type":"Feature","id":1474085841,"properties":{"osm_id":1474085841,"bicycle":"designated","foot":"designated","highway":"cycleway","oneway":"no","segregated":"no","surface":"asphalt"},"geometry":{"type":"LineString","coordinates":[[141.4313173,43.1004145],[141.4314525,43.1004732],[141.4317315,43.1007814],[141.4318109,43.1008747],[141.4318809,43.1009787],[141.4319492,43.1010784],[141.4320327,43.1011773],[141.432143,43.1012826],[141.4322691,43.1014007],[141.4323491,43.1014902],[141.4324694,43.1016393],[141.4324702,43.1017103]]}},{"type":"Feature","id":1478761785,"properties":{"osm_id":1478761785,"bicycle":"designated","foot":"designated","highway":"cycleway","oneway":"no","segregated":"no","surface":"asphalt"},"geometry":{"type":"LineString","coordinates":[[141.4348773,43.1038862],[141.4349481,43.1038585],[141.4347591,43.1036279],[141.4344308,43.1032196],[141.4343406,43.1031177],[141.4341327,43.1029164],[141.4340023,43.1027939],[141.4339264,43.1027142],[141.4338387,43.1026135],[141.4337902,43.1025487],[141.4336458,43.1023488],[141.4335551,43.102228],[141.4334356,43.1020965],[141.4330905,43.1017339],[141.4330256,43.1016641]]}}]}
